subject_id,gender,height_mm,weight_kg,shoulder_mm,chest_mm,waist_mm,hip_mm,jaw_height_mm,front_neck_height_mm,crotch_height_mm,knee_height_mm,ankle_height_mm,torso_shoulder_height_mm,pelvis_point_height_mm,leg_crotch_height_mm,leg_ankle_height_mm
8_SM_000001,F,1657,55.5,366.6,848.0,764,906,1427.3,1350.1,749.5,452.5,66.9,1332.0,889,739,61
8_SM_000002,F,1672,60.0,367.9,862.0,759,949,1430.7,1355.9,783.5,450.9,66.3,1347.0,926,762,65
8_SM_000003,F,1578,47.5,340.7,801.0,637,900,1353.1,1289.3,727.0,428.8,64.9,1263.0,831,701,57
8_SM_000004,F,1573,50.4,313.1,797.0,674,951,1350.7,1294.8,732.4,430.7,57.5,1284.0,861,716,58
8_SM_000005,F,1648,57.1,359.9,822.0,686,950,1422.6,1334.8,749.4,433.6,66.5,1335.0,878,738,66
8_SM_000006,F,1591,51.5,351.2,805.0,701,920,1356.9,1278.7,703.9,406.3,60.4,1242.0,849,696,57
8_SM_000007,F,1681,49.3,367.5,810.0,675,886,1440.3,1364.5,751.9,442.1,59.2,1347.0,901,765,61
8_SM_000008,F,1550,49.1,333.6,826.0,714,895,1316.2,1257.7,722.1,407.3,66.4,1241.0,822,693,60
8_SM_000009,F,1630,65.1,368.7,895.0,845,1002,1291.4,1222.5,640.2,379.7,58.9,1319.0,888,739,66
8_SM_000010,F,1619,67.0,351.1,938.0,771,1032,1367.0,1312.8,732.4,422.6,64.6,1298.0,866,725,63
8_SM_000011,F,1524,66.2,359.5,964.0,875,1029,1290.7,1220.8,639.2,381.1,56.0,1224.0,767,631,58
8_SM_000012,F,1631,50.2,347.6,830.0,654,905,1394.8,1308.0,725.8,424.0,65.9,1309.0,842,720,63
8_SM_000013,F,1630,55.6,355.5,882.0,745,948,1393.2,1334.5,743.2,432.0,66.93,1309.0,867,736,65
8_SM_000014,F,1654,45.5,348.0,813.0,614,860,1413.9,1347.3,753.7,434.1,61.9,1325.0,865,730,63
8_SM_000015,F,1580,51.9,371.2,805.0,732,925,1342.5,1272.4,726.4,409.4,58.4,1281.0,844,713,55
8_SM_000016,F,1602,60.5,352.9,920.0,743,958,1350.7,1294.6,731.8,430.7,64.2,1298.0,857,720,62
8_SM_000017,F,1625,51.6,339.6,815.0,667,900,1384.2,1325.2,747.6,427.9,61.6,1316.0,857,725,66
8_SM_000018,F,1664,47.8,351.1,777.0,635,865,1431.7,1346.9,768.9,426.6,68.1,1326.0,890,753,67
8_SM_000019,F,1591,46.8,353.0,802.0,677,867,1353.1,1293.8,755.5,435.5,65.4,1273.0,857,733,60
8_SM_000020,F,1670,55.3,347.2,811.0,716,914,1436.4,1377.5,765.2,437.2,60.9,1360.0,884,750,61
8_SM_000021,F,1653,56.9,396.4,805.0,740,946,1419.7,1342.0,765.8,435.6,63.0,1302.0,896,742,63
8_SM_000022,F,1665,71.1,374.0,1018.0,838,1010,1437.4,1364.5,765.8,446.5,69.9,1337.0,902,756,65
8_SM_000023,F,1616,45.1,361.5,750.0,675,880,1383.7,1320.9,770.7,445.1,61.7,1299.0,877,750,60
8_SM_000024,F,1659,50.9,339.4,779.0,669,906,1430.5,1362.4,761.6,449.0,61.7,1347.0,909,747,64
8_SM_000025,F,1583,44.6,339.8,727.0,652,860,1339.7,1282.6,721.5,410.6,68.0,1257.0,820,705,61
8_SM_000026,F,1758,61.9,365.7,820.0,687,990,1519.8,1451.7,780.4,461.1,62.0,1426.0,950,783,66
8_SM_000027,F,1644,55.0,352.3,900.0,725,892,1397.6,1344.1,742.2,439.4,60.1,1312.0,854,737,62
8_SM_000028,F,1574,50.0,333.9,825.0,705,892,1341.1,1286.4,734.9,415.9,61.0,1259.0,825,704,60
8_SM_000029,F,1624,54.7,357.0,798.0,707,959,1382.3,1324.3,729.4,416.4,72.9,1305.0,837,717,65
8_SM_000030,F,1565,45.9,321.0,780.0,715,900,1330.3,1268.2,731.8,435.0,64.5,1269.0,843,703,59
8_SM_000031,F,1564,51.9,370.1,869.0,702,947,1355.0,1263.1,703.3,400.5,62.6,1242.0,828,677,58
8_SM_000032,F,1620,48.4,357.0,827.0,639,885,1389.0,1320.7,752.5,436.0,59.0,1318.0,888,736,57
8_SM_000033,F,1706,71.4,377.9,998.0,882,1053,1464.7,1407.6,814.4,479.3,67.6,1370.0,966,804,68
8_SM_000034,F,1633,56.0,333.3,880.0,779,929,1400.9,1326.1,749.4,424.0,62.9,1325.0,872,742,61
8_SM_000035,F,1597,50.9,346.2,789.0,655,936,1351.9,1306.8,721.5,408.5,62.1,1281.0,835,704,66
8_SM_000036,F,1624,49.7,338.5,782.0,644,918,1393.3,1331.0,776.8,444.6,62.2,1308.0,897,754,63
8_SM_000037,F,1604,52.5,365.4,826.0,695,905,1353.3,1316.8,743.8,418.0,62.1,1277.0,855,727,60
8_SM_000038,F,1596,51.2,359.3,848.0,734,914,1360.3,1299.4,681.5,408.0,60.6,1293.0,817,694,58
8_SM_000039,F,1611,53.6,356.4,837.0,732,900,1367.9,1285.9,710.0,402.9,58.89,1290.0,833,693,56
8_SM_000040,F,1603,56.0,348.9,892.0,756,961,1357.8,1312.1,729.3,417.7,61.8,1293.0,849,717,60
8_SM_000041,F,1664,61.3,376.0,935.0,790,950,1417.3,1364.6,804.1,454.0,71.9,1356.0,927,791,70
8_SM_000042,F,1641,57.2,370.5,843.0,723,965,1409.1,1348.7,754.9,424.0,67.1,1337.0,855,726,63
8_SM_000043,F,1650,64.0,378.2,937.0,766,1022,1407.7,1352.5,751.8,433.6,59.6,1337.0,888,740,64
8_SM_000044,F,1633,53.7,355.7,864.0,750,930,1398.1,1329.5,754.1,426.9,68.3,1309.0,876,731,66
8_SM_000045,F,1733,67.3,372.0,975.0,780,977,1496.8,1423.4,822.3,472.9,70.3,1411.0,945,800,69
8_SM_000046,F,1601,48.2,327.9,768.0,670,885,1379.4,1318.5,744.0,436.1,51.4,1298.0,866,722,67
8_SM_000047,F,1628,49.9,370.7,817.0,675,888,1396.7,1328.1,771.3,439.0,61.2,1297.0,885,752,63
8_SM_000048,F,1577,56.4,362.9,860.0,742,944,1342.5,1278.7,706.3,396.2,65.2,1235.0,823,695,62
8_SM_000049,F,1661,60.9,356.9,855.0,746,975,1430.2,1367.9,643.4,441.8,72.2,1336.0,883,760,73
8_SM_000050,F,1575,63.8,361.8,929.0,795,990,1352.6,1304.1,748.8,422.0,65.1,1283.0,864,724,68
8_SM_000051,F,1615,57.8,349.0,905.0,795,940,1377.5,1317.1,754.3,445.5,65.3,1302.0,882,738,65
8_SM_000052,F,1617,48.6,336.0,775.0,632,900,1376.0,1312.7,728.3,424.1,66.1,1318.0,839,710,63
8_SM_000053,F,1771,48.2,346.6,736.0,634,867,1539.5,1446.8,832.3,473.2,66.2,1442.0,950,817,66
8_SM_000054,F,1627,50.1,355.0,798.0,652,921,1389.0,1323.8,754.3,430.7,60.0,1317.0,872,741,59
8_SM_000055,F,1623,51.9,342.6,794.0,732,912,1387.6,1329.7,756.1,434.1,59.3,1328.0,887,748,60
8_SM_000056,F,1603,56.8,344.1,848.0,745,970,1342.5,1276.4,699.7,405.8,61.7,1280.0,834,679,63
8_SM_000057,F,1626,55.4,351.4,905.0,735,955,1373.7,1305.1,734.9,427.1,57.1,1308.0,860,725,53
8_SM_000058,F,1688,66.2,355.4,920.0,810,997,1449.9,1392.8,788.3,459.9,77.5,1377.0,917,775,68
8_SM_000059,F,1640,49.8,353.9,781.0,637,913,1400.0,1326.2,747.6,423.5,59.1,1313.0,880,736,63
8_SM_000060,F,1533,54.8,317.9,905.0,780,948,1399.9,1326.2,748.1,418.8,59.1,1218.0,817,690,65
8_SM_000061,F,1575,42.9,326.2,762.0,666,870,1338.9,1264.4,736.7,411.5,67.4,1268.0,847,710,65
8_SM_000062,F,1556,45.1,333.3,764.0,638,853,1326.4,1267.3,738.5,426.4,66.2,1263.0,841,708,67
8_SM_000063,F,1519,39.3,316.5,759.0,640,835,1286.7,1232.8,698.4,395.3,62.7,1224.0,787,678,58
8_SM_000064,F,1570,47.2,346.3,792.0,678,873,1334.3,1277.8,713.6,411.6,67.6,1267.0,824,704,64
8_SM_000065,F,1648,65.0,358.0,926.0,840,976,1394.8,1338.2,734.9,422.6,61.3,1336.0,871,720,63
8_SM_000066,F,1611,62.2,341.7,928.0,756,965,1381.8,1324.7,768.3,426.9,62.9,1295.0,874,742,64
8_SM_000067,F,1647,53.3,343.5,818.0,702,917,1400.5,1343.4,763.4,427.3,65.1,1328.0,889,738,65
8_SM_000068,F,1681,61.9,357.9,885.0,783,960,1422.5,1359.4,785.8,442.6,70.0,1350.0,912,762,70
8_SM_000069,F,1639,57.7,353.8,840.0,760,960,1404.3,1338.6,758.9,435.0,68.0,1323.0,885,744,67
8_SM_000070,F,1736,64.8,367.6,901.0,787,988,1497.3,1413.9,823.6,458.0,67.0,1387.0,945,797,63
8_SM_000071,F,1605,51.3,344.4,807.0,707,924,1374.0,1305.6,736.1,413.4,64.3,1289.0,837,701,60
8_SM_000072,F,1620,56.8,338.9,855.0,731,925,1379.4,1337.7,762.9,440.5,72.5,1323.0,878,746,68
8_SM_000073,F,1554,35.5,322.1,677.0,615,812,1323.4,1265.8,744.6,414.0,60.0,1242.0,842,730,58
8_SM_000074,F,1605,47.1,323.8,793.0,679,885,1361.7,1306.6,767.7,430.0,63.7,1313.0,872,743,62
8_SM_000075,F,1641,48.6,328.0,823.0,686,890,1389.0,1331.1,780.4,439.0,66.7,1346.0,880,753,63
8_SM_000076,F,1696,58.7,334.2,822.0,758,990,1443.6,1384.4,799.3,446.5,65.0,1370.0,899,774,63
8_SM_000077,F,1679,74.4,357.5,980.0,875,1045,1419.3,1391.1,789.6,463.0,66.2,1370.0,929,770,67
8_SM_000078,F,1608,60.9,348.9,922.0,769,943,1359.3,1305.6,698.4,405.3,55.1,1292.0,826,678,55
8_SM_000079,F,1678,55.4,376.2,870.0,717,915,1429.3,1362.3,751.9,438.5,68.2,1321.0,909,760,67
8_SM_000080,F,1608,55.0,344.1,834.0,692,960,1360.3,1308.4,736.1,418.5,68.3,1297.0,853,711,69
8_SM_000081,F,1605,42.8,375.4,732.0,598,835,1362.2,1282.8,692.6,401.5,56.7,1245.0,815,676,55
8_SM_000082,F,1617,53.1,349.4,836.0,728,942,1362.7,1296.5,745.2,432.5,65.2,1288.0,859,730,65
8_SM_000083,F,1616,59.5,331.2,839.0,777,985,1376.1,1314.2,730.3,408.7,68.6,1303.0,851,711,67
8_SM_000084,F,1689,61.2,375.3,897.0,754,980,1435.5,1384.6,783.5,443.8,68.3,1365.0,909,760,70
8_SM_000085,F,1711,56.4,369.4,835.0,693,956,1466.8,1404.26,778.8,425.6,64.3,1392.0,905,763,65
8_SM_000086,F,1613,50.4,358.7,840.0,710,864,1362.2,1315.2,762.5,436.1,62.6,1312.0,885,744,61
8_SM_000087,F,1656,60.4,359.7,888.0,837,978,1406.3,1345.8,770.7,456.9,74.7,1363.0,901,753,77
8_SM_000088,F,1648,79.7,351.6,1036.0,872,1050,1405.9,1365.9,746.6,443.9,75.4,1359.0,887,734,73
8_SM_000089,F,1624,49.6,335.7,844.0,705,930,1370.0,1320.3,760.9,444.2,61.3,1302.0,880,750,59
8_SM_000090,F,1628,49.4,340.0,829.0,660,877,1381.8,1326.3,763.2,437.8,55.6,1303.0,872,739,67
8_SM_000091,F,1659,62.9,365.4,945.0,786,1015,1419.5,1368.8,755.5,427.4,67.4,1348.0,882,750,70
8_SM_000092,F,1628,53.5,339.7,840.0,755,954,1374.3,1312.6,768.8,439.7,70.1,1305.0,878,772,67
8_SM_000093,F,1692,67.5,407.7,947.0,825,1000,1449.4,1391.3,788.6,453.6,62.4,1376.0,914,780,64
8_SM_000094,F,1560,53.8,310.5,850.0,728,938,1330.1,1270.3,688.7,399.8,65.2,1262.0,807,676,62
8_SM_000095,F,1660,47.2,359.7,772.0,655,873,1417.8,1354.1,791.4,446.4,71.0,1340.0,896,774,69
8_SM_000096,F,1648,56.3,335.9,865.0,800,934,1408.7,1337.2,782.0,443.4,70.1,1343.0,907,766,69
8_SM_000097,F,1626,50.3,345.4,795.0,698,948,1387.1,1328.7,753.1,430.7,56.6,1344.0,859,733,53
8_SM_000098,F,1743,73.6,377.5,1085.0,957,976,1470.5,1433.8,821.5,489.3,67.4,1432.0,931,810,70
8_SM_000099,F,1728,59.3,366.2,845.0,752,963,1476.7,1423.4,821.1,461.5,68.4,1402.0,943,803,67
8_SM_000100,F,1684,51.3,363.8,803.0,657,913,1433.9,1371.3,778.8,442.8,63.4,1358.0,910,765,63
8_SM_000101,F,1659,54.4,350.0,830.0,752,916,1415.8,1354.5,774.4,442.5,63.8,1353.0,908,765,65
8_SM_000102,F,1626,56.8,345.4,801.0,719,960,1381.3,1328.1,764.6,426.4,66.4,1299.0,872,740,67
8_SM_000103,F,1638,67.0,347.6,1015.0,827,994,1376.1,1324.7,761.0,425.2,66.8,1338.0,882,757,66
8_SM_000104,F,1649,53.7,342.3,838.0,665,920,1405.8,1338.2,762.8,430.7,66.5,1334.0,886,746,67
8_SM_000105,F,1620,46.7,349.9,692.0,665,903,1387.6,1316.1,747.3,420.2,61.7,1290.0,852,737,65
8_SM_000106,F,1749,75.5,351.7,932.0,862,1035,1480.5,1445.8,821.1,455.5,76.0,1434.0,930,799,72
8_SM_000107,F,1632,47.0,342.6,796.0,644,892,1391.9,1308.0,746.4,412.5,58.5,1284.0,859,725,60
8_SM_000108,F,1608,53.5,330.9,820.0,755,982,1361.2,1303.7,724.1,414.6,63.4,1280.0,855,706,63
8_SM_000109,F,1649,58.2,337.6,866.0,746,978,1412.5,1353.5,771.3,436.0,70.8,1349.0,899,753,70
8_SM_000110,F,1552,45.1,325.9,725.0,670,873,1318.8,1267.8,712.3,406.0,60.7,1239.0,811,682,59
8_SM_000111,F,1662,49.1,335.1,779.0,693,926,1424.0,1351.1,770.5,427.3,60.0,1335.0,905,756,65
8_SM_000112,F,1558,54.5,336.5,836.0,710,945,1320.0,1264.4,708.7,394.3,64.3,1245.0,805,683,63
8_SM_000113,F,1545,47.5,321.3,802.0,712,905,1298.9,1245.7,699.0,389.4,59.9,1228.0,827,689,63
8_SM_000114,F,1657,52.2,366.2,857.0,667,903,1409.6,1350.6,772.5,442.0,62.4,1352.0,898,756,61
8_SM_000115,F,1542,53.0,335.7,853.0,768,954,1316.2,1245.2,691.8,378.5,63.9,1242.0,790,659,60
8_SM_000116,F,1647,59.0,378.5,897.0,762,922,1400.0,1348.7,753.7,427.2,70.0,1312.0,888,736,69
8_SM_000117,F,1584,48.5,338.4,816.0,777,914,1341.6,1278.7,708.7,411.8,67.0,1263.0,832,688,65
8_SM_000118,F,1659,61.6,351.6,937.0,845,949,1420.2,1354.0,747.6,429.3,70.1,1355.0,859,733,68
8_SM_000119,F,1632,80.5,386.3,1039.0,950,1028,1381.3,1338.2,728.8,420.9,60.9,1314.0,828,723,63
8_SM_000120,F,1645,60.5,348.9,869.0,788,964,1393.6,1349.7,764.4,435.2,71.8,1334.0,871,751,71
8_SM_000121,F,1538,61.0,336.1,918.0,840,1005,1298.0,1251.0,703.9,411.0,73.9,1253.0,847,693,69
8_SM_000122,F,1482,55.2,327.1,900.0,783,963,1247.5,1206.6,682.4,385.2,63.4,1196.0,781,676,62
8_SM_000123,F,1667,58.3,344.8,869.0,730,980,1420.2,1352.5,790.1,448.9,67.1,1338.0,914,767,66
8_SM_000124,F,1604,60.1,348.9,926.0,819,1005,1367.9,1299.8,716.0,408.3,66.7,1273.0,841,686,63
8_SM_000125,F,1615,49.7,342.3,767.0,692,910,1360.3,1287.9,753.7,417.8,61.2,1263.0,881,737,57
8_SM_000126,F,1640,59.6,342.5,811.0,745,970,1375.1,1331.9,754.3,412.0,71.2,1305.0,848,727,72
8_SM_000127,F,1613,58.7,333.9,925.0,825,978,1354.5,1297.4,727.6,412.0,63.8,1269.0,855,700,63
8_SM_000128,F,1640,57.9,359.7,880.0,743,967,1373.7,1331.5,793.2,445.4,67.4,1313.0,883,749,65
8_SM_000129,F,1654,47.6,373.0,820.0,705,841,1407.2,1342.5,776.8,447.5,62.4,1310.0,905,768,60
8_SM_000130,F,1617,57.4,357.1,905.0,758,951,1361.4,1311.7,742.1,439.2,70.2,1284.0,866,726,65
8_SM_000131,F,1637,61.0,354.6,875.0,759,1025,1381.3,1338.2,723.9,428.8,66.8,1320.0,855,722,63
8_SM_000132,F,1729,54.4,374.3,790.0,687,911,1458.4,1397.3,819.0,457.5,67.7,1384.0,934,800,67
8_SM_000133,F,1620,67.2,347.4,943.0,865,998,1376.6,1315.6,760.4,426.9,62.7,1286.0,895,739,60
8_SM_000134,F,1592,51.3,343.8,860.0,745,914,1341.6,1292.2,738.5,414.6,57.6,1271.0,857,715,58
8_SM_000135,F,1738,77.8,383.7,919.0,842,1090,1476.7,1409.6,784.7,447.5,73.7,1393.0,918,770,75
8_SM_000136,F,1609,44.5,350.9,750.0,659,885,1360.7,1318.0,750.7,425.5,60.5,1289.0,855,718,62
8_SM_000137,F,1686,54.8,361.4,808.0,723,914,1378.9,1392.4,797.6,451.9,66.8,1368.0,936,793,65
8_SM_000138,F,1589,57.7,348.6,869.0,759,969,1338.2,1304.6,752.4,433.1,68.0,1282.0,860,735,68
8_SM_000139,F,1684,59.2,363.6,877.0,725,939,1434.5,1385.6,802.9,459.6,63.6,1354.0,923,789,69
8_SM_000140,F,1603,53.0,348.7,815.0,682,921,1351.2,1295.5,719.1,413.9,64.5,1275.0,857,718,63
8_SM_000141,F,1671,70.5,365.0,936.0,833,1038,1419.5,1370.5,785.9,446.9,72.2,1344.0,910,773,69
8_SM_000142,F,1518,50.5,297.2,838.0,770,912,1270.3,1242.5,683.7,406.6,68.4,1233.0,792,673,65
8_SM_000143,F,1531,43.1,316.9,756.0,640,856,1285.2,1233.3,731.1,395.6,62.7,1226.0,815,695,57
8_SM_000144,F,1587,46.2,338.4,767.0,675,913,1335.0,1282.1,741.7,421.5,60.9,1280.0,860,722,56
8_SM_000145,F,1629,59.1,344.2,943.0,831,950,1386.1,1336.0,791.7,470.0,71.0,1326.0,921,772,69
8_SM_000146,F,1511,60.8,372.6,930.0,910,988,1265.1,1223.9,674.4,386.3,61.0,1205.0,814,670,57
8_SM_000147,F,1666,63.1,355.4,878.0,787,958,1410.6,1375.5,762.6,432.4,64.3,1348.0,888,747,62
8_SM_000148,F,1585,56.9,360.8,956.0,800,891,1335.8,1275.7,707.0,403.6,65.5,1266.0,831,693,63
8_SM_000149,F,1595,60.5,343.8,885.0,782,950,1344.0,1310.0,710.6,415.9,63.2,1285.0,841,710,64
8_SM_000150,F,1609,66.4,348.5,958.0,912,978,1369.8,1311.3,743.4,422.6,64.8,1296.0,828,719,63
8_SM_000151,F,1590,51.3,324.6,790.0,737,932,1331.5,1304.6,714.2,420.5,61.4,1283.0,853,702,60
8_SM_000152,F,1610,71.2,356.2,986.0,988,1040,1351.6,1296.5,723.7,418.9,64.3,1304.0,867,714,67
8_SM_000153,F,1637,71.2,357.6,1005.0,956,1010,1378.0,1337.7,711.2,430.5,70.99,1320.0,844,708,71
8_SM_000154,F,1552,53.9,349.5,847.0,747,982,1297.8,1259.5,709.2,403.4,59.5,1247.0,829,697,57
8_SM_000155,F,1636,53.2,376.6,822.0,689,924,1387.6,1338.6,784.1,446.9,69.0,1300.0,892,761,68
8_SM_000156,F,1677,55.2,363.3,825.0,703,963,1427.3,1371.2,776.2,426.9,57.5,1350.0,901,765,58
8_SM_000157,F,1609,54.0,366.7,847.0,705,910,1354.5,1311.3,761.4,423.8,59.5,1307.0,866,747,55
8_SM_000158,F,1697,68.1,,898.0,809,1049,,,,,,1376.0,913,776,64
8_SM_000159,F,1670,50.1,338.6,765.0,642,920,1421.0,1356.9,783.6,436.5,63.1,1352.0,884,764,63
8_SM_000160,F,1704,55.2,356.1,823.0,713,918,1440.3,1391.3,801.3,439.1,64.7,1378.0,933,788,66
8_SM_000161,F,1695,62.3,368.1,869.0,828,1004,1447.3,1386.0,685.2,449.2,69.6,1371.0,919,772,64
8_SM_000162,F,1630,53.8,357.5,837.0,773,940,1365.1,1307.5,737.3,411.9,65.0,1329.0,859,712,63
8_SM_000163,F,1671,58.1,339.0,883.0,707,978,1427.9,1364.5,768.1,444.2,66.9,1365.0,882,746,65
8_SM_000164,F,1609,65.0,334.6,905.0,793,999,1366.8,1318.0,726.5,402.3,62.8,1304.0,836,706,61
8_SM_000165,F,1582,48.9,361.5,785.0,698,918,1323.8,1277.7,721.5,406.4,64.4,1291.0,833,697,63
8_SM_000166,F,1573,77.4,356.7,998.0,900,1119,1336.8,1284.0,683.3,416.6,72.0,1286.0,832,675,71
8_SM_000167,F,1608,59.6,346.5,880.0,835,988,1367.9,1309.3,741.3,413.7,66.4,1302.0,869,724,62
8_SM_000168,F,1592,45.3,334.0,767.0,626,858,1345.6,1288.1,737.1,413.2,63.6,1271.0,849,727,64
8_SM_000169,F,1676,64.0,364.7,947.0,774,955,1441.9,1381.1,754.6,446.5,69.1,1377.0,912,745,66
8_SM_000170,F,1512,51.2,317.0,813.0,744,957,1266.4,1224.2,694.8,392.1,62.4,1198.0,797,675,61
8_SM_000171,F,1539,42.5,322.0,794.0,651,825,1290.0,1253.7,728.4,414.6,59.7,1252.0,827,720,60
8_SM_000172,F,1543,56.7,330.1,868.0,848,970,1294.6,1266.5,695.4,408.5,60.1,1265.0,827,685,57
8_SM_000173,F,1654,55.6,366.2,819.0,765,965,1399.3,1349.3,765.2,438.8,65.0,1341.0,902,759,63
8_SM_000174,F,1571,63.3,342.3,964.0,872,971,1329.6,1275.7,717.3,429.7,69.1,1258.0,841,714,67
8_SM_000175,F,1544,41.6,349.8,772.0,659,840,1300.1,1249.5,733.5,405.5,66.9,1248.0,827,711,60
8_SM_000176,F,1534,44.3,339.7,780.0,649,885,1302.8,1263.9,706.9,399.4,61.2,1226.0,809,699,57
8_SM_000177,F,1742,52.1,370.8,795.0,746,882,1497.8,1428.2,821.9,457.1,67.41,1423.0,940,815,65
8_SM_000178,F,1621,57.1,330.9,900.0,773,965,1378.9,1338.2,754.4,434.9,66.8,1333.0,872,740,65
8_SM_000179,F,1613,63.4,342.1,855.0,801,1017,1371.8,1299.8,714.7,399.0,62.8,1299.0,818,700,64
8_SM_000180,F,1635,48.6,338.1,774.0,710,913,1396.2,1336.6,762.8,425.0,65.9,1331.0,883,746,67
8_SM_000181,F,1694,51.4,366.8,780.0,685,916,1450.8,1386.6,784.7,439.5,63.0,1369.0,880,770,66
8_SM_000182,F,1602,71.3,350.9,986.0,855,1082,1363.6,1312.3,724.5,429.5,68.8,1298.0,865,718,68
8_SM_000183,F,1652,72.1,359.9,944.0,863,1032,1404.9,1348.7,781.4,432.8,64.9,1333.0,891,763,63
8_SM_000184,F,1700,72.6,369.0,925.0,870,1020,1446.0,1405.7,828.2,456.0,61.5,1381.0,930,791,68
8_SM_000185,F,1683,56.1,361.0,850.0,732,938,1447.9,1376.0,797.2,446.6,69.2,1350.0,916,781,61
8_SM_000186,F,1651,56.6,356.6,838.0,721,962,1410.1,1350.6,787.7,426.2,64.1,1343.0,884,750,64
8_SM_000187,F,1650,75.5,354.6,983.0,904,1118,1418.2,1361.6,737.4,434.6,66.9,1342.0,885,725,64
8_SM_000188,F,1651,62.7,357.9,931.0,798,959,1409.1,1345.3,763.5,413.0,68.3,1321.0,856,735,65
8_SM_000189,F,1750,88.2,356.8,1058.0,1058,1078,1499.2,1425.4,778.6,446.5,72.2,1421.0,911,774,74
8_SM_000190,F,1658,55.3,341.6,824.0,740,896,1424.9,1346.8,773.6,436.1,78.1,1342.0,900,760,74
8_SM_000191,F,1655,58.1,335.9,871.0,758,953,1416.8,1353.2,774.3,453.8,71.3,1338.0,897,761,67
8_SM_000192,F,1703,69.7,357.3,959.0,841,1019,1459.9,1387.0,790.7,469.7,70.9,1370.0,913,785,68
8_SM_000193,F,1608,52.1,341.1,830.0,705,908,1373.9,1308.0,721.2,415.4,62.7,1301.0,849,705,61
8_SM_000194,F,1624,49.7,338.8,837.0,693,869,1386.1,1319.5,739.1,410.6,64.4,1302.0,854,723,61
8_SM_000195,F,1646,51.0,350.9,793.0,692,900,1410.9,1349.7,791.4,449.5,60.1,1337.0,917,783,59
8_SM_000196,F,1645,54.4,338.7,873.0,758,925,1399.6,1335.3,767.8,453.8,73.0,1336.0,895,756,69
8_SM_000197,F,1608,51.2,346.8,797.0,753,910,1383.6,1310.4,724.8,422.0,63.0,1306.0,850,716,63
8_SM_000198,F,1612,61.0,343.4,900.0,807,975,1388.5,1323.3,739.7,427.6,66.3,1306.0,884,725,64
8_SM_000199,F,1568,61.3,323.9,892.0,725,1002,1340.1,1285.9,689.4,395.1,64.8,1278.0,822,670,66
8_SM_000200,F,1609,55.3,343.6,863.0,784,938,1381.8,1326.2,784.3,442.5,63.4,1293.0,895,769,64
8_SM_000201,F,1628,47.4,351.9,785.0,709,900,1387.1,1339.1,781.0,436.1,61.8,1321.0,880,755,58
8_SM_000202,F,1589,40.3,345.8,720.0,630,836,1353.6,1292.2,732.6,413.3,67.4,1282.0,851,722,63
8_SM_000203,F,1580,44.2,340.9,795.0,657,863,1352.4,1288.8,726.9,405.6,57.3,1279.0,835,716,56
8_SM_000204,F,1683,53.1,350.3,822.0,650,945,1449.7,1384.6,808.4,464.8,73.4,1380.0,939,800,72
8_SM_000205,F,1688,50.3,329.0,810.0,672,915,1456.1,1380.8,783.5,443.3,65.3,1372.0,900,777,63
8_SM_000206,F,1632,59.5,348.5,874.0,740,983,1392.7,1337.2,764.2,444.9,64.3,1304.0,887,760,61
8_SM_000207,F,1634,59.7,362.2,845.0,790,990,1396.2,1319.5,744.6,426.6,66.7,1293.0,856,733,65
8_SM_000208,F,1619,49.7,343.6,800.0,695,908,1371.2,1310.9,754.3,431.8,65.5,1293.0,879,748,63
8_SM_000209,F,1559,43.7,308.9,763.0,629,863,1308.5,1264.1,719.9,387.6,56.2,1243.0,813,698,56
8_SM_000210,F,1639,65.2,345.6,958.0,791,954,1385.7,1343.9,744.6,435.4,62.47,1330.0,868,732,59
8_SM_000211,F,1641,57.6,331.2,868.0,823,931,1407.7,1342.5,756.0,430.1,61.0,1333.0,874,744,63
8_SM_000212,F,1594,53.7,307.9,855.0,716,921,1356.9,1301.3,731.8,420.7,52.9,1295.0,853,717,61
8_SM_000213,F,1640,51.3,362.3,820.0,681,905,1398.1,1345.8,776.8,436.0,61.9,1314.0,903,769,59
8_SM_000214,F,1614,60.2,346.7,865.0,865,953,1381.8,1339.6,749.4,428.3,60.0,1315.0,889,744,60
8_SM_000215,F,1623,80.3,341.3,1052.0,999,1093,1385.7,1328.9,735.5,432.6,68.9,1338.0,875,732,68
8_SM_000216,F,1608,48.2,323.2,795.0,645,890,1367.7,1309.4,714.1,395.1,57.4,1308.0,812,702,58
8_SM_000217,F,1680,58.8,341.8,859.0,747,949,1435.2,1379.8,783.6,450.4,69.8,1365.0,899,770,72
8_SM_000218,F,1479,56.4,339.3,939.0,864,956,1245.3,1197.8,645.0,374.3,60.4,1187.0,772,637,56
8_SM_000219,F,1737,73.9,392.5,959.0,836,1070,1478.6,1415.3,778.2,450.4,66.0,1377.0,901,753,63
8_SM_000220,F,1579,48.6,319.6,825.0,709,874,1346.2,1287.4,723.3,418.4,59.0,1285.0,838,693,52
8_SM_000221,F,1714,61.9,373.9,830.0,767,995,1459.0,1397.2,770.4,462.8,70.8,1358.0,895,760,70
8_SM_000222,F,1614,60.2,338.2,873.0,764,976,1389.0,1318.0,771.9,426.0,70.4,1280.0,872,735,63
8_SM_000223,F,1701,66.8,368.5,919.0,795,1002,1464.5,1402.4,761.0,458.1,65.9,1386.0,913,749,64
8_SM_000224,F,1650,56.5,345.2,861.0,736,933,1405.8,1344.9,775.6,450.6,64.0,1324.0,895,759,64
8_SM_000225,F,1619,49.1,329.9,796.0,700,914,1382.8,1322.4,759.6,438.7,70.3,1309.0,870,741,63
8_SM_000226,F,1610,52.5,347.8,771.0,691,939,1371.1,1309.9,754.3,421.0,66.5,1277.0,853,721,65
8_SM_000227,F,1554,65.3,317.9,949.0,883,1005,1331.5,1270.9,691.6,395.1,64.3,1260.0,813,674,62
8_SM_000228,F,1610,51.5,346.6,837.0,766,965,1386.1,1322.4,754.0,441.9,67.4,1298.0,887,752,66
8_SM_000229,F,1553,60.1,332.1,919.0,750,984,1305.6,1264.9,716.2,406.1,76.2,1240.0,834,710,59
8_SM_000230,F,1644,58.1,328.9,824.0,800,957,1418.7,1331.0,772.6,445.0,68.2,1332.0,885,750,64
8_SM_000231,F,1582,40.2,334.6,703.0,611,840,1354.5,1285.4,743.2,408.7,60.6,1264.0,845,720,56
8_SM_000232,F,1618,60.3,357.1,880.0,797,966,1387.8,1313.2,742.1,427.6,57.3,1301.0,857,723,62
8_SM_000233,F,1563,42.8,341.0,752.0,640,851,1327.7,1267.7,727.7,412.6,64.0,1256.0,840,715,62
8_SM_000234,F,1707,61.5,352.0,826.0,734,991,1472.4,1396.6,745.9,425.6,59.7,1363.0,886,736,58
8_SM_000235,F,1621,72.1,363.9,963.0,878,1055,1375.8,1331.6,762.8,429.0,62.6,1310.0,869,738,63
8_SM_000236,F,1635,57.7,358.6,907.0,778,918,1388.1,1313.8,759.0,423.1,60.7,1289.0,856,732,59
8_SM_000237,F,1682,59.4,341.6,897.0,782,939,1443.1,1369.0,781.3,434.5,72.0,1372.0,911,764,69
8_SM_000238,F,1749,72.8,336.1,1001.0,860,1010,1506.3,1448.3,831.7,469.8,68.2,1442.0,960,807,66
8_SM_000239,F,1591,49.9,313.2,789.0,657,889,1362.2,1305.2,718.1,409.4,63.8,1298.0,830,701,66
8_SM_000240,F,1540,50.4,318.5,824.0,679,925,1306.9,1242.6,702.6,399.6,64.4,1238.0,816,672,61
8_SM_000241,F,1666,51.3,339.3,775.0,735,910,1423.0,1355.9,768.9,430.5,62.7,1333.0,902,763,62
8_SM_000242,F,1665,54.2,329.2,801.0,679,930,1419.2,1352.5,773.6,437.7,63.4,1330.0,876,753,62
8_SM_000243,F,1631,58.1,344.2,883.0,789,913,1395.7,1337.7,741.7,429.7,71.2,1331.0,862,729,65
8_SM_000244,F,1663,62.0,348.0,874.0,748,950,1425.9,1371.2,786.5,450.4,64.0,1369.0,908,773,64
8_SM_000245,F,1612,61.6,342.7,889.0,778,1010,1370.2,1314.2,715.0,425.9,66.2,1290.0,859,697,63
8_SM_000246,F,1607,56.7,319.0,923.0,824,922,1373.6,1303.2,728.0,407.6,62.1,1318.0,852,715,59
8_SM_000247,F,1635,55.5,347.6,838.0,710,938,1405.4,1342.8,764.6,443.6,63.0,1308.0,892,745,63
8_SM_000248,F,1560,49.6,339.3,792.0,686,906,1325.3,1248.1,720.0,392.8,57.1,1225.0,829,700,58
8_SM_000249,F,1634,48.8,332.9,784.0,697,892,1387.6,1320.3,760.2,423.9,61.9,1318.0,895,751,64
8_SM_000250,F,1611,49.9,344.4,815.0,721,880,1370.4,1315.7,742.8,418.4,68.4,1301.0,883,732,65
8_SM_000251,F,1605,45.7,326.5,772.0,648,872,1370.5,1303.2,731.8,406.6,62.5,1292.0,845,724,60
8_SM_000252,F,1633,52.8,334.9,817.0,687,944,1397.7,1317.7,745.3,406.9,52.8,1318.0,863,726,58
8_SM_000253,F,1544,60.8,289.3,899.0,890,1026,1322.9,1260.9,720.4,428.1,63.6,1294.0,848,718,62
8_SM_000254,F,1542,48.7,324.6,842.0,704,880,1310.0,1251.7,723.1,395.3,60.5,1237.0,809,690,55
8_SM_000255,F,1630,50.8,344.2,780.0,695,927,1391.4,1325.7,748.6,421.6,59.5,1302.0,870,735,58
8_SM_000256,F,1628,54.3,322.5,808.0,725,946,1383.7,1319.0,739.7,413.8,65.9,1305.0,880,736,62
8_SM_000257,F,1567,55.8,313.1,835.0,780,955,1334.9,1277.7,742.5,414.9,63.4,1275.0,843,715,63
8_SM_000258,F,1579,52.7,324.0,834.0,705,919,1332.8,1297.9,755.0,435.4,68.3,1287.0,883,756,69
8_SM_000259,F,1724,82.7,364.4,1010.0,973,1110,1471.4,1423.4,801.9,462.1,72.0,1410.0,951,799,68
8_SM_000260,F,1552,50.1,334.6,841.0,667,913,1326.2,1268.7,722.2,407.6,68.7,1258.0,837,707,67
8_SM_000261,F,1609,50.2,301.9,819.0,687,913,1369.7,1312.8,750.9,424.8,65.5,1298.0,877,744,63
8_SM_000262,F,1609,64.6,,958.0,899,1027,,,,,,1312.0,844,712,61
8_SM_000263,F,1603,59.9,332.1,855.0,830,983,1374.8,1312.3,722.8,411.8,58.8,1305.0,846,715,62
8_SM_000264,F,1559,65.6,329.4,965.0,878,1006,1321.8,1258.3,683.7,393.9,57.0,1245.0,819,672,60
8_SM_000265,F,1669,52.5,305.2,747.0,696,954,1413.1,1351.9,770.9,430.2,63.3,1345.0,884,757,63
8_SM_000266,F,1583,52.4,339.9,793.0,743,926,1358.3,1287.9,746.3,428.0,64.1,1265.0,856,736,61
8_SM_000267,F,1714,63.8,364.5,852.0,775,1022,1471.4,1403.8,792.2,444.9,66.6,1389.0,932,790,64
8_SM_000268,F,1650,57.4,355.8,873.0,728,952,1410.6,1343.8,769.5,440.5,62.6,1319.0,902,749,63
8_SM_000269,F,1635,72.7,344.1,1046.0,928,1030,1408.7,1337.2,728.6,425.4,66.7,1322.0,871,726,66
8_SM_000270,F,1682,66.1,369.4,898.0,795,1031,1434.0,1386.1,791.5,459.8,75.8,1363.0,905,778,69
8_SM_000271,F,1549,49.0,322.7,850.0,687,892,1322.3,1263.4,706.2,415.3,62.5,1253.0,843,701,59
8_SM_000272,F,1545,41.2,320.8,758.0,648,824,1309.2,1246.6,720.9,416.0,66.5,1218.0,832,705,61
8_SM_000273,F,1645,47.8,334.0,750.0,697,886,1421.1,1349.2,780.4,440.5,67.88,1338.0,905,772,65
8_SM_000274,F,1609,53.0,346.1,791.0,738,960,1381.3,1303.2,748.9,416.8,67.4,1289.0,864,724,63
8_SM_000275,F,1621,75.7,349.3,983.0,950,1060,1383.7,1311.2,734.9,413.6,71.1,1305.0,855,719,69
8_SM_000276,F,1587,49.4,335.9,842.0,737,887,1357.4,1281.6,714.8,399.1,66.1,1268.0,817,694,60
8_SM_000277,F,1589,44.8,322.3,799.0,740,827,1369.8,1285.9,737.5,425.6,65.3,1299.0,856,733,62
8_SM_000278,F,1657,59.2,349.4,884.0,796,965,1412.5,1354.0,773.3,430.0,65.4,1327.0,874,749,60
8_SM_000279,F,1553,45.7,319.8,799.0,700,871,1321.5,1247.1,709.0,401.3,60.6,1234.0,825,699,61
8_SM_000280,F,1671,54.6,337.6,800.0,717,944,1427.1,1364.2,766.4,445.3,63.9,1342.0,897,746,63
8_SM_000281,F,1609,58.3,321.7,905.0,759,963,1378.0,1317.1,722.5,410.8,62.7,1297.0,848,708,58
8_SM_000282,F,1506,63.6,311.0,965.0,848,985,1272.8,1232.3,690.5,387.9,55.6,1236.0,801,678,55
8_SM_000283,F,1631,78.9,354.3,979.0,1033,1130,1397.6,1334.3,731.9,418.8,62.7,1301.0,839,721,66
8_SM_000284,F,1678,60.1,338.2,837.0,835,960,1450.6,1392.6,807.5,454.1,69.0,1373.0,931,797,68
8_SM_000285,F,1717,67.9,334.8,925.0,842,990,1477.2,1405.7,806.2,460.2,70.1,1410.0,924,784,68
8_SM_000286,F,1599,55.1,370.0,872.0,755,918,1380.8,1323.3,742.1,428.4,62.7,1325.0,871,730,60
8_SM_000287,F,1650,64.4,347.4,944.0,848,1034,1408.2,1358.8,803.9,471.9,72.5,1351.0,938,792,66
8_SM_000288,F,1595,70.4,347.7,1003.0,890,1009,1358.7,1291.8,720.5,419.4,65.7,1292.0,841,710,62
8_SM_000289,F,1591,85.3,341.5,1100.0,1030,1118,1360.6,1308.8,719.5,420.6,56.6,1286.0,837,719,57
8_SM_000290,F,1552,43.9,314.5,789.0,717,856,1323.3,1254.1,733.0,429.4,62.9,1247.0,835,721,61
8_SM_000291,F,1568,77.8,302.4,1037.0,911,1058,1318.6,1273.9,694.9,401.0,69.7,1281.0,791,689,69
8_SM_000292,F,1678,66.0,338.7,941.0,850,950,1440.3,1377.9,770.7,447.1,67.19,1354.0,892,765,63
8_SM_000293,F,1569,73.2,334.2,1037.0,954,1033,1326.2,1276.4,698.4,392.3,63.1,1280.0,798,688,64
8_SM_000294,F,1604,48.6,331.1,810.0,695,871,1369.4,1308.5,750.9,420.3,58.7,1279.0,855,737,59
8_SM_000295,F,1630,56.3,335.5,866.0,768,921,1395.5,1331.1,764.8,430.0,68.0,1305.0,878,755,65
8_SM_000296,F,1673,57.1,342.3,809.0,750,956,1424.5,1357.8,794.1,449.1,69.6,1346.0,926,782,68
8_SM_000297,F,1600,52.3,349.9,859.0,774,910,1372.8,1309.2,738.5,419.6,65.4,1291.0,861,723,62
8_SM_000298,F,1533,55.0,359.6,870.0,765,919,1303.2,1249.0,714.0,392.9,52.6,1229.0,827,697,53
8_SM_000299,F,1633,55.7,316.3,856.0,778,939,1395.7,1333.8,770.7,427.2,67.2,1321.0,898,753,64
8_SM_000300,F,1549,54.7,312.6,847.0,794,965,1329.6,1267.7,736.6,411.2,64.6,1256.0,847,705,62
8_SM_000301,F,1605,65.0,316.3,934.0,886,988,1364.0,1314.9,703.5,416.2,66.8,1293.0,845,699,68
8_SM_000302,F,1678,68.8,344.2,948.0,940,1030,1436.9,1364.5,782.3,443.8,69.1,1362.0,906,778,68
8_SM_000303,F,1642,63.1,336.1,875.0,826,975,1398.6,1334.3,733.0,429.5,67.6,1319.0,870,722,68
8_SM_000304,F,1485,50.3,332.8,875.0,717,915,1264.3,1200.8,704.1,389.6,65.7,1177.0,810,677,64
8_SM_000305,F,1691,56.6,353.5,838.0,765,969,1464.7,1374.1,779.7,437.7,72.0,1366.0,905,762,71
8_SM_000306,F,1708,50.6,353.4,814.0,698,930,1459.3,1396.9,833.9,469.7,72.2,1383.0,958,823,71
8_SM_000307,F,1605,75.0,356.8,1019.0,955,1023,1353.1,1310.7,714.3,419.0,74.1,1275.0,854,710,73
8_SM_000308,F,1618,50.6,346.4,781.0,722,956,1389.9,1304.7,740.2,418.8,66.7,1297.0,866,725,65
8_SM_000309,F,1603,61.7,333.3,893.0,815,980,1362.5,1304.4,732.3,410.6,70.7,1286.0,862,717,64
8_SM_000310,F,1601,53.2,348.2,820.0,731,937,1386.1,1315.4,743.9,414.2,63.1,1293.0,863,727,60
8_SM_000311,F,1612,46.0,314.7,751.0,661,844,1382.0,1327.0,736.9,417.7,63.5,1293.0,863,727,59
8_SM_000312,F,1726,80.9,370.9,936.0,927,1125,1469.1,1398.3,776.0,452.3,67.8,1388.0,938,765,65
8_SM_000313,F,1584,61.7,317.6,935.0,840,943,1351.2,1298.7,733.8,402.8,69.6,1273.0,840,704,64
8_SM_000314,F,1652,51.9,337.1,776.0,654,917,1410.9,1357.6,755.3,427.8,60.2,1331.0,881,743,58
8_SM_000315,F,1699,60.2,351.3,849.0,764,948,1455.6,1406.0,804.3,455.9,67.5,1388.0,941,791,65
8_SM_000316,F,1627,51.0,326.5,801.0,719,927,1398.2,1328.4,741.4,428.6,64.3,1309.0,871,734,63
8_SM_000317,F,1598,63.4,343.8,880.0,770,995,1368.4,1300.5,718.7,410.5,70.9,1276.0,839,715,66
8_SM_000318,F,1691,53.7,342.8,803.0,709,913,1438.9,1376.0,794.8,456.8,73.1,1368.0,917,774,72
8_SM_000319,F,1550,48.0,344.5,794.0,700,888,1309.6,1263.5,718.9,404.7,62.7,1227.0,840,707,60
8_SM_000320,F,1558,62.1,333.4,920.0,867,1008,1331.3,1278.6,694.3,406.0,67.7,1248.0,824,692,62
8_SM_000321,F,1556,62.8,336.2,932.0,890,990,1316.3,1275.3,716.7,392.8,62.5,1252.0,828,702,59
8_SM_000322,F,1628,57.5,327.9,855.0,763,949,1389.4,1326.0,759.5,433.9,68.5,1323.0,878,751,69
8_SM_000323,F,1619,60.3,326.1,837.0,815,1004,1392.5,1330.4,784.5,461.4,69.5,1327.0,895,772,64
8_SM_000324,F,1590,55.1,322.3,820.0,810,938,1347.6,1293.7,721.5,411.2,60.2,1275.0,838,709,58
8_SM_000325,F,1502,47.9,308.2,834.0,747,886,1269.7,1210.0,700.5,382.4,62.1,1204.0,784,664,60
8_SM_000326,F,1637,67.6,348.5,982.0,863,999,1375.3,1321.8,749.0,432.9,66.7,1306.0,890,737,66
8_SM_000327,F,1676,52.7,346.0,807.0,695,910,1431.2,1362.1,781.9,442.2,67.5,1342.0,924,773,66
8_SM_000328,F,1565,73.0,329.4,1099.0,995,1000,1330.5,1273.9,677.3,394.2,65.1,1273.0,795,678,66
8_SM_000329,F,1663,60.1,365.6,881.0,774,973,1426.0,1372.2,788.9,457.4,65.2,1341.0,920,780,62
8_SM_000330,F,1663,51.7,338.7,775.0,664,920,1425.3,1351.5,749.2,426.6,63.7,1329.0,873,737,60
8_SM_000331,F,1542,52.8,320.0,825.0,760,929,1312.6,1258.6,712.7,411.8,72.2,1239.0,816,690,67
8_SM_000332,F,1642,54.6,324.6,815.0,717,934,1396.2,1349.4,756.9,430.5,63.7,1335.0,881,742,58
8_SM_000333,F,1717,66.6,376.6,895.0,793,973,1473.7,1402.7,818.4,445.8,66.3,1394.0,929,788,66
8_SM_000334,F,1702,64.5,346.9,882.0,790,1030,1454.9,1383.2,780.5,438.5,66.9,1372.0,902,773,65
8_SM_000335,F,1706,71.7,349.6,923.0,912,1039,1462.4,1392.9,804.9,461.9,73.6,1373.0,934,791,66
8_SM_000336,F,1770,76.3,370.1,899.0,905,1031,1512.7,1454.1,833.7,466.1,77.0,1434.0,966,819,76
8_SM_000337,F,1588,58.3,324.5,894.0,786,960,1350.8,1307.7,725.8,414.5,66.8,1313.0,850,710,65
8_SM_000338,F,1623,53.7,324.4,786.0,719,930,1384.8,1335.4,757.4,430.6,66.9,1311.0,879,745,63
8_SM_000339,F,1589,59.0,334.4,912.0,819,958,1362.6,1305.7,725.1,414.2,68.5,1289.0,855,716,66
8_SM_000340,F,1734,64.1,353.9,897.0,805,987,1490.4,1416.4,823.5,497.3,72.2,1423.0,973,814,71
8_SM_000341,F,1575,60.5,328.3,944.0,804,972,1355.0,1305.7,729.2,420.1,67.2,1299.0,858,714,64
8_SM_000342,F,1631,59.2,333.1,912.0,830,980,1401.2,1337.0,763.2,429.9,64.1,1326.0,891,746,61
8_SM_000343,F,1678,59.1,315.4,820.0,735,964,1441.1,1355.1,782.8,439.7,65.1,1334.0,908,763,64
8_SM_000344,F,1634,58.9,357.8,831.0,777,970,1403.5,1343.0,771.1,446.3,67.8,1317.0,897,765,65
8_SM_000345,F,1575,54.5,310.8,820.0,740,964,1330.7,1270.7,712.2,417.7,63.7,1263.0,836,703,61
8_SM_000346,F,1557,51.4,347.9,849.0,780,892,1304.8,1251.8,717.6,403.6,66.8,1238.0,834,693,62
8_SM_000347,F,1554,49.6,324.8,830.0,756,897,1328.4,1270.3,690.2,393.8,67.4,1268.0,803,685,64
8_SM_000348,F,1485,48.6,333.4,868.0,760,936,1266.0,1207.4,654.3,379.9,65.0,1195.0,800,643,61
8_SM_000349,F,1547,57.3,329.3,841.0,791,988,1317.3,1252.8,716.8,393.9,62.7,1243.0,818,694,58
8_SM_000350,F,1589,51.2,302.5,803.0,767,903,1352.2,1300.1,749.3,429.8,71.5,1288.0,853,732,68
8_SM_000351,F,1569,47.0,299.4,805.0,705,861,1337.2,1262.3,695.1,406.7,63.2,1260.0,815,680,61
8_SM_000352,F,1603,47.0,327.0,805.0,638,861,1362.5,1313.5,730.2,421.2,65.7,1305.0,850,722,64
8_SM_000353,F,1544,43.8,316.7,823.0,710,835,1306.7,1256.2,720.1,412.4,71.0,1242.0,837,710,68
8_SM_000354,F,1626,56.6,341.9,875.0,715,940,1383.7,1323.2,712.3,405.8,63.4,1307.0,834,699,63
8_SM_000355,F,1673,68.1,340.3,967.0,815,1037,1423.3,1358.6,769.5,432.2,66.2,1343.0,899,756,63
8_SM_000356,F,1594,48.0,318.8,761.0,692,877,1358.8,1307.8,749.4,423.1,65.8,1297.0,878,743,65
8_SM_000357,F,1623,53.7,343.1,886.0,706,929,1392.7,1332.1,778.8,431.2,66.5,1319.0,878,747,66
8_SM_000358,F,1672,56.5,363.1,918.0,775,912,1428.4,1351.8,778.1,452.5,69.2,1337.0,932,770,66
8_SM_000359,F,1659,53.6,342.7,815.0,700,922,1424.0,1347.9,771.9,453.6,70.4,1344.0,895,761,68
8_SM_000360,F,1587,67.8,347.8,968.0,840,1011,1355.6,1311.7,740.1,431.7,72.7,1293.0,882,727,69
8_SM_000361,F,1631,57.8,345.0,893.0,734,903,1394.2,1326.7,741.4,421.4,71.2,1317.0,868,728,67
8_SM_000362,F,1745,80.8,331.1,945.0,847,1052,1509.2,1446.8,802.5,466.8,78.1,1441.0,943,792,78
8_SM_000363,F,1617,69.5,326.0,977.0,908,1062,1366.3,1311.6,799.9,441.6,62.1,1309.0,891,765,60
8_SM_000364,F,1566,46.4,323.7,773.0,650,894,1328.7,1271.5,730.5,421.0,65.0,1237.0,860,717,62
8_SM_000365,F,1545,57.6,316.3,892.0,801,959,1320.0,1263.2,712.5,402.1,61.8,1258.0,823,705,58
8_SM_000366,F,1564,48.2,326.9,810.0,688,880,1331.1,1265.7,680.5,402.3,61.3,1241.0,827,668,59
8_SM_000367,F,1561,62.2,335.5,992.0,886,940,1343.8,1298.6,749.0,420.8,69.5,1275.0,830,711,66
8_SM_000368,F,1584,54.0,362.4,830.0,742,909,1373.1,1305.3,752.8,433.6,63.8,1293.0,874,744,59
8_SM_000369,F,1592,57.8,348.2,884.0,802,943,1335.3,1292.3,720.8,418.8,64.3,1263.0,841,695,60
8_SM_000370,F,1701,82.0,363.0,1023.0,951,1129,1463.5,1398.9,782.3,452.7,69.8,1387.0,905,775,68
8_SM_000371,F,1650,56.5,348.1,847.0,787,950,1425.6,1360.3,766.0,441.7,65.1,1352.0,900,754,61
8_SM_000372,F,1641,63.1,344.3,923.0,808,986,1398.5,1339.6,733.7,429.7,70.4,1330.0,858,715,67
8_SM_000373,F,1604,57.9,331.1,825.0,712,997,1366.3,1301.9,728.7,416.2,71.2,1302.0,849,719,68
8_SM_000374,F,1578,59.9,336.7,882.0,811,1010,1335.3,1273.6,695.4,403.6,66.1,1258.0,823,687,62
8_SM_000375,F,1611,60.8,348.0,855.0,732,1000,1379.5,1307.9,738.6,409.2,64.7,1289.0,860,721,61
8_SM_000376,F,1600,45.2,324.2,732.0,672,856,1374.4,1318.7,754.8,435.6,69.5,1286.0,877,736,68
8_SM_000377,F,1500,56.2,307.2,905.0,742,922,1251.1,1202.6,641.7,371.3,59.7,1203.0,770,640,55
8_SM_000378,F,1602,58.5,336.2,886.0,766,982,1363.3,1311.5,741.8,424.6,62.2,1295.0,865,727,59
8_SM_000379,F,1573,54.7,330.9,859.0,734,945,1344.8,1284.1,756.8,429.8,70.4,1268.0,862,713,66
8_SM_000380,F,1627,52.4,353.7,800.0,740,907,1395.6,1336.5,771.8,439.5,65.0,1327.0,896,754,63
8_SM_000381,F,1507,47.8,318.3,773.0,710,900,1281.7,1227.6,670.5,375.4,67.3,1217.0,790,649,65
8_SM_000382,F,1528,55.6,328.7,834.0,834,954,1313.2,1244.5,713.2,393.6,61.9,1237.0,812,684,58
8_SM_000383,F,1594,62.3,331.3,940.0,847,970,1358.8,1299.5,759.0,435.7,66.1,1305.0,877,732,62
8_SM_000384,F,1604,53.0,323.8,860.0,717,921,1373.5,1319.8,774.7,434.8,65.4,1309.0,883,750,63
8_SM_000385,F,1529,44.3,295.5,750.0,623,890,1315.4,1255.5,710.8,399.5,65.1,1247.0,805,693,63
8_SM_000386,F,1628,58.4,342.4,854.0,750,988,1385.3,1323.2,734.1,424.1,64.0,1301.0,856,725,62
8_SM_000387,F,1669,58.8,342.8,869.0,765,948,1431.8,1368.8,775.7,430.8,67.4,1362.0,886,757,68
8_SM_000388,F,1598,69.1,331.7,988.0,899,1020,1351.6,1310.0,736.5,431.0,66.0,1299.0,859,719,64
8_SM_000389,F,1563,43.2,340.8,749.0,620,834,1341.4,1278.3,735.0,409.6,64.2,1253.0,843,713,59
8_SM_000390,F,1677,56.5,347.8,835.0,750,939,1442.9,1371.0,788.0,453.4,64.8,1356.0,913,779,62
8_SM_000391,F,1655,58.2,343.1,853.0,747,978,1404.2,1348.6,750.0,414.9,73.1,1346.0,868,741,73
8_SM_000392,F,1573,57.8,331.0,848.0,720,951,1333.8,1280.3,702.1,406.8,62.3,1261.0,823,694,62
8_SM_000393,F,1650,65.2,317.2,909.0,895,1015,1416.7,1355.9,735.6,435.8,70.7,1347.0,895,732,67
8_SM_000394,F,1591,54.7,364.5,886.0,777,890,1352.3,1291.2,698.4,407.6,63.6,1280.0,824,695,60
8_SM_000395,F,1635,50.7,331.0,791.0,779,924,1390.9,1327.2,737.1,431.8,68.3,1307.0,863,732,67
8_SM_000396,F,1850,71.2,374.2,863.0,785,1052,1609.6,1523.2,845.1,487.5,75.0,1496.0,966,829,74
8_SM_000397,F,1627,52.0,308.1,820.0,683,895,1404.7,1338.1,761.3,428.9,68.4,1324.0,876,748,66
8_SM_000398,F,1669,51.6,330.4,788.0,667,947,1441.5,1367.4,772.3,446.0,69.2,1353.0,901,758,68
8_SM_000399,F,1564,53.4,314.7,826.0,700,925,1336.6,1270.2,705.8,400.1,65.6,1253.0,828,680,63
8_SM_000400,F,1622,58.3,337.6,854.0,788,940,1384.8,1320.2,778.2,437.1,63.6,1288.0,898,773,63
8_SM_000401,F,1612,73.4,319.2,1069.0,974,966,1378.9,1324.5,754.1,424.9,66.3,1317.0,884,752,65
8_SM_000402,F,1615,50.5,334.0,761.0,750,950,1394.3,1324.7,757.8,424.5,63.7,1301.0,888,745,63
8_SM_000403,F,1557,87.4,361.7,1138.0,1122,1192,1328.5,1278.5,686.1,406.6,57.4,1273.0,816,682,62
8_SM_000404,F,1666,57.7,334.1,863.0,820,957,1443.8,1374.6,781.7,450.6,72.9,1353.0,906,767,68
8_SM_000405,F,1659,66.6,336.5,899.0,844,1025,1406.9,1348.9,762.3,435.0,71.6,1341.0,870,743,68
8_SM_000406,F,1651,60.2,339.3,886.0,755,999,1426.5,1356.0,736.0,430.4,67.6,1335.0,874,730,66
8_SM_000407,F,1606,55.7,318.5,842.0,812,972,1374.6,1305.5,751.6,434.1,64.4,1297.0,858,742,64
8_SM_000408,F,1633,71.1,349.5,967.0,915,1016,1406.5,1334.6,749.5,426.0,63.0,1313.0,855,737,61
8_SM_000409,F,1599,55.6,314.1,873.0,766,913,1367.9,1304.7,727.8,419.1,64.1,1301.0,838,717,61
8_SM_000410,F,1642,57.5,327.5,842.0,685,985,1410.0,1342.9,755.3,421.0,70.2,1328.0,874,737,68
8_SM_000411,F,1558,76.5,,944.0,980,1096,,,,,,1287.0,861,704,73
8_SM_000412,F,1547,45.1,322.7,748.0,639,871,1323.1,1265.1,720.3,407.4,53.4,1251.0,849,712,53
8_SM_000413,F,1647,58.8,335.6,849.0,765,947,1403.3,1327.2,728.4,415.7,64.4,1316.0,846,713,60
8_SM_000414,F,1667,57.0,339.7,847.0,773,957,1427.8,1375.1,752.3,428.6,71.0,1354.0,875,735,67
8_SM_000415,F,1664,53.5,339.2,818.0,750,953,1419.1,1357.8,778.2,448.2,71.6,1342.0,918,777,68
8_SM_000416,F,1650,71.3,334.9,959.0,855,1002,1414.5,1357.8,744.8,436.2,68.8,1354.0,885,742,65
8_SM_000417,F,1618,58.1,343.4,853.0,799,978,1393.4,1323.7,761.4,430.0,62.9,1329.0,867,743,62
8_SM_000418,F,1534,50.9,312.9,864.0,773,881,1317.4,1252.4,715.3,401.8,68.4,1236.0,828,700,66
8_SM_000419,F,1585,47.0,319.8,775.0,669,877,1349.3,1289.3,752.5,416.3,61.1,1273.0,862,730,58
8_SM_000420,F,1596,51.0,335.5,832.0,672,918,1373.5,1309.3,731.0,424.5,64.4,1297.0,847,718,64
8_SM_000421,F,1605,54.2,335.3,860.0,788,917,1373.0,1306.1,730.4,422.9,61.4,1303.0,866,728,62
8_SM_000422,F,1600,65.2,334.3,965.0,866,941,1361.7,1298.7,699.1,410.3,63.1,1293.0,825,691,60
8_SM_000423,F,1549,47.6,319.3,761.0,661,926,1324.7,1256.1,692.9,382.9,62.0,1230.0,786,660,59
8_SM_000424,F,1668,53.4,339.0,765.0,665,901,1433.8,1370.9,745.7,440.8,67.3,1343.0,871,730,65
8_SM_000425,F,1565,51.8,324.5,825.0,755,916,1313.7,1260.2,724.0,422.0,65.7,1270.0,849,712,63
8_SM_000426,F,1633,50.4,335.9,799.0,690,894,1377.7,1319.4,747.7,423.4,66.3,1322.0,856,720,64
8_SM_000427,F,1575,66.9,324.1,923.0,863,1010,1335.3,1287.5,703.4,424.0,66.7,1290.0,820,685,63
8_SM_000428,F,1612,52.6,345.6,786.0,654,894,1382.4,1316.1,742.9,433.5,62.1,1303.0,860,730,58
8_SM_000429,F,1585,58.1,338.7,902.0,788,919,1360.2,1305.0,739.5,423.9,69.6,1276.0,842,727,65
8_SM_000430,F,1576,64.7,342.6,950.0,846,1031,1338.6,1277.0,730.8,425.3,66.8,1274.0,861,724,64
8_SM_000431,F,1562,61.3,352.1,904.0,822,990,1339.2,1261.8,703.6,393.6,64.4,1227.0,813,680,58
8_SM_000432,F,1613,64.8,361.5,898.0,759,897,1380.8,1314.3,734.8,414.4,66.5,1291.0,842,721,64
8_SM_000433,F,1631,63.1,342.1,885.0,815,995,1389.7,1326.4,751.8,439.5,63.8,1304.0,870,735,62
8_SM_000434,F,1696,57.2,359.7,806.0,748,950,1455.8,1392.9,801.1,451.8,76.7,1380.0,913,796,77
8_SM_000435,F,1544,63.4,323.0,1011.0,859,948,1320.2,1264.4,726.0,403.4,64.1,1245.0,800,686,62
8_SM_000436,F,1595,55.3,362.9,820.0,717,954,1368.6,1287.0,726.0,397.3,64.5,1270.0,831,706,60
8_SM_000437,F,1516,47.6,304.6,837.0,717,878,1289.6,1232.6,689.6,401.8,65.1,1236.0,787,672,62
8_SM_000438,F,1594,49.0,320.1,860.0,675,871,1357.9,1303.6,718.7,412.2,62.2,1308.0,852,709,61
8_SM_000439,F,1630,53.1,324.9,822.0,728,928,1400.5,1331.3,744.1,419.0,65.9,1332.0,861,741,63
8_SM_000440,F,1602,98.6,385.6,1170.0,1067,1141,1367.8,1322.9,706.6,418.8,66.7,1318.0,801,704,67
8_SM_000441,F,1633,70.6,354.9,1039.0,917,944,1403.2,1335.2,755.3,453.0,70.7,1344.0,893,754,69
8_SM_000442,F,1714,60.6,364.3,890.0,775,960,1468.4,1399.7,787.1,441.7,63.5,1395.0,911,778,62
8_SM_000443,F,1674,59.1,326.1,814.0,720,968,1432.5,1351.4,753.9,426.4,70.8,1365.0,871,739,70
8_SM_000444,F,1706,61.3,343.5,879.0,733,987,1480.7,1397.4,809.9,455.0,66.8,1384.0,925,791,63
8_SM_000445,F,1571,55.8,322.3,862.0,725,949,1346.2,1274.6,690.9,394.5,69.5,1265.0,798,675,67
8_SM_000446,F,1570,70.5,340.3,981.0,810,1005,1336.5,1292.4,718.7,386.6,62.9,1281.0,843,705,62
8_SM_000447,F,1658,57.7,326.6,790.0,730,969,1414.0,1357.5,786.7,437.0,60.8,1343.0,881,754,58
8_SM_000448,F,1633,70.1,330.2,979.0,908,955,1383.7,1337.6,747.8,431.2,66.4,1352.0,852,724,67
8_SM_000449,F,1605,47.7,322.0,777.0,717,876,1361.1,1310.3,734.8,418.0,59.1,1302.0,842,707,58
8_SM_000450,F,1635,49.8,339.8,764.0,656,911,1394.9,1336.4,744.7,429.7,59.9,1311.0,856,737,59
8_SM_000451,F,1661,56.7,318.6,847.0,755,967,1419.1,1347.3,777.3,448.2,67.1,1362.0,894,766,63
8_SM_000452,F,1583,53.6,329.9,850.0,804,939,1363.0,1303.3,770.7,436.1,70.9,1296.0,879,760,65
8_SM_000453,F,1615,88.8,357.9,1060.0,1014,1205,1370.5,1332.1,715.2,416.5,68.4,1314.0,862,711,69
8_SM_000454,F,1633,51.6,347.0,832.0,695,890,1398.0,1340.5,763.5,432.1,66.2,1313.0,882,747,64
8_SM_000455,F,1644,56.1,331.5,830.0,727,935,1408.9,1336.3,763.8,433.4,66.7,1326.0,882,757,66
8_SM_000456,F,1568,53.3,309.9,890.0,764,918,1359.0,1292.6,736.6,418.9,66.3,1287.0,844,724,62
8_SM_000457,F,1629,63.8,328.1,933.0,850,1030,1403.8,1332.7,783.0,447.0,70.4,1339.0,885,765,69
8_SM_000458,F,1565,67.0,343.0,1010.0,860,969,1335.4,1275.1,727.5,413.8,64.0,1266.0,828,708,62
8_SM_000459,F,1659,53.8,,809.0,714,927,,,,,,1345.0,894,763,67
8_SM_000460,F,1663,53.7,349.8,833.0,699,925,1426.8,1347.9,747.4,438.4,63.6,1339.0,870,733,62
8_SM_000461,F,1610,54.5,354.3,834.0,734,953,1379.6,1314.8,756.6,432.7,63.1,1317.0,866,740,58
8_SM_000462,F,1557,64.6,314.8,860.0,856,1035,1320.2,1276.0,719.3,404.8,64.6,1268.0,815,710,61
8_SM_000463,F,1684,62.8,377.0,881.0,752,953,1438.2,1371.6,781.0,458.2,61.4,1353.0,899,758,63
8_SM_000464,F,1571,49.7,320.1,848.0,670,902,1334.1,1269.8,725.7,412.2,61.1,1270.0,820,703,58
8_SM_000465,F,1599,63.1,327.3,906.0,799,966,1367.3,1301.5,707.7,419.0,70.0,1301.0,823,697,69
8_SM_000466,F,1619,56.9,344.7,808.0,765,932,1387.3,1323.1,747.7,415.2,59.7,1308.0,836,737,56
8_SM_000467,F,1575,59.1,315.4,951.0,767,940,1344.5,1290.3,723.5,428.2,73.3,1295.0,831,708,71
8_SM_000468,F,1559,52.5,306.6,834.0,737,905,1336.3,1281.8,726.6,411.7,61.6,1280.0,850,720,59
8_SM_000469,F,1665,47.7,318.1,790.0,626,887,1422.1,1351.7,757.7,429.3,66.2,1358.0,869,740,64
8_SM_000470,F,1724,64.5,363.7,854.0,785,1005,1485.7,1428.4,791.0,460.9,70.8,1409.0,918,784,69
8_SM_000471,F,1770,48.9,371.1,745.0,649,907,1554.6,1460.0,865.6,487.8,72.1,1438.0,991,859,70
8_SM_000472,F,1622,60.3,326.7,886.0,753,950,1389.1,1319.1,744.5,441.1,69.9,1337.0,869,733,68
8_SM_000473,F,1651,64.7,339.4,868.0,830,990,1421.1,1359.2,762.9,435.3,71.8,1347.0,888,747,68
8_SM_000474,F,1646,57.1,318.4,911.0,766,910,1413.6,1334.9,728.6,439.4,65.3,1342.0,871,719,62
8_SM_000475,F,1676,90.5,362.8,1101.0,977,1116,1446.4,1384.7,784.7,460.0,66.2,1391.0,902,776,65
8_SM_000476,F,1581,58.7,316.1,904.0,782,965,1350.9,1294.0,704.3,413.7,67.3,1289.0,837,703,64
8_SM_000477,F,1570,45.5,327.2,753.0,630,870,1339.2,1272.1,711.7,413.6,64.4,1266.0,843,697,61
8_SM_000478,F,1507,54.9,322.8,932.0,759,938,1267.3,1218.2,692.9,390.2,61.7,1190.0,792,673,59
8_SM_000479,F,1595,52.3,311.8,800.0,714,906,1364.0,1296.4,735.5,412.0,69.2,1298.0,841,707,69
8_SM_000480,F,1601,56.9,340.5,830.0,690,1020,1362.0,1299.9,723.5,411.5,61.6,1281.0,835,714,59
8_SM_000481,F,1633,67.8,313.0,960.0,829,1000,1410.0,1355.1,740.8,432.8,70.0,1330.0,871,729,66
8_SM_000482,F,1627,55.0,341.4,785.0,689,928,1402.4,1340.9,754.0,438.6,65.9,1302.0,865,742,64
8_SM_000483,F,1550,49.9,319.3,766.0,648,890,1307.7,1250.0,710.7,402.9,61.0,1224.0,817,692,58
8_SM_000484,F,1577,55.0,310.4,885.0,786,948,1346.9,1291.0,725.8,424.3,62.3,1284.0,858,711,60
8_SM_000485,F,1656,52.0,338.9,782.0,661,950,1427.5,1353.4,787.8,430.4,65.6,1350.0,897,769,63
8_SM_000486,F,1606,40.5,326.0,756.0,603,789,1371.9,1308.0,754.4,427.7,68.3,1304.0,865,745,68
8_SM_000487,F,1539,54.4,331.5,852.0,738,954,1307.5,1252.6,689.3,394.8,61.9,1241.0,808,682,58
8_SM_000488,F,1571,58.4,346.5,872.0,794,973,1346.8,1274.3,705.7,415.1,58.0,1265.0,842,687,65
8_SM_000489,F,1563,54.8,335.8,865.0,741,945,1330.2,1272.3,702.3,406.5,66.3,1242.0,811,678,62
8_SM_000490,F,1641,50.2,336.8,808.0,660,879,1399.6,1331.6,757.6,435.4,54.6,1317.0,888,752,56
8_SM_000491,F,1633,55.0,325.6,820.0,736,953,1392.1,1329.8,753.9,432.6,67.7,1315.0,881,736,66
8_SM_000492,F,1618,63.8,346.2,890.0,794,987,1377.5,1318.5,717.3,405.3,59.8,1310.0,835,700,59
8_SM_000493,F,1597,60.0,324.2,860.0,750,1004,1372.5,1296.0,718.1,410.7,69.6,1294.0,826,694,68
8_SM_000494,F,1604,61.5,320.5,879.0,828,995,1369.8,1313.6,757.0,436.1,60.9,1321.0,863,737,68
8_SM_000495,F,1615,58.5,318.7,865.0,745,933,1366.8,1312.9,766.9,439.3,67.0,1322.0,871,752,69
8_SM_000496,F,1614,63.8,336.0,1005.0,857,930,1386.0,1313.4,744.8,434.2,60.7,1310.0,867,731,60
8_SM_000497,F,1532,37.9,311.4,720.0,593,795,1300.1,1238.8,699.8,396.2,62.8,1220.0,807,685,63
8_SM_000498,F,1639,63.6,345.0,896.0,771,990,1419.7,1366.1,785.0,443.6,71.1,1335.0,897,768,69
8_SM_000499,F,1599,52.7,340.6,837.0,722,948,1369.5,1301.3,733.6,419.1,65.9,1295.0,830,707,64
8_SM_000500,F,1670,52.0,317.9,790.0,688,877,1436.3,1370.1,797.7,457.5,67.8,1359.0,907,785,69
8_SM_000501,F,1691,63.0,375.8,868.0,788,984,1447.4,1374.0,806.6,457.5,66.9,1377.0,938,789,64
8_SM_000502,F,1582,53.7,311.1,823.0,700,933,1337.5,1289.7,746.7,412.5,62.6,1292.0,863,733,64
8_SM_000503,F,1671,54.6,326.7,824.0,697,916,1420.9,1351.5,763.0,431.9,69.1,1326.0,879,747,69
8_SM_000504,F,1614,51.9,323.9,782.0,660,897,1382.0,1323.9,754.5,423.0,63.1,1316.0,860,730,63
8_SM_000505,F,1640,56.7,347.8,835.0,736,967,1411.2,1346.1,780.5,451.0,70.6,1322.0,900,773,66
8_SM_000506,F,1492,68.2,326.0,990.0,861,1007,1248.4,1192.3,639.7,372.6,61.7,1209.0,786,637,66
8_SM_000507,F,1568,51.5,332.7,800.0,659,927,1354.5,1292.2,717.9,412.1,63.6,1274.0,820,702,61
8_SM_000508,F,1521,47.2,299.1,812.0,689,867,1269.4,1232.2,731.0,404.6,62.0,1220.0,812,715,53
8_SM_000509,F,1560,60.6,351.9,882.0,791,982,1321.3,1259.4,659.4,401.7,64.8,1230.0,790,645,63
8_SM_000510,F,1640,52.8,341.1,855.0,688,938,1404.3,1329.0,761.8,429.9,63.3,1323.0,876,747,63
8_SM_000511,F,1663,64.4,349.9,915.0,823,966,1433.5,1365.6,801.5,453.5,71.5,1374.0,910,777,69
8_SM_000512,F,1585,45.1,328.4,793.0,640,876,1360.5,1303.3,747.0,431.4,64.5,1281.0,843,731,63
8_SM_000513,F,1564,57.4,336.5,841.0,819,940,1324.4,1277.8,741.4,403.9,63.7,1257.0,838,715,64
8_SM_000514,F,1591,57.4,356.3,877.0,732,951,1368.1,1315.3,744.9,440.4,65.6,1270.0,876,737,61
8_SM_000515,F,1696,52.3,322.0,798.0,702,883,1460.0,1379.7,793.3,443.1,64.9,1367.0,908,772,64
8_SM_000516,F,1480,61.5,293.4,986.0,883,964,1251.4,1198.3,678.1,374.3,61.3,1213.0,764,659,66
8_SM_000517,F,1666,61.7,327.9,866.0,755,985,1422.4,1343.6,730.3,425.4,66.7,1319.0,846,717,64
8_SM_000518,F,1626,61.7,337.5,895.0,800,957,1392.9,1336.0,770.4,431.4,65.9,1316.0,879,758,64
8_SM_000519,F,1687,68.6,347.7,905.0,769,1032,1455.2,1387.8,788.2,452.9,70.8,1373.0,901,768,72
8_SM_000520,F,1661,88.3,362.4,1048.0,928,1067,1401.5,1367.3,768.2,459.6,70.2,1360.0,923,762,70
8_SM_000521,F,1516,60.2,309.9,891.0,838,947,1289.5,1233.7,672.9,389.2,62.6,1240.0,774,648,63
8_SM_000522,F,1513,38.9,298.3,725.0,593,812,1283.9,1223.1,707.7,396.9,68.4,1199.0,806,685,65
8_SM_000523,F,1575,45.9,320.7,756.0,632,865,1339.4,1278.1,749.7,429.0,63.5,1271.0,864,730,60
8_SM_000524,F,1510,49.4,297.7,846.0,695,905,1305.5,1243.6,701.5,381.9,63.2,1229.0,808,686,60
8_SM_000525,F,1607,55.7,321.9,848.0,724,938,1365.9,1304.5,727.5,421.9,67.7,1288.0,843,705,66
8_SM_000526,F,1536,49.3,322.3,780.0,684,896,1309.7,1240.5,684.5,399.6,68.0,1229.0,804,667,63
8_SM_000527,F,1564,51.9,301.9,853.0,767,877,1328.7,1277.9,771.3,433.7,64.7,1238.0,870,735,62
8_SM_000528,F,1591,60.0,323.8,865.0,730,955,1353.2,1299.6,730.2,408.4,62.6,1293.0,840,701,67
8_SM_000529,F,1619,44.4,340.2,738.0,645,859,1385.0,1322.4,743.0,435.3,61.1,1297.0,868,733,62
8_SM_000530,F,1619,45.5,324.4,770.0,627,848,1394.5,1317.0,757.2,433.3,68.0,1300.0,859,728,67
8_SM_000531,F,1766,78.6,346.3,986.0,835,1041,1507.5,1461.6,844.7,478.5,72.4,1454.0,952,816,71
8_SM_000532,F,1688,53.6,324.8,830.0,680,903,1454.8,1381.4,781.4,444.8,59.7,1385.0,907,769,57
8_SM_000533,F,1609,79.6,322.6,1052.0,931,1075,1363.1,1303.6,722.8,426.0,66.9,1298.0,837,714,69
8_SM_000534,F,1669,54.3,345.1,829.0,650,883,1444.2,1377.5,794.3,457.7,70.1,1363.0,929,782,70
8_SM_000535,F,1611,47.7,330.2,752.0,650,896,1389.6,1307.9,747.3,421.0,61.2,1290.0,878,730,59
8_SM_000536,F,1707,69.9,355.2,932.0,815,1010,1463.7,1405.9,791.9,449.8,65.6,1398.0,921,780,65
8_SM_000537,F,1681,53.7,330.4,874.0,713,880,1464.0,1387.6,782.4,449.0,65.8,1368.0,891,771,65
8_SM_000538,F,1623,56.3,342.7,841.0,730,979,1390.3,1314.6,748.8,419.4,68.6,1308.0,870,734,67
8_SM_000539,F,1678,82.4,375.9,1110.0,1014,1128,1444.1,1366.1,767.0,447.0,64.1,1346.0,904,760,64
8_SM_000540,F,1571,67.1,329.8,960.0,818,1022,1333.6,1280.6,720.0,415.6,66.7,1277.0,835,712,64
8_SM_000541,F,1574,48.0,305.3,777.0,620,898,1359.5,1294.7,732.6,418.5,64.6,1280.0,853,723,64
8_SM_000542,F,1517,45.7,312.0,786.0,663,860,1290.0,1243.3,695.8,412.5,64.7,1226.0,810,682,63
8_SM_000543,F,1568,50.5,329.8,795.0,721,932,1331.3,1283.9,734.5,416.0,67.4,1263.0,844,722,64
8_SM_000544,F,1603,49.4,327.6,827.0,707,867,1378.7,1319.6,762.2,426.4,58.6,1289.0,879,745,59
8_SM_000545,F,1614,52.4,330.2,783.0,682,906,1380.0,1319.3,752.2,415.4,66.6,1294.0,856,739,66
8_SM_000546,F,1618,50.1,340.5,777.0,685,971,1392.0,1315.6,772.3,434.9,63.8,1300.0,881,759,61
8_SM_000547,F,1588,53.0,323.0,809.0,714,926,1357.7,1302.7,773.3,431.8,63.5,1295.0,869,744,61
8_SM_000548,F,1649,52.1,322.4,793.0,690,878,1417.0,1354.5,797.5,456.4,64.3,1336.0,905,789,63
8_SM_000549,F,1558,58.8,331.5,865.0,779,985,1264.1,1264.1,728.1,414.0,67.5,1242.0,836,710,67
8_SM_000550,F,1677,67.3,351.8,922.0,744,1035,1444.8,1379.1,770.2,433.6,70.0,1363.0,882,753,67
8_SM_000551,F,1546,58.6,328.4,854.0,820,1020,1317.2,1252.3,728.5,409.1,64.4,1251.0,842,720,60
8_SM_000552,F,1575,54.7,335.8,810.0,727,941,1324.2,1257.9,708.8,400.2,61.7,1228.0,817,695,64
8_SM_000553,F,1600,50.3,316.5,755.0,630,924,1372.4,1300.8,730.5,430.9,63.4,1291.0,854,719,63
8_SM_000554,F,1711,72.8,327.0,902.0,789,1024,1473.5,1413.1,774.3,445.5,68.6,1405.0,895,758,68
8_SM_000555,F,1599,69.7,338.6,1054.0,897,1015,1357.2,1298.1,742.1,430.5,61.5,1294.0,851,699,59
8_SM_000556,F,1650,51.0,337.9,795.0,660,893,1408.0,1352.4,750.8,420.7,60.5,1322.0,865,736,58
8_SM_000557,F,1696,54.3,337.6,792.0,680,915,1457.4,1397.4,806.1,465.0,67.9,1355.0,922,793,64
8_SM_000558,F,1618,53.2,365.5,792.0,700,944,1380.4,1316.0,746.3,434.3,64.7,1297.0,860,729,61
8_SM_000559,F,1620,48.5,355.6,845.0,676,870,1385.9,1336.4,745.8,418.7,63.4,1314.0,877,742,62
8_SM_000560,F,1634,54.5,357.8,848.0,708,921,1397.9,1324.4,747.5,420.0,67.8,1313.0,855,722,65
8_SM_000561,F,1683,52.3,332.5,777.0,632,914,1448.9,1381.9,775.2,452.2,68.0,1368.0,908,758,68
8_SM_000562,F,1640,77.6,344.9,1020.0,840,1039,1399.4,1349.0,735.3,437.5,71.6,1344.0,860,731,71
8_SM_000563,F,1641,50.0,339.5,762.0,655,908,1395.9,1339.7,764.2,424.2,65.8,1291.0,883,749,63
8_SM_000564,F,1634,51.1,339.5,785.0,680,924,1389.3,1324.5,763.9,428.3,74.6,1303.0,900,750,70
8_SM_000565,F,1629,53.9,320.3,788.0,684,971,1390.5,1322.0,730.0,426.6,63.9,1324.0,850,731,60
8_SM_000566,F,1693,51.8,351.7,828.0,682,900,1464.5,1383.3,806.0,445.5,63.8,1354.0,922,795,63
8_SM_000567,F,1602,54.0,339.5,890.0,720,876,1383.5,1312.3,734.4,418.4,69.6,1310.0,861,718,68
8_SM_000568,F,1612,56.5,332.1,898.0,730,915,1373.5,1312.3,708.7,409.1,69.6,1311.0,837,695,69
8_SM_000569,F,1633,66.7,342.8,983.0,825,1040,1390.5,1316.7,757.0,429.9,70.4,1328.0,851,737,65
8_SM_000570,F,1640,69.7,353.9,1008.0,851,985,1410.7,1349.0,734.0,437.9,67.2,1332.0,865,726,67
8_SM_000571,F,1623,69.1,318.1,993.0,824,995,1394.9,1341.7,775.8,434.8,73.8,1331.0,887,756,71
8_SM_000572,F,1585,49.2,336.0,779.0,646,874,1363.2,1314.2,746.5,432.4,61.7,1274.0,875,731,59
8_SM_000573,F,1767,78.6,364.3,940.0,847,1073,1522.9,1449.5,818.2,473.7,71.7,1433.0,957,807,68
8_SM_000574,F,1538,47.1,307.8,817.0,753,879,1298.1,1234.0,696.6,388.0,56.6,1216.0,819,691,55
8_SM_000575,F,1630,57.9,349.9,869.0,730,948,1392.3,1325.3,725.7,419.1,65.7,1292.0,851,713,62
8_SM_000576,F,1693,44.6,319.5,736.0,619,849,1454.8,1375.9,779.4,453.1,66.2,1382.0,886,771,64
8_SM_000577,F,1572,47.8,316.3,795.0,652,879,1347.5,1281.4,722.3,407.9,64.4,1272.0,814,701,62
8_SM_000578,F,1539,49.1,337.1,774.0,670,890,1317.1,1264.3,695.2,397.4,60.7,1234.0,806,667,58
8_SM_000579,F,1589,61.7,335.2,904.0,772,957,1361.2,1300.0,756.0,410.0,64.4,1286.0,837,725,59
8_SM_000580,F,1578,50.9,304.9,811.0,731,897,1346.9,1285.3,704.3,407.0,70.5,1289.0,815,689,69
8_SM_000581,F,1551,55.5,344.4,828.0,757,1007,1315.6,1266.9,711.4,412.9,63.3,1242.0,852,703,60
8_SM_000582,F,1582,61.8,317.7,873.0,785,991,1346.6,1291.9,719.9,405.6,68.5,1283.0,826,703,65
8_SM_000583,F,1621,58.4,305.5,823.0,744,937,1383.0,1329.2,747.6,415.5,63.2,1320.0,853,729,62
8_SM_000584,F,1573,54.2,331.3,822.0,701,944,1344.8,1274.5,720.2,414.1,66.8,1254.0,836,702,64
8_SM_000585,F,1626,52.9,327.7,788.0,649,928,1395.2,1320.1,734.7,417.9,65.1,1307.0,851,715,63
8_SM_000586,F,1491,82.1,337.9,1242.0,1075,1074,1233.5,1197.0,617.1,377.9,71.5,1219.0,775,619,72
8_SM_000587,F,1683,56.2,316.9,824.0,710,907,1453.0,1401.7,775.4,447.6,68.7,1378.0,891,764,65
8_SM_000588,F,1690,63.7,330.0,908.0,796,925,1453.9,1392.3,752.6,451.3,69.8,1367.0,889,745,66
8_SM_000589,F,1581,44.5,321.7,749.0,716,841,1365.4,1287.1,730.9,413.3,64.6,1285.0,861,718,64
8_SM_000590,F,1572,47.6,342.1,818.0,740,895,1344.5,1275.5,732.2,426.8,59.1,1273.0,882,719,56
8_SM_000591,F,1714,68.1,343.9,944.0,807,1000,1471.0,1398.8,815.3,480.7,79.56,1390.0,931,795,79
8_SM_000592,F,1565,52.3,344.3,820.0,705,932,1343.2,1266.2,731.8,413.0,61.7,1231.0,837,709,62
8_SM_000593,F,1660,71.9,350.5,927.0,901,1010,1415.7,1352.5,754.1,429.9,69.4,1335.0,885,753,67
8_SM_000594,F,1661,59.4,337.0,910.0,778,952,1420.1,1359.4,748.2,436.6,71.5,1318.0,875,741,69
8_SM_000595,F,1540,83.3,345.1,1093.0,980,1083,1305.2,1255.6,671.7,390.7,60.7,1252.0,794,662,62
8_SM_000596,F,1570,53.2,339.0,818.0,689,951,1340.5,1284.7,717.2,414.1,69.2,1253.0,864,710,64
8_SM_000597,F,1624,56.7,317.7,855.0,734,945,1392.2,1335.0,758.8,423.3,62.6,1332.0,875,740,62
8_SM_000598,F,1684,63.3,339.1,885.0,795,974,1453.0,1390.3,778.8,445.9,67.0,1366.0,912,759,65
8_SM_000599,F,1708,63.0,331.1,875.0,780,982,1471.4,1402.6,780.6,449.5,67.8,1403.0,912,772,67
8_SM_000600,F,1608,49.3,331.7,788.0,642,873,1384.0,1321.5,732.4,419.6,63.0,1288.0,845,722,61
8_SM_000601,F,1560,46.5,306.4,742.0,688,862,1332.6,1270.6,733.5,423.3,62.2,1252.0,848,723,62
8_SM_000602,F,1697,57.8,338.1,858.0,709,933,1470.0,1394.9,801.1,452.8,67.8,1392.0,922,783,67
8_SM_000603,F,1625,45.1,320.3,727.0,650,861,1384.1,1312.3,724.5,415.9,68.7,1307.0,831,717,57
8_SM_000604,F,1605,55.9,321.2,867.0,705,915,1366.9,1303.5,729.7,433.2,64.5,1295.0,849,708,63
8_SM_000605,F,1679,71.2,364.7,920.0,817,993,1442.6,1387.6,799.6,458.5,69.0,1359.0,938,796,69
8_SM_000606,F,1669,56.0,377.4,843.0,738,940,1438.8,1369.8,802.7,471.9,67.8,1358.0,921,788,64
8_SM_000607,F,1644,53.6,299.4,820.0,655,944,1409.5,1343.6,750.8,430.7,66.1,1340.0,857,729,64
8_SM_000608,F,1520,52.4,336.7,809.0,718,947,1305.4,1238.6,708.0,405.4,63.4,1219.0,813,676,62
8_SM_000609,F,1633,65.7,333.0,870.0,755,1041,1393.7,1336.3,765.7,440.4,73.8,1331.0,876,704,72
8_SM_000610,F,1610,57.0,339.7,794.0,708,976,1382.8,1320.3,765.4,434.7,62.9,1301.0,884,748,60
8_SM_000611,F,1573,51.7,,849.0,697,885,,,,,,1266.0,848,717,65
8_SM_000612,F,1554,52.8,310.4,915.0,737,892,1321.9,1270.3,699.9,398.7,64.9,1278.0,818,688,66
8_SM_000613,F,1602,54.1,331.9,813.0,709,972,1367.1,1309.2,726.3,423.2,66.6,1293.0,838,714,63
8_SM_000614,F,1615,48.4,348.8,765.0,734,894,1384.5,1312.1,762.0,433.9,65.9,1286.0,881,747,67
8_SM_000615,F,1552,43.4,329.6,751.0,652,879,1336.3,1270.3,730.6,403.2,60.5,1255.0,839,713,56
8_SM_000616,F,1557,56.1,330.1,924.0,809,914,1338.8,1275.5,745.0,421.7,59.0,1252.0,844,711,53
8_SM_000617,F,1490,44.7,316.4,796.0,681,844,1268.3,1210.1,674.7,397.8,66.7,1197.0,785,672,63
8_SM_000618,F,1588,63.8,342.5,967.0,825,1010,1359.2,1304.6,761.5,414.1,58.0,1277.0,856,740,58
8_SM_000619,F,1680,61.3,334.5,937.0,811,927,1437.3,1355.1,787.1,458.5,63.3,1346.0,905,769,64
8_SM_000620,F,1592,47.7,346.7,761.0,655,895,1375.7,1311.0,754.6,428.8,64.7,1290.0,862,734,62
8_SM_000621,F,1589,45.5,358.1,752.0,619,854,1356.9,1288.2,760.0,422.0,57.8,1283.0,852,728,58
8_SM_000622,F,1590,56.3,308.7,848.0,724,915,1349.8,1298.1,777.7,425.4,67.7,1314.0,867,741,66
8_SM_000623,F,1674,57.4,339.9,850.0,710,960,1446.6,1381.3,804.5,465.2,73.2,1360.0,906,774,70
8_SM_000624,F,1605,68.4,320.5,937.0,833,1021,1363.3,1311.9,748.5,418.4,63.1,1312.0,847,722,62
8_SM_000625,F,1634,73.5,339.2,1013.0,870,1094,1397.2,1343.3,750.3,429.7,61.7,1339.0,862,739,58
8_SM_000626,F,1626,57.4,319.8,792.0,680,956,1390.5,1328.9,747.6,436.3,66.6,1304.0,872,733,65
8_SM_000627,F,1700,63.5,365.4,886.0,800,999,1473.4,1394.4,772.3,465.4,75.3,1383.0,902,769,72
8_SM_000628,F,1604,69.9,336.4,1024.0,855,1003,1372.3,1312.9,769.6,432.6,69.4,1304.0,861,743,70
8_SM_000629,F,1621,63.2,316.2,863.0,747,973,1393.3,1324.8,740.9,431.5,66.2,1311.0,861,719,64
8_SM_000630,F,1553,42.6,333.2,766.0,591,841,1335.1,1264.7,702.2,414.2,66.7,1234.0,819,696,63
8_SM_000631,F,1704,61.6,342.2,894.0,748,950,1466.5,1396.4,775.7,444.6,68.7,1383.0,895,765,69
8_SM_000632,F,1588,57.8,312.0,872.0,781,945,1356.8,1281.8,698.0,407.2,68.9,1274.0,818,690,68
8_SM_000633,F,1648,60.3,340.0,832.0,746,971,1400.4,1355.8,783.6,438.2,66.3,1333.0,890,762,63
8_SM_000634,F,1547,43.3,323.1,760.0,655,873,1325.9,1263.2,723.0,412.8,64.6,1259.0,825,717,62
8_SM_000635,F,1664,62.2,321.2,915.0,754,964,1432.5,1372.9,776.6,445.4,67.1,1371.0,904,767,66
8_SM_000636,F,1603,56.6,325.8,879.0,772,947,1357.5,1299.1,723.9,416.5,65.8,1300.0,850,711,63
8_SM_000637,F,1518,45.2,332.5,761.0,674,872,1289.4,1220.3,716.8,405.9,60.4,1197.0,818,686,57
8_SM_000638,F,1634,55.4,336.7,808.0,744,949,1398.9,1315.6,732.8,422.0,60.1,1309.0,865,722,60
8_SM_000639,F,1606,64.4,326.8,901.0,803,1017,1369.0,1304.6,734.8,410.5,66.21,1292.0,833,710,62
8_SM_000640,F,1648,67.8,323.0,943.0,883,996,1406.6,1358.8,815.1,449.7,64.9,1340.0,914,773,62
8_SM_000641,F,1579,42.4,315.5,740.0,607,846,1350.7,1286.1,725.8,411.7,63.2,1282.0,841,716,64
8_SM_000642,F,1583,48.9,329.2,765.0,651,861,1362.0,1298.0,767.3,432.5,66.1,1290.0,876,747,63
8_SM_000643,F,1704,45.3,329.0,700.0,614,863,1456.1,1391.2,798.0,445.7,64.2,1385.0,892,770,67
8_SM_000644,F,1647,46.8,326.7,749.0,676,883,1410.1,1349.6,786.9,448.6,70.0,1343.0,900,767,68
8_SM_000645,F,1644,53.6,323.6,883.0,679,923,1418.4,1353.0,772.5,453.8,66.5,1339.0,890,748,65
8_SM_000646,F,1662,71.3,350.3,972.0,843,1015,1420.9,1354.8,766.9,458.0,67.8,1355.0,889,746,65
8_SM_000647,F,1677,59.9,341.1,833.0,795,959,1448.9,1366.8,788.3,458.2,72.5,1374.0,909,783,69
8_SM_000648,F,1647,63.4,330.4,952.0,895,955,1415.3,1353.4,809.0,454.4,65.3,1367.0,931,783,64
8_SM_000649,F,1734,64.4,391.4,950.0,722,955,1491.5,1419.0,811.9,455.0,67.2,1424.0,928,795,66
8_SM_000650,F,1529,43.8,332.6,789.0,704,852,1299.0,1232.7,711.5,415.8,61.9,1215.0,831,695,62
8_SM_000651,F,1602,50.0,305.8,800.0,702,932,1358.6,1314.5,719.2,404.4,64.2,1298.0,839,708,63
8_SM_000652,F,1587,58.8,320.4,898.0,777,954,1355.7,1288.1,725.1,422.3,64.1,1269.0,850,715,62
8_SM_000653,F,1677,52.6,340.7,790.0,719,911,1440.3,1372.8,772.6,431.8,67.3,1360.0,895,756,68
8_SM_000654,F,1566,46.7,312.2,755.0,647,869,1325.6,1272.8,732.1,408.2,71.8,1256.0,823,699,69
8_SM_000655,F,1592,63.1,328.3,965.0,845,965,1353.1,1296.0,715.5,427.7,68.4,1293.0,837,684,65
8_SM_000656,F,1598,49.5,345.1,840.0,697,905,1371.8,1322.0,733.2,440.7,69.6,1311.0,860,725,66
8_SM_000657,F,1746,78.8,333.8,973.0,814,1048,1504.1,1445.1,832.0,476.7,69.5,1447.0,943,807,66
8_SM_000658,F,1638,58.6,344.2,910.0,765,954,1398.8,1343.9,752.8,424.5,66.4,1327.0,856,745,63
8_SM_000659,F,1608,49.8,322.3,810.0,655,862,1373.5,1325.2,750.6,433.7,62.5,1295.0,860,737,62
8_SM_000660,F,1563,47.8,319.4,793.0,760,890,1340.9,1276.3,772.5,434.4,67.0,1263.0,866,750,65
8_SM_000661,F,1594,46.3,326.7,769.0,710,828,1356.2,1295.6,711.3,419.5,63.0,1287.0,835,702,62
8_SM_000662,F,1601,44.7,330.2,755.0,667,822,1371.2,1320.7,762.6,445.4,65.5,1305.0,893,750,63
8_SM_000663,F,1593,49.0,343.1,805.0,692,939,1359.2,1297.2,741.0,425.5,67.0,1282.0,856,723,64
8_SM_000664,F,1651,71.7,338.1,912.0,817,1028,1419.5,1371.5,798.2,459.1,69.1,1363.0,924,782,68
8_SM_000665,F,1616,46.6,337.0,781.0,703,871,1384.0,1320.5,767.0,430.7,63.2,1307.0,874,751,59
8_SM_000666,F,1610,48.5,320.0,773.0,650,887,1369.8,1312.1,723.8,431.0,68.9,1297.0,839,711,65
8_SM_000667,F,1537,47.2,326.7,758.0,665,885,1321.3,1247.5,729.9,412.8,60.6,1246.0,852,706,56
8_SM_000668,F,1674,51.1,327.9,773.0,673,862,1422.4,1360.3,756.4,431.0,65.3,1337.0,887,739,64
8_SM_000669,F,1684,60.8,344.6,868.0,785,963,1445.2,1369.2,784.8,436.4,68.2,1365.0,904,767,68
8_SM_000670,F,1623,49.3,319.5,758.0,686,903,1396.6,1324.7,751.3,429.3,61.3,1317.0,882,750,64
8_SM_000671,F,1674,62.3,332.4,835.0,716,1029,1430.5,1373.7,779.7,455.5,69.9,1358.0,894,757,65
8_SM_000672,F,1560,61.9,,906.0,737,984,,,,,,1278.0,829,695,58
8_SM_000673,F,1738,67.6,359.1,902.0,779,1003,1487.4,1409.0,815.7,467.9,71.3,1392.0,938,801,68
8_SM_000674,F,1680,59.1,352.1,804.0,715,993,1425.6,1358.2,752.6,436.4,71.9,1350.0,880,733,71
8_SM_000675,F,1535,59.2,317.3,938.0,794,988,1328.3,1261.0,710.3,405.2,61.8,1243.0,810,681,60
8_SM_000676,F,1566,54.9,312.6,886.0,789,929,1352.4,1286.0,724.3,414.7,64.9,1262.0,851,717,61
8_SM_000677,F,1633,58.1,325.7,839.0,720,966,1395.2,1341.9,764.6,429.5,66.4,1328.0,868,733,67
8_SM_000678,F,1691,69.1,332.3,918.0,828,999,1457.6,1390.7,806.7,466.6,68.2,1379.0,907,782,68
8_SM_000679,F,1730,55.1,348.7,835.0,726,939,1502.6,1420.1,832.6,487.1,63.7,1398.0,955,810,63
8_SM_000680,F,1639,61.4,322.1,904.0,795,955,1404.8,1343.1,755.8,422.4,74.5,1336.0,871,741,71
8_SM_000681,F,1504,56.1,322.1,900.0,797,964,1288.6,1228.1,668.2,388.2,59.9,1238.0,785,664,59
8_SM_000682,F,1675,59.1,327.0,826.0,758,936,1426.3,1365.1,791.5,439.8,66.6,1369.0,895,758,63
8_SM_000683,F,1642,64.3,380.4,943.0,831,1003,1405.0,1345.9,760.5,436.4,71.9,1345.0,865,730,70
8_SM_000684,F,1595,57.7,347.8,888.0,733,966,1353.9,1299.8,740.7,435.4,66.4,1273.0,849,709,63
8_SM_000685,F,1568,66.6,334.0,918.0,826,988,1331.7,1282.8,691.0,394.1,64.2,1278.0,807,680,63
8_SM_000686,F,1540,47.0,317.2,799.0,692,871,1316.5,1259.3,716.1,414.6,61.7,1242.0,827,696,59
8_SM_000687,F,1689,74.5,361.1,1019.0,820,998,1451.4,1401.5,780.4,449.5,70.4,1381.0,908,772,68
8_SM_000688,F,1656,56.8,357.5,840.0,743,935,1415.4,1340.3,750.3,429.1,67.9,1342.0,882,734,66
8_SM_000689,F,1603,49.2,327.2,760.0,758,883,1365.7,1312.2,752.7,417.2,62.0,1315.0,857,720,60
8_SM_000690,F,1678,58.6,328.5,857.0,772,956,1451.6,1386.8,791.9,455.8,64.7,1370.0,901,761,63
8_SM_000691,F,1544,55.5,316.2,899.0,795,919,1320.7,1272.3,742.5,420.8,67.4,1274.0,845,731,64
8_SM_000692,F,1597,60.8,327.2,910.0,793,947,1361.7,1295.8,725.2,422.4,71.4,1287.0,864,716,68
8_SM_000693,F,1674,57.7,,823.0,724,952,,,,,,1346.0,856,724,62
8_SM_000694,F,1529,66.9,328.1,976.0,899,986,1305.0,1249.7,722.9,412.7,68.3,1250.0,814,697,65
8_SM_000695,F,1575,46.5,314.3,772.0,647,870,1348.9,1281.7,750.6,430.5,62.8,1286.0,861,732,61
8_SM_000696,F,1634,51.4,321.9,812.0,699,889,1396.9,1335.3,730.0,422.1,66.9,1309.0,865,727,63
8_SM_000697,F,1603,60.6,341.8,910.0,720,939,1368.9,1313.2,712.0,421.1,68.7,1283.0,819,698,67
8_SM_000698,F,1535,46.5,327.1,790.0,685,876,1295.2,1229.1,708.0,405.3,68.9,1199.0,801,680,64
8_SM_000699,F,1639,48.2,338.3,763.0,643,871,1408.4,1349.4,766.8,444.1,70.8,1332.0,899,750,69
8_SM_000700,F,1628,54.8,328.9,826.0,737,964,1392.3,1331.7,742.3,427.6,67.6,1319.0,855,728,67
8_SM_000701,F,1613,55.6,349.3,867.0,788,944,1378.6,1318.8,725.8,415.7,63.8,1300.0,865,718,63
8_SM_000702,F,1596,58.2,312.1,839.0,762,965,1366.5,1305.1,731.6,417.4,65.4,1280.0,868,720,63
8_SM_000703,F,1676,61.1,340.6,879.0,740,962,1446.8,1367.4,765.3,426.5,64.6,1357.0,881,748,63
8_SM_000704,F,1575,57.0,353.4,860.0,787,974,1345.2,1273.3,694.8,416.5,63.9,1276.0,812,683,61
8_SM_000705,F,1596,53.6,343.4,800.0,702,916,1367.1,1298.8,720.7,416.7,62.4,1282.0,843,708,60
8_SM_000706,F,1644,76.6,,1060.0,866,1034,,,,,,1321.0,878,737,59
8_SM_000707,F,1593,47.4,321.6,757.0,745,898,1368.0,1297.8,752.6,419.9,58.6,1283.0,849,748,59
8_SM_000708,F,1661,58.9,327.9,804.0,725,944,1433.5,1359.1,764.9,426.6,66.5,1356.0,873,745,66
8_SM_000709,F,1659,49.9,341.0,772.0,639,867,1436.1,1367.8,769.0,441.5,63.5,1328.0,881,761,63
8_SM_000710,F,1612,57.2,346.3,869.0,724,960,1384.8,1320.4,736.3,441.6,69.4,1291.0,872,722,68
8_SM_000711,F,1583,77.3,352.9,1042.3,919,1089,1358.0,1304.9,692.6,409.9,63.9,1285.0,826,689,65
8_SM_000712,F,1673,54.2,339.6,783.0,743,935,1443.9,1371.8,786.5,447.9,67.7,1352.0,905,774,65
8_SM_000713,F,1538,41.9,309.8,728.0,579,866,1308.0,1255.8,691.6,395.7,66.0,1220.0,805,670,60
8_SM_000714,F,1610,67.0,325.5,916.0,788,991,1365.1,1301.7,713.0,411.5,59.2,1284.0,836,697,63
8_SM_000715,F,1580,46.8,326.0,794.0,695,884,1353.6,1289.7,737.9,423.2,61.3,1274.0,873,733,62
8_SM_000716,F,1478,48.6,298.8,787.0,730,925,1265.8,1215.0,677.2,391.8,65.1,1198.0,787,666,60
8_SM_000717,F,1611,58.2,335.3,855.0,751,950,1385.2,1319.5,745.2,415.4,60.0,1309.0,858,741,59
8_SM_000718,F,1592,61.6,333.9,897.0,821,980,1354.5,1300.3,726.9,423.3,66.3,1290.0,842,715,67
8_SM_000719,F,1566,61.3,332.2,880.0,777,1008,1350.7,1276.2,717.5,406.6,54.4,1255.0,829,697,55
8_SM_000720,F,1576,48.8,324.9,873.0,696,856,1342.1,1280.7,738.8,419.9,61.8,1273.0,874,723,60
8_SM_000721,F,1514,52.1,338.9,816.0,732,941,1285.0,1231.8,703.9,397.2,59.5,1214.0,819,689,58
8_SM_000722,F,1629,45.1,334.2,774.0,639,857,1388.1,1333.4,763.8,428.0,58.3,1327.0,877,738,59
8_SM_000723,F,1705,49.4,312.3,765.0,647,889,1467.1,1381.8,790.1,436.4,64.1,1384.0,874,752,64
8_SM_000724,F,1659,56.8,335.8,811.0,736,942,1401.9,1347.4,782.9,457.9,67.3,1345.0,900,748,64
8_SM_000725,F,1738,65.2,354.7,860.0,768,1018,1501.6,1429.2,823.6,471.6,66.8,1418.0,952,802,68
8_SM_000726,F,1639,51.4,335.0,802.0,697,881,1412.0,1342.0,758.0,434.3,59.6,1331.0,871,744,61
8_SM_000727,F,1646,50.5,331.6,769.0,655,908,1415.3,1362.3,790.9,446.1,59.7,1336.0,914,773,59
8_SM_000728,F,1622,70.5,374.8,928.0,863,1059,1370.3,1311.5,716.3,408.4,70.1,1294.0,840,696,66
8_SM_000729,F,1601,63.0,332.7,940.0,850,988,1359.6,1299.9,722.2,425.8,61.5,1297.0,834,704,62
8_SM_000730,F,1629,70.9,339.8,965.0,951,1034,1375.9,1320.5,739.7,420.4,62.1,1320.0,853,729,64
8_SM_000731,F,1581,49.2,318.5,860.0,727,869,1350.5,1289.0,714.6,430.1,58.5,1273.0,844,703,58
8_SM_000732,F,1605,68.1,329.5,991.0,892,991,1378.3,1310.5,741.1,430.5,66.5,1306.0,848,723,65
8_SM_000733,F,1630,54.5,319.7,799.0,733,947,1391.3,1336.3,757.1,415.3,62.4,1322.0,863,740,63
8_SM_000734,F,1492,42.0,321.3,738.0,636,848,1259.9,1216.8,676.5,404.4,58.0,1218.0,797,663,54
8_SM_000735,F,1654,74.0,377.4,976.0,884,1077,1408.4,1333.9,781.9,441.9,60.5,1341.0,872,747,60
8_SM_000736,F,1578,49.2,315.4,856.0,697,837,1338.3,1285.5,708.9,415.5,65.7,1276.0,828,692,63
8_SM_000737,F,1560,42.8,332.0,733.0,660,864,1333.9,1272.5,733.5,424.7,64.5,1254.0,855,726,62
8_SM_000738,F,1579,45.5,328.7,760.0,656,844,1349.6,1284.3,714.7,408.0,57.7,1263.0,835,699,56
8_SM_000739,F,1672,62.0,369.1,944.0,760,943,1425.3,1360.9,752.0,449.2,69.8,1332.0,896,751,69
8_SM_000740,F,1583,48.9,309.0,790.0,738,901,1357.4,1295.0,752.5,424.9,67.8,1282.0,861,735,66
8_SM_000741,F,1590,49.5,314.9,794.0,692,903,1366.1,1296.5,732.6,414.4,70.8,1274.0,835,712,67
8_SM_000742,F,1629,64.0,316.4,935.0,834,949,1408.3,1347.2,764.5,436.8,67.4,1335.0,893,750,68
8_SM_000743,F,1686,63.9,364.3,862.0,775,990,1445.1,1371.7,783.4,450.4,65.0,1358.0,922,769,65
8_SM_000744,F,1769,60.7,362.5,856.0,697,959,1531.6,1460.2,850.6,482.7,70.3,1446.0,974,835,68
8_SM_000745,F,1654,68.0,356.1,926.0,755,972,1410.8,1361.6,762.2,435.0,62.4,1339.0,875,743,63
8_SM_000746,F,1569,61.8,347.5,910.0,872,988,1339.7,1289.3,735.0,414.9,57.2,1270.0,859,724,61
8_SM_000747,F,1648,53.9,330.1,843.0,692,939,1406.8,1346.4,779.5,445.4,64.9,1333.0,884,757,63
8_SM_000748,F,1623,76.3,347.2,1067.0,944,984,1395.6,1343.9,752.0,456.1,68.0,1353.0,888,744,66
8_SM_000749,F,1617,58.8,334.5,880.0,769,928,1385.7,1315.2,756.1,425.6,69.6,1305.0,856,741,70
8_SM_000750,F,1645,61.5,367.2,925.0,847,962,1419.2,1344.4,771.9,448.7,71.5,1334.0,909,761,67
8_SM_000751,F,1531,52.1,348.8,846.0,719,940,1293.7,1241.4,701.5,404.2,65.2,1219.0,812,671,60
8_SM_000752,F,1512,45.7,309.6,798.0,650,878,1271.5,1210.2,661.4,387.1,66.0,1192.0,787,648,59
8_SM_000753,F,1703,61.7,326.5,887.0,769,914,1473.3,1411.5,794.8,464.9,68.6,1393.0,933,784,64
8_SM_000754,F,1734,74.4,335.8,960.0,840,1035,1502.0,1438.5,843.7,487.6,71.7,1413.0,971,818,71
8_SM_000755,F,1657,64.5,367.7,850.0,780,1036,1432.1,1365.0,747.0,442.3,60.6,1348.0,880,734,57
8_SM_000756,F,1577,74.7,338.1,980.0,913,1080,1348.3,1291.2,718.9,429.7,64.3,1284.0,851,703,63
8_SM_000757,F,1612,48.6,320.3,819.0,690,900,1383.7,1307.0,736.8,427.5,64.8,1299.0,875,733,66
8_SM_000758,F,1550,88.6,349.7,1118.0,1080,1122,1320.5,1259.7,678.4,388.8,60.9,1261.0,798,677,66
8_SM_000759,F,1573,69.2,348.0,1022.0,931,995,1343.6,1281.1,711.8,417.1,61.9,1284.0,856,714,61
8_SM_000760,F,1621,52.8,350.0,827.0,723,924,1397.2,1322.4,719.9,417.9,62.4,1315.0,844,707,60
8_SM_000761,F,1664,57.1,345.6,852.0,797,947,1434.3,1369.8,779.8,447.7,60.9,1350.0,904,758,58
8_SM_000762,F,1589,61.9,329.9,915.0,850,1016,1355.3,1277.3,724.2,409.5,62.0,1287.0,854,718,63
8_SM_000763,F,1601,47.5,320.1,760.0,676,887,1355.7,1293.8,712.3,417.9,64.8,1304.0,856,718,62
8_SM_000764,F,1585,50.3,302.8,810.0,699,909,1379.4,1315.8,728.5,419.2,63.4,1295.0,848,698,64
8_SM_000765,F,1590,56.0,331.7,860.0,698,982,1358.4,1297.8,754.8,426.9,69.2,1286.0,883,731,67
8_SM_000766,F,1668,64.2,342.2,921.0,768,976,1431.7,1377.9,813.7,462.6,71.2,1363.0,941,801,69
8_SM_000767,F,1546,51.7,332.0,797.0,705,925,1333.7,1274.2,716.2,409.6,66.0,1253.0,845,717,69
8_SM_000768,F,1558,48.9,331.5,838.0,707,914,1320.9,1271.1,734.1,410.3,70.1,1264.0,843,709,65
8_SM_000769,F,1701,63.5,367.0,894.0,713,975,1466.2,1390.8,787.3,444.7,65.7,1368.0,928,778,64
8_SM_000770,F,1654,66.0,355.4,918.0,845,1015,1423.0,1343.0,725.5,439.7,67.5,1329.0,861,717,66
8_SM_000771,F,1545,54.1,315.8,812.0,751,965,1324.7,1256.4,703.4,395.2,62.9,1263.0,821,683,62
8_SM_000772,F,1630,59.4,314.5,921.0,782,954,1400.3,1337.7,755.5,436.6,68.9,1331.0,892,743,66
8_SM_000773,F,1661,70.6,367.0,984.0,893,952,1419.4,1352.5,807.4,453.9,67.7,1331.0,933,774,69
8_SM_000774,F,1571,59.2,342.8,871.0,737,989,1327.9,1291.6,728.5,417.4,58.5,1262.0,845,718,59
8_SM_000775,F,1554,63.2,340.2,942.0,830,1036,1329.3,1270.8,705.6,419.7,60.7,1242.0,853,699,60
8_SM_000776,F,1650,69.1,340.6,986.0,876,1020,1412.9,1348.1,752.1,438.9,71.4,1348.0,895,736,70
8_SM_000777,F,1587,62.3,311.6,944.0,850,953,1343.5,1287.9,720.3,432.5,64.0,1302.0,873,709,64
8_SM_000778,F,1586,58.8,325.9,843.0,734,974,1356.8,1290.0,725.3,416.3,61.1,1281.0,847,710,62
8_SM_000779,F,1524,55.0,302.7,859.0,721,920,1295.8,1238.1,688.9,386.9,60.1,1231.0,814,680,60
8_SM_000780,F,1670,59.8,346.3,868.0,774,950,1419.1,1355.3,773.7,449.9,67.5,1343.0,906,760,67
8_SM_000781,F,1606,64.3,344.2,982.0,827,985,1362.9,1304.2,749.8,427.8,66.7,1280.0,877,734,63
8_SM_000782,F,1736,65.7,349.3,850.0,756,1041,1482.9,1432.6,813.4,462.1,65.2,1418.0,964,810,68
8_SM_000783,F,1678,58.2,336.1,873.0,756,932,1447.5,1373.1,775.6,440.4,72.4,1346.0,920,762,69
8_SM_000784,F,1591,51.8,332.7,820.0,677,898,1361.5,1295.5,737.5,411.0,61.0,1287.0,854,713,60
8_SM_000785,F,1645,60.0,339.6,838.0,768,972,1415.8,1348.2,789.1,444.6,64.0,1339.0,895,751,65
8_SM_000786,F,1620,59.7,342.5,860.0,714,975,1377.5,1317.7,748.2,427.6,57.5,1318.0,881,739,58
8_SM_000787,F,1614,53.0,339.6,843.0,670,899,1379.2,1312.6,724.6,426.3,69.8,1300.0,851,708,69
8_SM_000788,F,1592,61.6,348.2,880.0,774,1011,1363.6,1316.4,749.6,429.8,59.4,1296.0,877,734,61
8_SM_000789,F,1624,61.1,318.4,855.0,780,970,1389.1,1330.0,721.3,423.9,64.4,1326.0,859,707,63
8_SM_000790,F,1546,46.7,311.2,817.0,663,866,1320.4,1264.8,721.8,410.6,60.4,1247.0,831,705,58
8_SM_000791,F,1635,58.9,336.6,897.0,766,974,1402.8,1336.7,741.0,428.0,61.4,1316.0,865,737,60
8_SM_000792,F,1577,59.7,344.7,892.0,805,984,1358.0,1289.2,736.2,434.7,63.2,1270.0,862,727,61
8_SM_000793,F,1644,59.6,345.0,837.0,794,1017,1398.1,1329.5,741.5,434.7,67.1,1312.0,877,734,66
8_SM_000794,F,1604,75.7,340.4,1004.0,883,1099,1369.9,1297.9,736.6,422.0,72.0,1314.0,860,714,68
8_SM_000795,F,1573,54.9,332.4,869.0,720,930,1342.5,1277.8,733.1,434.4,68.1,1282.0,849,705,64
8_SM_000796,F,1638,52.1,352.4,824.0,678,929,1409.6,1339.1,769.3,431.7,62.2,1312.0,908,753,67
8_SM_000797,F,1533,47.1,344.7,804.0,651,878,1305.7,1240.9,699.3,408.4,57.7,1222.0,816,685,57
8_SM_000798,F,1635,56.9,347.4,860.0,804,982,1386.6,1308.5,748.2,425.9,65.8,1321.0,859,734,65
8_SM_000799,F,1630,72.2,343.5,951.0,914,1043,1393.6,1331.9,768.6,444.8,67.1,1321.0,891,745,65
8_SM_000800,F,1587,43.5,334.4,726.0,644,860,1363.8,1302.0,730.0,429.3,61.9,1289.0,841,719,63
8_SM_000801,F,1506,59.5,330.7,975.0,811,978,1289.3,1233.7,696.0,410.3,55.5,1219.0,817,674,56
8_SM_000802,F,1615,62.1,334.5,929.0,791,982,1372.0,1335.0,762.0,436.0,64.7,1311.0,903,750,68
8_SM_000803,F,1525,82.8,319.6,1114.0,1055,1140,1287.9,1242.8,632.3,391.0,56.6,1245.0,784,633,63
8_SM_000804,F,1594,50.7,336.1,870.0,693,905,1358.5,1296.2,728.1,421.5,66.7,1284.0,851,716,61
8_SM_000805,F,1683,69.5,360.0,958.0,847,1015,1443.3,1379.1,777.3,449.7,67.4,1361.0,906,760,65
8_SM_000806,F,1635,53.3,336.2,836.0,710,913,1407.7,1339.3,787.9,455.1,66.3,1343.0,903,775,69
8_SM_000807,F,1623,55.8,325.7,823.0,777,950,1391.6,1328.2,746.3,428.4,68.0,1315.0,863,727,69
8_SM_000808,F,1663,68.6,358.9,978.0,830,1036,1424.4,1352.4,808.4,454.7,64.7,1340.0,943,788,60
8_SM_000809,F,1621,58.4,344.4,826.0,776,976,1397.3,1326.0,744.2,429.1,67.1,1314.0,877,727,66
8_SM_000810,F,1546,56.5,322.7,880.0,854,964,1328.2,1259.9,704.6,400.0,62.9,1246.0,834,692,60
8_SM_000811,F,1595,43.6,320.1,734.0,642,879,1358.9,1285.4,703.5,404.7,64.4,1273.0,855,701,64
8_SM_000812,F,1624,50.7,325.4,805.0,653,920,1398.0,1331.0,712.1,413.6,59.7,1313.0,851,708,59
8_SM_000813,F,1630,53.4,342.2,840.0,729,930,1396.5,1333.3,734.5,427.2,59.1,1326.0,871,732,60
8_SM_000814,F,1562,58.4,322.6,879.0,821,965,1323.8,1273.8,722.1,417.4,64.2,1272.0,830,701,63
8_SM_000815,F,1682,67.3,359.5,925.0,814,1042,1457.4,1398.5,781.7,460.0,65.8,1379.0,908,764,63
8_SM_000816,F,1542,48.2,316.7,784.0,695,906,1314.6,1252.9,725.1,419.2,56.4,1232.0,835,701,53
8_SM_000817,F,1635,52.5,350.1,821.0,714,903,1391.2,1331.9,735.7,426.2,55.7,1319.0,864,723,57
8_SM_000818,F,1578,55.8,336.9,923.0,800,942,1340.4,1273.4,733.4,412.4,64.9,1272.0,834,705,67
8_SM_000819,F,1600,51.5,329.4,829.0,686,927,1379.3,1316.8,733.3,413.2,63.9,1290.0,854,711,61
8_SM_000820,F,1670,54.6,348.0,805.0,731,954,1441.3,1369.8,813.3,467.5,65.12,1358.0,919,794,63
8_SM_000821,F,1609,52.8,341.5,858.0,744,973,1383.3,1318.1,736.8,426.3,62.4,1298.0,850,724,61
8_SM_000822,F,1655,56.4,336.5,775.0,707,928,1419.1,1342.2,782.3,437.0,71.7,1335.0,895,762,72
8_SM_000823,F,1584,85.9,361.1,1039.0,969,1177,1351.0,1306.1,726.4,420.5,63.1,1298.0,859,723,72
8_SM_000824,F,1650,58.6,351.5,853.0,778,954,1416.6,1353.5,759.5,426.6,61.8,1338.0,879,743,61
8_SM_000825,F,1590,58.6,351.0,856.0,733,1010,1365.5,1293.6,723.5,411.5,61.6,1278.0,855,709,61
8_SM_000826,F,1606,49.8,326.4,775.0,691,908,1375.3,1308.9,751.9,414.3,58.1,1308.0,840,713,58
8_SM_000827,F,1612,56.0,346.1,840.0,719,929,1396.4,1323.8,744.3,430.4,63.3,1292.0,872,727,63
8_SM_000828,F,1644,52.8,321.5,790.0,666,920,1406.3,1350.6,747.3,425.1,62.31,1352.0,869,730,60
8_SM_000829,F,1628,55.7,369.7,845.0,748,897,1391.6,1338.6,751.5,433.3,69.0,1326.0,856,728,66
8_SM_000830,F,1578,54.0,348.8,845.0,703,914,1350.7,1298.4,748.3,426.6,64.7,1268.0,855,727,63
8_SM_000831,F,1612,50.4,344.5,810.0,698,933,1387.7,1309.9,733.7,419.4,60.7,1291.0,844,720,59
8_SM_000832,F,1609,56.7,342.2,868.0,741,958,1380.3,1316.3,766.0,432.8,62.8,1312.0,870,744,62
8_SM_000833,F,1685,70.4,354.0,952.0,885,998,1459.8,1390.4,779.1,432.0,65.3,1392.0,891,757,62
8_SM_000834,F,1598,53.5,336.6,854.0,737,888,1376.4,1323.2,776.9,419.6,59.2,1302.0,857,746,58
8_SM_000835,F,1602,50.1,333.1,807.0,718,922,1382.0,1324.3,776.8,419.5,61.9,1275.0,855,712,69
8_SM_000836,F,1585,48.4,349.0,812.0,692,870,1357.9,1290.0,725.3,429.3,72.5,1268.0,851,710,65
8_SM_000837,F,1550,44.9,327.8,811.0,676,863,1327.6,1267.4,725.1,409.7,61.9,1262.0,813,698,59
8_SM_000838,F,1583,52.1,344.1,899.0,779,877,1351.2,1275.5,741.0,433.7,71.9,1275.0,842,718,65
8_SM_000839,F,1625,55.8,345.0,894.0,790,898,1382.4,1322.9,756.4,435.7,69.9,1315.0,864,739,66
8_SM_000840,F,1600,56.7,357.6,854.0,800,930,1359.9,1300.8,730.9,433.0,64.0,1279.0,854,718,61
8_SM_000841,F,1608,52.3,364.0,842.0,734,898,1362.7,1281.1,733.0,418.9,68.6,1280.0,843,706,64
8_SM_000842,F,1664,51.5,369.2,810.0,661,923,1436.4,1367.2,799.8,439.1,62.9,1345.0,898,776,65
8_SM_000843,F,1522,49.0,339.0,833.0,714,903,1299.5,1248.3,724.8,409.6,63.3,1215.0,827,707,62
8_SM_000844,F,1666,55.2,379.2,799.0,742,950,1443.2,1365.0,782.9,452.6,59.9,1337.0,888,760,63
8_SM_000845,F,1642,52.2,348.0,820.0,711,894,1400.6,1343.6,757.3,448.3,63.8,1337.0,884,743,62
8_SM_000846,F,1585,47.8,342.6,767.0,695,868,1358.2,1294.1,765.1,429.7,64.6,1278.0,860,743,62
8_SM_000847,F,1644,50.4,351.3,748.0,700,893,1419.7,1352.4,772.6,454.9,62.9,1325.0,899,762,63
8_SM_000848,F,1542,54.9,369.5,880.0,788,915,1303.9,1259.1,718.6,421.5,57.0,1237.0,834,704,58
8_SM_000849,F,1607,63.4,376.1,885.0,794,1022,1355.1,1295.6,724.8,415.6,70.9,1281.0,843,720,63
8_SM_000850,F,1508,67.2,357.5,984.0,893,993,1263.7,1206.3,628.2,370.8,54.9,1207.0,756,628,57
8_SM_000851,F,1699,57.6,366.7,845.0,726,922,1466.5,1403.7,833.7,477.5,71.6,1388.0,949,815,73
8_SM_000852,F,1623,49.1,345.7,869.0,726,849,1391.4,1326.5,746.3,433.7,58.7,1303.0,868,734,57
8_SM_000853,F,1660,88.6,356.6,1100.0,1050,1105,1415.8,1349.2,769.2,442.0,65.4,1367.0,870,756,64
8_SM_000854,F,1589,54.1,330.7,845.0,737,928,1367.1,1305.6,730.6,421.1,62.4,1311.0,857,726,57
8_SM_000855,F,1682,66.0,360.7,883.0,823,1033,1443.3,1368.9,766.0,439.5,62.8,1361.0,888,751,58
8_SM_000856,F,1619,51.0,358.5,808.0,692,893,1373.4,1306.1,736.0,404.3,61.3,1306.0,840,716,59
8_SM_000857,F,1674,59.6,356.6,849.0,741,933,1441.2,1352.1,796.9,447.0,71.2,1364.0,903,780,69
8_SM_000858,F,1531,56.4,336.9,885.0,816,909,1298.8,1262.0,718.0,410.4,66.6,1258.0,807,692,66
8_SM_000859,F,1559,51.8,333.3,872.0,775,895,1323.2,1263.2,729.3,397.9,64.9,1260.0,828,705,62
8_SM_000860,F,1538,51.2,351.8,855.0,770,913,1314.5,1249.3,710.1,395.3,57.5,1238.0,815,695,60
8_SM_000861,F,1628,50.6,367.5,813.0,710,899,1386.9,1308.3,746.3,437.6,66.3,1301.0,850,721,63
8_SM_000862,F,1654,63.3,364.8,930.0,844,975,1416.3,1352.1,760.4,437.9,70.2,1350.0,874,753,64
8_SM_000863,F,1632,49.0,349.4,828.0,708,850,1390.9,1319.2,755.4,436.6,68.9,1323.0,878,745,69
8_SM_000864,F,1620,56.9,350.9,870.0,730,919,1389.1,1328.1,754.0,429.6,64.5,1310.0,875,741,60
8_SM_000865,F,1719,57.2,359.4,806.0,700,944,1478.5,1412.1,808.1,444.3,58.6,1399.0,913,772,62
8_SM_000866,F,1630,48.2,350.8,773.0,660,869,1376.8,1315.7,735.5,427.1,65.2,1312.0,860,722,64
8_SM_000867,F,1573,56.0,343.7,850.0,748,957,1344.9,1287.0,713.6,410.4,69.4,1279.0,834,704,66
8_SM_000868,F,1539,49.9,366.1,861.0,719,898,1307.6,1249.1,723.1,402.0,59.6,1238.0,813,687,56
8_SM_000869,F,1651,56.5,349.6,871.0,799,923,1413.0,1359.2,794.8,448.5,67.3,1345.0,901,782,64
8_SM_000870,F,1629,50.3,363.7,821.0,676,900,1384.2,1327.1,793.8,433.9,55.3,1312.0,881,774,56
8_SM_000871,F,1556,46.4,347.6,806.0,701,850,1316.9,1256.7,717.9,412.5,61.0,1250.0,825,709,59
8_SM_000872,F,1614,49.1,335.4,782.0,649,866,1357.1,1292.2,733.7,414.2,64.2,1288.0,840,717,63
8_SM_000873,F,1723,78.1,383.9,944.0,884,1105,1485.0,1413.9,826.0,464.4,75.0,1397.0,935,800,72
8_SM_000874,F,1745,52.7,368.9,785.0,684,918,1505.9,1435.9,841.2,477.1,65.4,1421.0,963,830,67
8_SM_000875,F,1563,58.6,371.5,923.0,864,965,1326.0,1265.9,722.0,414.1,64.2,1243.0,816,693,60
8_SM_000876,F,1663,59.0,383.8,845.0,738,963,1436.4,1362.6,775.9,431.4,64.0,1336.0,886,754,65
8_SM_000877,F,1568,49.3,353.8,828.0,724,849,1335.7,1260.5,712.8,402.4,61.7,1253.0,808,694,59
8_SM_000878,F,1659,68.1,381.3,965.0,842,972,1411.1,1351.6,792.2,442.1,72.2,1345.0,898,758,67
8_SM_000879,F,1641,57.0,335.9,880.0,748,940,1408.4,1345.3,786.0,438.6,63.4,1328.0,886,760,63
8_SM_000880,F,1532,52.8,343.1,863.0,808,920,1308.1,1250.7,693.2,392.8,61.0,1238.0,801,672,61
8_SM_000881,F,1630,59.1,350.0,906.0,773,955,1395.9,1336.7,759.6,432.7,67.1,1310.0,885,740,65
8_SM_000882,F,1664,74.1,363.3,1033.0,918,1050,1422.1,1362.0,771.4,446.1,63.4,1367.0,932,775,59
8_SM_000883,F,1656,56.0,346.7,870.0,707,961,1435.5,1366.9,754.7,435.2,61.3,1348.0,878,735,61
8_SM_000884,F,1554,48.3,339.5,822.0,732,850,1322.5,1257.5,734.8,406.8,61.0,1256.0,830,705,58
8_SM_000885,F,1590,48.0,352.8,768.0,662,906,1348.7,1296.4,728.2,414.6,70.5,1287.0,826,713,58
8_SM_000886,F,1620,56.3,348.5,775.0,740,930,1387.1,1312.3,762.9,436.0,66.0,1289.0,862,730,63
8_SM_000887,F,1724,59.6,375.6,842.0,714,962,1483.6,1404.5,823.9,474.2,64.8,1395.0,951,802,66
8_SM_000888,F,1615,48.9,379.6,794.0,663,868,1381.2,1303.7,771.0,428.0,65.9,1297.0,884,753,63
8_SM_000889,F,1609,41.9,360.5,769.0,616,800,1378.5,1312.4,741.3,422.3,64.6,1310.0,831,725,60
8_SM_000890,F,1653,73.6,377.0,974.0,858,1073,1404.1,1346.3,780.9,444.8,67.4,1332.0,900,763,70
8_SM_000891,F,1625,51.6,370.4,792.0,740,923,1395.5,1319.5,762.7,427.9,61.6,1326.0,889,757,59
8_SM_000892,F,1584,75.9,353.8,992.0,912,1088,1354.8,1311.4,724.0,423.6,67.2,1306.0,852,713,62
8_SM_000893,F,1713,66.6,371.8,855.0,801,1015,1476.7,1407.2,822.2,469.2,69.5,1404.0,936,803,70
8_SM_000894,F,1647,76.8,368.7,1017.0,874,1070,1410.0,1349.7,727.4,424.5,64.8,1360.0,899,729,63
8_SM_000895,F,1732,60.1,365.3,837.0,726,968,1476.7,1416.3,806.9,470.8,73.3,1430.0,928,789,73
8_SM_000896,F,1580,64.2,367.7,925.0,825,1004,1345.1,1287.7,715.3,409.2,63.9,1267.0,838,705,62
8_SM_000897,F,1591,57.7,345.7,817.0,772,971,1353.8,1292.8,711.1,403.3,69.7,1288.0,837,695,54
8_SM_000898,F,1702,58.0,375.1,829.0,704,944,1476.4,1402.4,815.9,462.5,70.1,1398.0,945,800,68
8_SM_000899,F,1584,61.0,365.4,908.0,863,1000,1344.7,1281.8,720.5,422.4,58.2,1290.0,845,705,61
8_SM_000900,F,1563,46.0,324.1,738.0,649,893,1322.4,1268.2,710.0,402.3,66.3,1266.0,821,705,62
8_SM_000901,F,1582,59.3,348.9,882.0,762,987,1345.3,1287.4,707.5,421.1,65.8,1261.0,845,701,63
8_SM_000902,F,1530,51.0,337.7,844.0,757,913,1303.9,1249.5,717.1,417.1,65.3,1248.0,831,705,62
8_SM_000903,F,1631,64.4,352.8,916.0,818,975,1394.3,1338.2,758.9,436.9,64.1,1332.0,884,745,64
8_SM_000904,F,1684,49.8,374.1,778.0,727,914,1452.7,1376.0,814.4,449.6,65.0,1354.0,921,798,65
8_SM_000905,F,1618,44.9,340.2,742.0,690,868,1385.7,1306.1,756.7,419.5,68.4,1300.0,876,742,68
8_SM_000906,F,1665,60.9,361.5,856.0,780,974,1429.3,1347.3,759.3,437.8,60.7,1327.0,893,745,53
8_SM_000907,F,1707,92.3,371.3,1034.0,940,1153,1471.2,1421.1,773.3,447.4,68.1,1399.0,921,772,66
8_SM_000908,F,1705,67.6,368.9,888.0,786,987,1454.2,1379.4,787.1,460.0,69.0,1388.0,909,778,68
8_SM_000909,F,1645,55.5,370.6,810.0,651,944,1416.4,1345.3,727.1,423.1,63.6,1345.0,869,743,62
8_SM_000910,F,1670,86.0,376.5,1068.0,1005,1140,1440.8,1382.7,773.6,444.3,60.7,1377.0,897,773,65
8_SM_000911,F,1757,79.5,377.6,1008.0,889,1136,1523.6,1455.5,849.5,496.9,67.7,1446.0,969,824,68
8_SM_000912,F,1573,43.0,347.4,750.0,641,851,1347.8,1275.6,746.5,430.5,60.1,1260.0,869,736,58
8_SM_000913,F,1613,54.3,373.2,882.0,762,890,1364.5,1320.7,746.9,434.9,67.7,1305.0,858,728,62
8_SM_000914,F,1574,55.0,361.9,849.0,768,950,1345.6,1272.5,700.2,410.3,60.0,1260.0,846,696,58
8_SM_000915,F,1673,54.9,361.3,837.0,752,929,1424.9,1354.0,771.4,442.6,63.4,1324.0,898,749,64
8_SM_000916,F,1590,81.4,381.3,1027.0,910,1186,1357.6,1299.4,710.6,423.1,66.7,1279.0,845,708,64
8_SM_000917,F,1581,43.9,329.4,774.0,654,832,1346.8,1280.2,735.5,415.9,55.6,1297.0,837,709,56
8_SM_000918,F,1623,61.2,366.8,847.0,763,952,1395.7,1331.7,754.6,438.5,58.7,1328.0,882,748,63
8_SM_000919,F,1627,59.1,352.8,895.0,750,938,1401.0,1331.9,792.6,437.9,62.7,1316.0,887,756,63
8_SM_000920,F,1685,62.6,360.2,859.0,730,960,1451.8,1377.9,824.1,463.7,64.2,1374.0,929,790,62
8_SM_000921,F,1676,58.0,358.5,887.0,784,935,1438.5,1369.8,771.6,444.0,67.5,1363.0,906,765,68
8_SM_000922,F,1595,60.3,348.4,886.0,805,968,1358.6,1303.2,745.3,424.5,69.5,1292.0,866,714,67
8_SM_000923,F,1680,58.6,394.7,856.0,733,918,1445.2,1382.0,792.2,458.1,71.0,1346.0,925,777,69
8_SM_000924,F,1565,75.2,370.6,1042.0,997,1040,1336.5,1272.7,719.4,404.8,65.8,1256.0,833,689,62
8_SM_000925,F,1565,58.4,356.3,907.0,842,954,1322.9,1271.0,729.7,428.6,72.0,1267.0,845,718,68
8_SM_000926,F,1640,53.3,353.4,847.0,714,909,1412.1,1347.4,749.4,423.7,67.6,1351.0,871,735,65
8_SM_000927,F,1596,53.5,378.3,814.0,684,887,1369.7,1300.9,739.9,412.2,64.9,1282.0,824,712,63
8_SM_000928,F,1630,52.5,361.3,844.0,726,913,1401.9,1323.3,741.5,430.9,69.5,1322.0,865,729,67
8_SM_000929,F,1679,63.3,368.7,922.0,720,964,1422.4,1367.3,769.1,451.6,68.7,1356.0,906,762,64
8_SM_000930,F,1630,57.9,381.3,898.0,783,949,1395.9,1327.6,756.2,447.3,65.5,1337.0,877,735,62
8_SM_000931,F,1606,66.0,361.9,910.0,765,999,1366.0,1310.1,727.1,408.5,66.6,1276.0,841,710,60
8_SM_000932,F,1672,73.8,388.2,963.0,892,1036,1438.0,1372.8,759.6,437.2,69.3,1357.0,906,730,66
8_SM_000933,F,1703,63.4,401.5,906.0,754,958,1472.5,1398.7,793.6,444.4,67.7,1380.0,902,778,65
8_SM_000934,F,1576,53.5,362.2,845.0,780,935,1345.3,1290.1,711.0,416.8,62.3,1272.0,831,693,58
8_SM_000935,F,1656,63.2,364.0,905.0,773,982,1405.9,1343.8,738.7,444.9,63.9,1338.0,871,728,61
8_SM_000936,F,1592,49.1,368.8,800.0,722,900,1362.1,1290.8,748.6,430.5,63.0,1286.0,875,728,61
8_SM_000937,F,1594,52.3,347.1,875.0,749,884,1365.6,1305.8,728.3,415.3,66.1,1291.0,841,713,60
8_SM_000938,F,1608,59.9,356.6,852.0,762,980,1367.3,1310.7,765.7,432.0,63.9,1300.0,861,738,60
8_SM_000939,F,1688,61.4,353.6,897.0,754,948,1440.3,1393.3,805.0,468.0,70.6,1395.0,933,790,65
8_SM_000940,F,1563,50.7,344.7,823.0,687,901,1339.6,1282.7,731.0,414.4,59.7,1273.0,829,705,58
8_SM_000941,F,1603,60.2,383.1,916.0,775,983,1361.6,1310.1,751.7,431.7,64.7,1307.0,859,729,62
8_SM_000942,F,1645,82.0,403.0,1150.0,999,1059,1406.2,1357.9,736.8,472.0,69.9,1349.0,916,748,70
8_SM_000943,F,1558,44.2,349.7,805.0,715,834,1330.8,1258.6,694.3,398.6,60.0,1245.0,813,682,55
8_SM_000944,F,1674,75.3,396.4,997.0,874,1061,1422.5,1358.2,740.1,441.2,69.8,1356.0,897,733,67
8_SM_000945,F,1592,70.4,368.2,937.0,870,1052,1362.0,1304.6,725.4,420.2,66.7,1275.0,846,710,63
8_SM_000946,F,1678,55.9,346.0,860.0,736,907,1444.6,1384.2,635.0,443.7,65.5,1368.0,894,768,65
8_SM_000947,F,1678,51.2,362.7,799.0,648,889,1436.5,1369.8,789.8,457.8,73.7,1341.0,900,766,73
8_SM_000948,F,1629,62.9,375.3,910.0,753,1037,1407.3,1341.2,783.8,458.2,63.3,1314.0,915,771,63
8_SM_000949,F,1592,60.4,349.9,864.0,750,970,1354.1,1312.2,737.4,425.6,64.3,1284.0,839,715,58
8_SM_000950,F,1612,61.0,355.0,893.0,816,988,1388.6,1323.3,751.7,455.5,66.0,1316.0,874,736,62
8_SM_000951,F,1548,48.6,346.3,794.0,651,863,1323.7,1268.9,708.0,401.0,63.0,1265.0,810,683,59
8_SM_000952,F,1596,59.2,358.6,883.0,756,920,1355.9,1287.9,718.6,419.1,63.3,1270.0,826,703,58
8_SM_000953,F,1613,53.5,363.5,845.0,708,915,1381.9,1313.1,739.8,418.9,70.2,1303.0,837,715,68
8_SM_000954,F,1691,58.2,338.9,805.0,658,940,1456.8,1380.7,801.0,449.3,72.2,1387.0,904,775,67
8_SM_000955,F,1624,54.3,353.0,840.0,690,925,1389.7,1331.0,784.8,433.4,62.3,1338.0,887,751,60
8_SM_000956,F,1627,82.5,372.2,1035.0,897,1105,1400.9,1340.8,708.7,432.8,67.1,1330.0,834,704,65
8_SM_000957,F,1579,52.5,326.4,828.0,722,921,1358.7,1291.6,704.2,409.9,61.7,1285.0,846,694,60
8_SM_000958,F,1671,59.2,387.5,817.0,701,938,1431.5,1365.1,746.9,435.5,65.3,1344.0,870,737,62
8_SM_000959,F,1641,77.4,376.7,1024.0,943,1054,1409.9,1353.5,784.3,447.7,70.0,1328.0,888,768,70
8_SM_000960,F,1574,38.9,346.9,710.0,554,804,1342.0,1274.9,743.5,421.0,53.5,1268.0,849,724,51
8_SM_000961,F,1614,65.3,378.4,914.0,777,1018,1387.3,1304.8,734.5,431.1,55.5,1300.0,861,719,53
8_SM_000962,F,1637,57.0,382.5,860.0,708,955,1396.4,1314.4,737.0,426.4,65.3,1281.0,855,722,62
8_SM_000963,F,1635,81.4,389.4,1051.0,896,1118,1406.1,1333.9,735.0,427.8,61.8,1323.0,886,715,61
8_SM_000964,F,1578,49.4,341.7,816.0,698,883,1335.0,1278.5,708.4,414.0,61.4,1267.0,841,698,56
8_SM_000965,F,1700,63.5,360.7,910.0,743,994,1464.3,1397.3,763.3,451.4,68.3,1372.0,918,747,67
8_SM_000966,F,1561,47.0,357.2,763.0,680,869,1335.3,1265.8,733.2,425.6,70.6,1249.0,854,717,66
8_SM_000967,F,1614,52.6,338.4,854.0,703,897,1381.6,1325.5,766.6,450.0,59.3,1318.0,878,747,61
8_SM_000968,F,1619,58.3,367.3,859.0,747,949,1385.7,1323.8,753.1,448.4,65.5,1306.0,860,736,64
8_SM_000969,F,1634,55.3,361.4,847.0,704,908,1401.6,1326.0,744.5,429.6,64.8,1332.0,856,727,63
8_SM_000970,F,1631,48.9,353.4,783.0,641,874,1400.3,1338.8,793.7,452.8,70.4,1325.0,894,769,68
8_SM_000971,F,1612,59.7,352.6,904.0,791,954,1375.0,1306.0,733.6,442.1,72.3,1312.0,862,723,66
8_SM_000972,F,1565,47.3,352.6,762.0,650,870,1330.1,1270.2,736.7,422.4,61.1,1287.0,837,715,59
8_SM_000973,F,1617,71.0,369.6,962.0,848,1039,1382.7,1330.6,785.7,447.5,64.4,1329.0,907,780,65
8_SM_000974,F,1655,65.3,371.8,951.0,778,970,1424.5,1370.4,776.2,441.1,67.4,1356.0,901,764,65
8_SM_000975,F,1658,50.9,352.6,797.0,683,890,1415.3,1347.3,764.0,451.6,66.5,1332.0,885,752,66
8_SM_000976,F,1669,83.3,389.9,955.0,886,1072,1433.9,1359.2,769.2,432.3,69.7,1355.0,883,744,68
8_SM_000977,F,1628,60.2,355.4,868.0,772,925,1407.1,1334.0,762.6,428.4,62.9,1337.0,878,749,63
8_SM_000978,F,1596,57.5,359.3,872.0,749,968,1352.7,1298.7,743.9,438.8,64.8,1295.0,859,735,63
8_SM_000979,F,1609,49.7,349.6,756.0,657,874,1371.8,1301.7,732.5,411.8,65.2,1260.0,842,712,62
8_SM_000980,F,1639,53.9,382.3,818.0,671,928,1405.0,1324.4,760.9,423.8,62.5,1334.0,864,742,63
8_SM_000981,F,1643,70.3,363.4,959.0,887,1056,1417.6,1353.6,785.1,450.2,70.3,1345.0,898,769,65
8_SM_000982,F,1690,67.2,382.7,932.0,836,998,1459.4,1373.9,767.5,440.4,67.6,1366.0,893,750,67
8_SM_000983,F,1530,45.3,356.1,770.0,632,865,1314.2,1253.5,698.5,403.1,60.1,1246.0,799,684,57
8_SM_000984,F,1632,53.8,355.3,830.0,689,908,1409.6,1344.5,816.4,461.0,73.1,1327.0,890,781,70
8_SM_000985,F,1709,57.6,385.4,887.0,767,920,1460.6,1400.7,802.2,456.5,62.3,1375.0,916,791,60
8_SM_000986,F,1591,58.8,359.1,838.0,745,993,1369.3,1304.4,766.2,436.2,66.4,1290.0,882,736,64
8_SM_000987,F,1685,69.2,350.6,865.0,818,1021,1442.8,1388.1,776.6,450.6,66.2,1385.0,899,761,63
8_SM_000988,F,1617,66.0,391.3,942.0,814,983,1396.8,1322.4,756.8,415.4,66.7,1323.0,863,740,62
8_SM_000989,F,1538,44.7,355.7,767.0,601,880,1320.7,1255.0,721.3,410.5,63.4,1243.0,837,708,61
8_SM_000990,F,1699,53.6,378.1,767.0,632,893,1458.2,1390.1,817.4,457.8,61.6,1386.0,926,798,60
8_SM_000991,F,1576,50.6,346.3,840.0,677,879,1354.3,1293.8,724.1,413.8,68.5,1270.0,836,706,65
8_SM_000992,F,1677,73.7,409.8,970.0,874,1021,1446.8,1383.2,792.3,462.7,70.8,1362.0,904,773,65
8_SM_000993,F,1586,58.8,362.0,947.0,812,920,1347.2,1291.0,744.5,439.1,74.5,1276.0,868,726,71
8_SM_000994,F,1622,61.6,359.5,896.0,711,955,1386.4,1334.3,767.7,434.3,66.2,1318.0,858,746,64
8_SM_000995,F,1565,45.2,349.9,802.0,649,827,1328.9,1269.8,709.8,397.1,63.5,1261.0,810,686,61
8_SM_000996,F,1591,51.9,354.0,873.0,742,903,1352.8,1292.2,731.7,432.6,62.6,1290.0,853,722,60
8_SM_000997,F,1508,59.1,361.3,926.0,789,962,1288.8,1218.9,684.8,391.4,63.8,1211.0,787,655,61
8_SM_000998,F,1648,49.3,362.3,793.0,640,892,1399.7,1329.1,747.0,419.5,63.5,1332.0,845,728,61
8_SM_000999,F,1657,58.8,357.9,868.0,716,930,1421.8,1357.5,792.0,455.1,71.3,1346.0,879,757,69
8_SM_001000,F,1660,60.4,367.3,843.0,680,950,1413.0,1350.6,787.9,448.0,59.6,1343.0,895,768,60
8_SM_001001,F,1606,53.5,353.8,777.0,692,918,1382.2,1313.0,752.6,430.9,60.7,1294.0,862,736,62
8_SM_001002,F,1540,50.5,331.1,829.0,703,915,1315.2,1257.4,742.8,419.2,65.8,1241.0,836,710,63
8_SM_001003,F,1622,56.2,374.7,824.0,734,949,1396.0,1314.4,765.5,436.4,68.0,1315.0,858,740,68
8_SM_001004,F,1555,50.5,350.0,823.0,672,890,1329.9,1273.0,712.7,420.5,63.9,1247.0,820,692,61
8_SM_001005,F,1693,65.2,372.2,889.0,749,1008,1465.1,1382.7,762.8,436.1,68.4,1381.0,886,745,68
8_SM_001006,F,1638,67.2,358.7,910.0,808,1013,1390.0,1327.2,759.8,440.1,65.9,1351.0,885,750,63
8_SM_001007,F,1608,53.4,364.0,817.0,658,940,1366.7,1310.0,729.3,425.8,61.8,1300.0,841,715,60
8_SM_001008,F,1625,51.1,337.8,770.0,670,920,1394.3,1329.5,767.1,418.8,61.6,1326.0,858,744,63
8_SM_001009,F,1535,45.4,347.8,809.0,620,885,1331.1,1257.0,688.8,392.4,59.8,1235.0,797,677,55
8_SM_001010,F,1610,51.4,339.4,820.0,689,908,1375.8,1318.5,781.7,438.6,63.4,1305.0,896,761,67
8_SM_001011,F,1605,48.6,343.2,759.0,640,883,1370.8,1300.7,769.06,424.4,62.1,1285.0,879,753,64
8_SM_001012,F,1546,49.3,358.8,806.0,678,915,1320.1,1257.5,751.3,427.9,60.1,1225.0,862,727,54
8_SM_001013,F,1564,45.1,350.5,804.0,660,860,1333.8,1275.6,716.3,414.2,60.8,1256.0,827,694,60
8_SM_001014,F,1585,47.4,345.3,855.0,701,855,1359.5,1303.2,751.7,429.7,57.9,1287.0,859,737,53
8_SM_001015,F,1600,60.6,345.2,879.0,761,1013,1356.4,1296.1,738.8,424.3,67.1,1298.0,848,725,64
8_SM_001016,F,1540,64.4,363.9,977.0,883,998,1306.6,1259.7,706.2,414.9,62.8,1243.0,831,694,68
8_SM_001017,F,1770,69.0,389.7,894.0,738,997,1524.0,1457.5,836.0,490.4,73.2,1471.0,952,816,70
8_SM_001018,F,1627,55.4,339.8,873.0,735,865,1391.4,1350.9,762.2,454.7,70.9,1355.0,875,744,70
8_SM_001019,F,1592,48.4,330.7,814.0,668,888,1362.2,1304.2,767.1,450.5,75.6,1312.0,863,739,71
8_SM_001020,F,1659,60.4,385.6,861.0,746,965,1421.8,1365.5,747.9,428.2,63.4,1335.0,871,740,65
8_SM_001021,F,1536,47.6,349.9,804.0,684,879,1299.7,1241.9,683.2,405.3,57.1,1223.0,808,677,62
8_SM_001022,F,1575,50.1,381.3,849.0,706,880,1340.6,1273.5,730.3,418.7,58.0,1245.0,838,708,60
8_SM_001023,F,1621,57.0,,849.0,732,917,,,,,,1306.0,874,729,62
8_SM_001024,F,1611,48.4,,817.0,715,884,,,,,,1311.0,874,744,58
8_SM_001025,F,1600,55.7,,827.0,736,950,,,,,,1285.0,864,730,64
8_SM_001026,F,1599,47.3,,773.0,629,875,,,,,,1281.0,862,728,59
8_SM_001027,F,1637,44.9,351.0,752.0,632,826,1406.8,1342.6,781.2,434.9,63.1,1296.0,886,750,61
8_SM_001028,F,1586,54.6,365.3,805.0,729,952,1365.1,1289.7,753.1,439.7,61.25,1278.0,879,727,61
8_SM_001029,F,1521,47.6,338.4,840.0,701,865,1296.4,1229.3,695.0,385.0,54.8,1211.0,791,667,51
8_SM_001030,F,1603,63.5,360.0,904.0,805,968,1371.7,1324.6,756.1,419.5,66.5,1312.0,847,724,62
8_SM_001031,F,1702,68.7,378.3,934.0,824,1020,1477.7,1400.3,803.5,481.9,66.8,1405.0,923,784,63
8_SM_001032,F,1711,66.5,375.5,935.0,793,985,1472.1,1417.8,837.7,481.7,61.3,1400.0,925,800,62
8_SM_001033,F,1640,70.6,369.4,1014.0,873,1055,1408.0,1343.0,778.5,448.7,67.0,1339.0,902,764,65
8_SM_001034,F,1620,47.6,352.5,790.0,617,862,1383.0,1312.2,750.2,423.5,57.9,1287.0,843,725,58
8_SM_001035,F,1569,53.9,345.7,874.0,747,910,1344.1,1286.2,738.7,422.6,60.2,1273.0,868,729,58
8_SM_001036,F,1614,56.3,346.4,796.0,728,952,1380.9,1321.3,782.6,434.2,65.9,1314.0,885,743,63
8_SM_001037,F,1688,89.6,397.2,1113.0,981,1153,1450.5,1389.3,746.4,456.4,63.5,1370.0,878,745,62
8_SM_001038,F,1635,56.2,356.4,874.0,715,925,1420.0,1346.4,734.7,431.2,68.9,1324.0,860,720,66
8_SM_001039,F,1666,49.3,353.5,768.0,661,890,1436.1,1360.3,784.3,441.2,65.3,1346.0,884,765,65
8_SM_001040,F,1637,71.1,350.4,940.0,846,1062,1406.4,1343.0,770.9,432.4,65.5,1320.0,897,752,65
8_SM_001041,F,1542,84.1,370.9,1110.0,1048,1088,1309.2,1250.4,681.6,405.4,71.5,1248.0,817,686,72
8_SM_001042,F,1612,64.9,359.5,990.0,856,930,1378.2,1326.3,721.3,422.5,66.2,1315.0,855,704,64
8_SM_001043,F,1558,65.1,338.0,975.0,910,976,1327.9,1273.4,718.4,414.0,58.1,1294.0,834,686,54
8_SM_001044,F,1622,60.9,361.0,890.0,753,957,1386.0,1322.2,763.6,421.0,64.4,1327.0,869,736,62
8_SM_001045,F,1607,49.4,345.2,844.0,666,876,1372.8,1316.1,740.1,426.5,67.8,1298.0,859,719,65
8_SM_001046,F,1679,73.3,372.7,973.0,823,1025,1438.5,1382.9,787.2,450.9,69.2,1379.0,907,763,64
8_SM_001047,F,1551,46.4,336.6,770.0,639,881,1324.7,1257.7,721.0,419.5,73.2,1241.0,826,706,69
8_SM_001048,F,1668,58.0,377.0,854.0,738,940,1425.2,1357.8,759.0,445.0,69.7,1333.0,881,739,66
8_SM_001049,F,1674,52.7,351.2,800.0,653,908,1432.5,1365.9,783.1,449.7,63.6,1354.0,901,773,60
8_SM_001050,F,1672,51.5,369.8,750.0,675,953,1433.3,1365.8,769.4,428.9,68.1,1358.0,899,751,65
8_SM_001051,F,1638,61.2,376.1,878.0,809,963,1400.3,1333.8,751.0,445.9,67.5,1326.0,874,735,65
8_SM_001052,F,1581,54.9,354.9,875.0,719,932,1343.1,1278.5,737.2,426.3,58.2,1271.0,853,712,57
8_SM_001053,F,1628,64.5,364.3,893.0,819,980,1389.0,1317.5,747.1,424.7,63.2,1304.0,862,725,63
8_SM_001054,F,1636,54.3,350.8,825.0,690,924,1412.0,1348.9,780.9,446.0,62.8,1354.0,899,763,62
8_SM_001055,F,1531,58.2,337.3,862.0,800,961,1308.7,1236.9,654.1,380.3,65.5,1233.0,775,647,58
8_SM_001056,F,1700,82.2,375.2,1036.0,905,1060,1470.6,1407.8,769.2,453.4,65.1,1394.0,923,763,63
8_SM_001057,F,1629,48.3,360.5,758.0,626,895,1405.1,1327.6,743.8,437.0,58.0,1322.0,850,723,59
8_SM_001058,F,1567,48.0,350.9,824.0,711,899,1342.5,1246.9,752.0,415.3,61.0,1254.0,855,723,58
8_SM_001059,F,1697,60.1,393.3,859.0,736,905,1463.1,1388.4,771.2,442.2,65.6,1372.0,883,754,65
8_SM_001060,F,1582,53.1,348.8,784.0,715,940,1368.9,1292.6,745.2,433.2,69.2,1271.0,875,727,67
8_SM_001061,F,1485,38.4,322.7,758.0,610,792,1271.5,1207.0,704.5,402.0,57.0,1202.0,805,688,56
8_SM_001062,F,1644,54.1,334.6,784.0,678,920,1415.5,1355.8,814.1,454.9,65.9,1334.0,904,784,67
8_SM_001063,F,1704,85.5,390.6,1090.0,988,1128,1459.1,1393.1,818.3,484.6,73.6,1407.0,953,800,73
8_SM_001064,F,1701,73.3,387.3,1020.0,843,1003,1476.9,1393.0,814.4,460.8,70.7,1384.0,913,778,68
8_SM_001065,F,1634,54.4,354.0,877.0,737,890,1405.7,1341.1,800.9,464.9,59.7,1329.0,908,784,60
8_SM_001066,F,1615,56.6,358.2,812.0,717,940,1373.7,1304.6,730.5,417.3,69.1,1285.0,841,706,67
8_SM_001067,F,1602,64.5,366.6,894.0,754,1000,1380.4,1300.8,716.5,416.6,65.7,1289.0,837,698,62
8_SM_001068,F,1648,64.0,353.5,845.0,756,997,1418.4,1343.3,779.9,458.3,67.7,1335.0,894,745,64
8_SM_001069,F,1612,60.2,365.8,894.0,728,953,1386.5,1307.1,734.1,416.1,63.9,1295.0,857,726,63
8_SM_001070,F,1683,64.9,388.3,893.0,779,972,1441.2,1361.9,779.6,447.7,72.7,1360.0,891,757,68
8_SM_001071,F,1685,55.2,377.8,816.0,742,912,1457.2,1370.4,819.5,462.0,71.6,1382.0,947,800,69
8_SM_001072,F,1677,70.4,397.3,973.0,803,963,1444.9,1376.4,772.6,438.5,61.6,1362.0,909,767,63
8_SM_001073,F,1590,51.6,366.9,763.0,668,901,1371.8,1287.9,728.7,413.8,62.0,1264.0,820,694,62
8_SM_001074,F,1683,64.6,375.3,917.0,717,982,1451.6,1379.5,790.2,456.8,67.5,1380.0,902,768,66
8_SM_001075,F,1633,64.4,354.2,889.0,756,972,1396.0,1332.7,736.6,410.9,62.6,1324.0,853,721,62
8_SM_001076,F,1698,51.5,356.5,843.0,658,895,1467.0,1381.1,760.6,444.0,67.3,1389.0,893,745,64
8_SM_001077,F,1582,49.3,357.8,786.0,669,882,1352.9,1296.8,773.7,435.0,64.9,1302.0,866,741,62
8_SM_001078,F,1570,51.1,351.5,832.0,678,912,1348.9,1300.2,728.0,411.6,58.3,1282.0,849,708,58
8_SM_001079,F,1666,66.5,377.2,899.0,827,984,1451.8,1379.4,790.1,456.5,68.7,1346.0,915,765,73
8_SM_001080,F,1604,52.9,367.2,850.0,749,890,1388.4,1312.7,790.5,439.1,63.5,1308.0,895,764,63
8_SM_001081,F,1651,69.9,351.1,945.0,856,1022,1428.6,1343.5,766.3,446.7,69.9,1344.0,896,748,69
8_SM_001082,F,1635,47.6,351.1,740.0,640,892,1397.2,1330.8,771.4,445.5,68.0,1337.0,876,753,70
8_SM_001083,F,1631,63.6,371.1,915.0,780,980,1388.1,1334.1,743.8,440.8,69.4,1317.0,868,727,67
8_SM_001084,F,1582,52.2,327.5,862.0,684,895,1342.2,1293.0,751.6,419.8,65.7,1301.0,862,730,63
8_SM_001085,F,1645,69.0,361.6,995.0,856,1004,1418.2,1333.0,767.0,453.9,68.2,1324.0,880,746,65
8_SM_001086,F,1706,56.5,380.6,798.0,693,915,1476.5,1392.2,780.8,437.2,68.1,1381.0,903,757,66
8_SM_001087,F,1645,75.1,387.7,970.0,817,1090,1409.7,1335.8,762.3,438.4,68.4,1320.0,889,753,69
8_SM_001088,F,1581,47.5,348.0,771.0,645,882,1362.5,1299.5,733.6,409.2,60.2,1282.0,855,714,62
8_SM_001089,F,1575,57.7,372.0,858.0,730,958,1324.6,1270.4,703.9,424.2,60.5,1250.0,818,701,58
8_SM_001090,F,1696,84.7,390.7,1040.0,917,1120,1465.6,1399.1,775.2,452.5,59.7,1393.0,911,768,61
8_SM_001091,F,1569,45.7,349.9,750.0,656,858,1357.3,1283.7,753.7,428.6,59.7,1265.0,867,735,61
8_SM_001092,F,1539,48.3,336.7,800.0,681,902,1310.4,1254.7,742.5,429.4,61.0,1252.0,830,715,60
8_SM_001093,F,1681,58.9,368.9,877.0,724,921,1457.3,1383.6,810.2,458.1,64.3,1374.0,921,795,64
8_SM_001094,F,1727,91.4,413.0,1074.0,932,1172,1479.1,1414.3,786.2,470.3,67.3,1398.0,953,790,71
8_SM_001095,F,1572,50.2,366.4,794.0,715,882,1345.8,1277.1,696.6,403.3,63.3,1248.0,815,687,62
8_SM_001096,F,1652,51.3,367.3,792.0,673,891,1422.6,1348.3,794.1,435.2,59.8,1332.0,908,758,62
8_SM_001097,F,1616,53.8,384.0,795.0,744,917,1393.0,1311.4,759.5,455.6,58.9,1307.0,875,738,59
8_SM_001098,F,1618,58.1,372.0,829.0,722,945,1389.0,1304.8,757.0,445.3,77.6,1314.0,860,732,77
8_SM_001099,F,1553,50.0,337.5,826.0,674,882,1330.6,1263.9,720.7,403.0,67.3,1239.0,825,693,64
8_SM_001100,F,1600,49.8,355.5,786.0,697,898,1370.3,1315.2,753.0,427.4,61.8,1288.0,867,736,64
8_SM_001101,F,1547,59.8,342.6,935.0,794,945,1317.0,1277.6,739.8,436.9,62.4,1260.0,849,712,62
8_SM_001102,F,1638,60.8,335.3,828.0,755,987,1412.4,1352.3,756.5,446.3,68.2,1363.0,877,742,70
8_SM_001103,F,1606,59.0,352.3,867.0,693,994,1371.1,1309.1,740.8,424.9,63.1,1304.0,859,730,66
8_SM_001104,F,1577,48.6,339.1,774.0,652,885,1347.0,1268.5,718.8,418.1,67.5,1254.0,821,693,67
8_SM_001105,F,1554,56.5,349.4,887.0,770,948,1322.2,1253.5,689.9,400.8,61.1,1250.0,810,686,60
8_SM_001106,F,1703,64.9,355.2,853.0,762,995,1472.8,1405.5,804.3,445.4,71.3,1371.0,905,774,72
8_SM_001107,F,1662,50.3,390.9,835.0,740,882,1431.4,1354.1,792.1,459.7,63.3,1360.0,913,781,65
8_SM_001108,F,1609,51.4,351.8,843.0,705,861,1377.7,1313.1,749.8,432.4,57.6,1304.0,864,724,61
8_SM_001109,F,1549,59.4,353.4,901.0,799,953,1321.6,1257.8,698.9,405.0,64.3,1238.0,837,687,63
8_SM_001110,F,1590,51.6,345.9,820.0,713,930,1362.9,1291.2,746.2,428.8,57.3,1280.0,852,719,60
8_SM_001111,F,1583,48.6,356.3,785.0,661,905,1357.3,1277.2,706.6,420.1,65.7,1280.0,807,688,63
8_SM_001112,F,1618,69.2,367.9,1000.0,810,1047,1399.6,1335.1,800.5,444.9,63.1,1325.0,913,780,62
8_SM_001113,F,1524,62.5,359.5,916.0,817,992,1289.4,1243.6,681.7,398.5,64.2,1230.0,798,668,62
8_SM_001114,F,1641,54.4,363.3,840.0,756,930,1404.2,1337.2,763.3,439.7,70.6,1323.0,864,731,70
8_SM_001115,F,1665,64.4,375.0,855.0,752,987,1437.4,1377.2,766.7,444.3,66.1,1343.0,901,752,68
8_SM_001116,F,1614,55.3,350.6,898.0,710,920,1394.3,1331.7,761.7,435.1,67.2,1315.0,874,737,63
8_SM_001117,F,1585,54.3,348.1,788.0,728,954,1360.4,1276.6,715.0,411.4,64.1,1275.0,828,677,65
8_SM_001118,F,1627,55.9,359.2,805.0,726,952,1412.3,1328.0,765.1,450.4,63.1,1316.0,879,747,62
8_SM_001119,F,1656,51.1,356.7,782.0,664,853,1436.6,1346.7,776.9,454.9,70.4,1344.0,915,762,70
8_SM_001120,F,1567,69.2,343.0,973.0,855,1006,1316.3,1257.3,706.6,409.7,60.2,1275.0,834,704,58
8_SM_001121,F,1645,67.9,359.8,938.0,800,1033,1400.2,1347.5,755.4,435.9,70.1,1327.0,867,740,68
8_SM_001122,F,1641,59.6,358.3,878.0,765,992,1410.8,1330.3,757.8,441.3,63.2,1336.0,882,749,64
8_SM_001123,F,1575,47.0,347.1,775.0,638,913,1356.4,1276.6,693.8,404.3,61.9,1271.0,818,679,60
8_SM_001124,F,1672,57.7,359.1,835.0,778,979,1453.2,1375.0,809.9,475.9,69.0,1360.0,927,787,66
8_SM_001125,F,1585,81.1,375.1,1088.0,938,1069,1358.0,1302.6,725.6,427.1,70.4,1312.0,856,712,72
8_SM_001126,F,1581,55.5,364.7,848.0,683,984,1362.0,1276.9,744.3,418.7,67.9,1264.0,867,720,64
8_SM_001127,F,1522,52.8,329.3,859.0,736,922,1292.9,1239.3,688.4,386.4,60.5,1222.0,793,669,58
8_SM_001128,F,1649,49.5,344.6,788.0,717,887,1416.6,1331.5,767.7,450.5,65.7,1330.0,875,743,67
8_SM_001129,F,1530,49.0,334.1,800.0,694,902,1301.0,1227.2,706.2,404.5,62.2,1234.0,798,682,62
8_SM_001130,F,1554,54.9,347.3,821.0,715,952,1318.3,1270.4,705.3,411.5,62.2,1265.0,821,679,62
8_SM_001131,F,1654,50.8,353.5,766.0,651,894,1429.1,1351.4,772.5,437.1,65.5,1344.0,885,747,65
8_SM_001132,F,1697,58.2,368.1,796.0,693,960,1459.1,1394.0,809.8,452.4,69.4,1374.0,913,779,68
8_SM_001133,F,1690,59.0,359.0,848.0,738,939,1448.1,1382.7,786.1,456.2,71.3,1369.0,900,763,70
8_SM_001134,F,1514,60.5,340.6,896.0,817,985,1287.5,1237.4,699.4,401.9,61.1,1233.0,818,675,62
8_SM_001135,F,1525,50.5,348.7,844.0,696,898,1293.8,1233.5,689.7,396.5,55.8,1228.0,799,665,55
8_SM_001136,F,1597,58.7,370.5,905.0,796,985,1368.6,1284.2,777.8,435.8,61.78,1295.0,893,750,64
8_SM_001137,F,1595,54.1,362.3,828.0,721,920,1365.9,1303.5,735.0,434.1,61.7,1277.0,857,715,62
8_SM_001138,F,1612,54.5,358.7,859.0,731,920,1384.2,1330.8,771.0,454.9,66.0,1287.0,890,749,63
8_SM_001139,F,1649,57.8,373.3,866.0,715,956,1410.4,1335.3,766.9,435.9,68.0,1334.0,902,755,65
8_SM_001140,F,1548,53.2,360.1,875.0,730,910,1338.1,1275.2,761.0,424.4,64.6,1261.0,847,714,62
8_SM_001141,F,1646,67.0,361.4,906.0,808,1034,1419.8,1354.5,772.4,446.0,67.9,1356.0,887,761,68
8_SM_001142,F,1721,56.4,372.1,820.0,684,960,1500.9,1407.3,816.1,466.0,68.5,1415.0,919,788,70
8_SM_001143,F,1619,70.4,363.1,1019.0,931,1018,1386.7,1334.5,757.7,448.1,77.1,1324.0,891,756,78
8_SM_001144,F,1593,49.4,369.9,857.0,672,874,1344.0,1283.2,723.8,438.0,59.7,1285.0,847,701,60
8_SM_001145,F,1600,65.2,352.8,875.0,798,1078,1357.8,1298.2,726.2,424.0,66.1,1290.0,831,701,63
8_SM_001146,F,1612,58.5,365.6,902.0,725,911,1383.4,1308.4,723.9,413.9,64.7,1293.0,829,700,62
8_SM_001147,F,1636,48.9,351.8,803.0,656,864,1401.6,1334.3,768.9,435.3,66.0,1319.0,868,749,65
8_SM_001148,F,1678,61.7,374.4,868.0,703,964,1445.4,1363.9,785.9,449.6,62.8,1348.0,901,753,65
8_SM_001149,F,1660,71.1,393.9,1029.0,842,1025,1431.8,1366.6,790.1,445.3,61.4,1363.0,909,765,62
8_SM_001150,F,1603,57.2,355.7,869.0,726,954,1377.2,1308.2,743.9,413.8,62.1,1299.0,851,729,62
8_SM_001151,F,1649,67.8,385.6,978.0,823,970,1412.5,1360.1,782.8,445.9,69.2,1342.0,920,774,71
8_SM_001152,F,1635,90.3,404.6,1135.0,1008,1125,1403.8,1349.3,714.7,437.2,75.8,1336.0,880,713,71
8_SM_001153,F,1607,45.1,341.3,768.0,638,852,1377.2,1306.1,756.7,434.6,59.3,1286.0,877,745,59
8_SM_001154,F,1586,54.3,355.9,865.0,771,921,1367.6,1287.2,734.3,427.5,58.6,1274.0,837,718,58
8_SM_001155,F,1538,44.6,332.6,763.0,681,853,1314.8,1253.2,715.4,410.8,60.0,1234.0,815,695,57
8_SM_001156,F,1589,53.4,348.0,840.0,744,915,1362.6,1287.8,737.3,433.4,68.6,1295.0,854,718,70
8_SM_001157,F,1537,53.7,334.4,891.0,757,940,1319.2,1259.1,711.8,411.2,62.5,1267.0,833,699,64
8_SM_001158,F,1674,47.4,365.9,760.0,611,879,1445.9,1361.8,776.2,456.4,62.8,1354.0,893,756,62
8_SM_001159,F,1630,51.6,331.8,794.0,662,927,1392.7,1324.7,747.0,432.2,65.3,1312.0,888,732,65
8_SM_001160,F,1572,50.7,354.0,812.0,704,916,1353.3,1273.5,728.8,412.3,60.7,1264.0,826,696,60
8_SM_001161,F,1605,68.6,372.2,935.0,826,1030,1375.1,1312.2,733.0,437.5,65.7,1299.0,873,716,64
8_SM_001162,F,1522,45.5,337.5,795.0,653,867,1306.4,1241.3,696.0,401.1,56.9,1234.0,820,684,58
8_SM_001163,F,1562,77.3,380.2,1007.0,897,1078,1343.8,1279.7,699.0,414.6,73.0,1285.0,849,691,70
8_SM_001164,F,1583,64.4,346.5,970.0,832,995,1349.1,1291.6,714.8,423.8,69.5,1281.0,839,698,68
8_SM_001165,F,1726,59.6,376.4,848.0,676,974,1494.9,1414.2,828.0,472.3,65.7,1414.0,947,803,65
8_SM_001166,F,1725,71.0,364.1,968.0,819,971,1486.0,1411.3,806.5,462.8,68.8,1424.0,930,791,69
8_SM_001167,F,1608,60.0,378.0,881.0,733,978,1384.6,1308.2,712.4,401.6,56.5,1284.0,852,699,57
8_SM_001168,F,1649,51.5,361.5,810.0,649,919,1406.9,1338.4,773.1,441.5,64.4,1326.0,871,740,62
8_SM_001169,F,1560,49.9,360.6,795.0,682,932,1338.7,1268.1,708.0,425.9,65.6,1243.0,820,684,64
8_SM_001170,F,1580,81.9,376.8,1020.0,924,1152,1354.5,1297.6,725.1,439.7,63.7,1271.0,861,709,63
8_SM_001171,F,1595,56.5,371.3,884.0,797,923,1387.7,1322.9,759.8,431.5,63.6,1299.0,875,737,59
8_SM_001172,F,1502,47.2,357.9,811.0,668,894,1289.6,1223.0,697.2,388.8,59.2,1221.0,788,661,55
8_SM_001173,F,1583,58.2,350.7,821.0,785,931,1363.4,1306.5,763.2,424.1,69.1,1290.0,843,730,67
8_SM_001174,F,1627,54.6,384.6,834.0,701,938,1390.7,1315.7,718.8,406.2,64.8,1302.0,837,707,63
8_SM_001175,F,1594,48.5,359.8,825.0,647,857,1366.2,1289.5,726.7,424.7,61.8,1267.0,827,704,64
8_SM_001176,F,1699,59.5,364.3,854.0,784,947,1471.1,1381.8,815.1,473.3,72.5,1368.0,926,789,74
8_SM_001177,F,1678,60.7,377.7,886.0,765,977,1447.8,1384.1,815.7,463.9,64.4,1381.0,934,789,65
8_SM_001178,F,1601,66.2,356.9,983.0,877,1000,1386.6,1312.1,744.0,426.6,59.8,1301.0,871,719,61
8_SM_001179,F,1568,72.0,373.3,973.0,841,1094,1340.8,1273.0,699.0,411.0,68.2,1259.0,836,691,62
8_SM_001180,F,1612,84.4,376.0,977.0,883,1141,1382.6,1312.2,699.7,430.7,59.8,1312.0,856,694,63
8_SM_001181,F,1591,51.8,342.9,828.0,699,913,1371.9,1308.1,771.3,428.2,64.6,1266.0,882,744,68
8_SM_001182,F,1578,42.4,341.7,748.0,663,858,1349.9,1287.2,765.5,428.1,60.8,1273.0,878,744,59
8_SM_001183,F,1644,58.2,357.7,840.0,755,949,1412.8,1347.3,787.7,448.1,59.8,1333.0,881,759,61
8_SM_001184,F,1619,57.9,346.2,893.0,745,926,1395.7,1321.5,740.3,425.6,68.0,1313.0,855,722,64
8_SM_001185,F,1631,47.6,356.8,744.0,638,860,1391.1,1327.6,757.2,442.5,60.7,1317.0,872,737,63
8_SM_001186,F,1572,58.3,,870.0,782,967,,,,,,1248.0,848,711,66
8_SM_001187,F,1624,52.5,370.6,790.0,675,908,1399.7,1326.7,765.2,440.5,61.8,1300.0,873,744,63
8_SM_001188,F,1560,64.0,379.6,898.0,838,996,1360.9,1284.1,725.4,439.8,65.6,1248.0,850,717,63
8_SM_001189,F,1594,53.7,373.0,849.0,702,935,1328.4,1271.5,728.8,414.9,61.4,1292.0,850,708,62
8_SM_001190,F,1602,49.3,355.8,811.0,697,912,1369.6,1305.5,733.6,419.1,61.5,1310.0,863,712,60
8_SM_001191,F,1589,49.4,350.8,838.0,728,860,1369.0,1282.3,703.4,423.8,68.7,1286.0,830,701,68
8_SM_001192,F,1590,55.0,351.6,855.0,763,922,1357.1,1290.7,740.3,425.7,62.4,1304.0,871,732,61
8_SM_001193,F,1611,65.3,350.1,953.0,872,980,1385.5,1317.7,733.7,420.4,59.9,1308.0,848,721,59
8_SM_001194,F,1577,64.4,353.4,955.0,825,1009,1341.4,1280.0,697.1,427.7,62.9,1279.0,816,676,62
8_SM_001195,F,1560,66.7,380.7,990.0,863,972,1332.2,1259.5,713.4,415.9,68.0,1255.0,845,695,67
8_SM_001196,F,1670,66.1,366.5,889.0,816,1035,1438.1,1377.7,792.6,445.9,58.6,1365.0,899,760,60
8_SM_001197,F,1655,53.9,345.4,855.0,727,904,1419.4,1338.4,791.8,450.3,63.3,1341.0,903,765,63
8_SM_001198,F,1622,53.3,359.1,824.0,704,884,1403.8,1316.6,739.1,425.4,70.5,1304.0,853,715,67
8_SM_001199,F,1567,48.3,340.7,768.0,677,920,1355.7,1268.6,720.2,406.0,60.3,1241.0,817,687,56
8_SM_001200,F,1647,52.9,373.7,846.0,715,859,1436.3,1334.5,784.2,438.1,64.3,1357.0,891,757,61
8_SM_001201,F,1642,63.0,369.6,854.0,767,966,1419.8,1333.9,732.4,423.1,68.1,1311.0,854,713,65
8_SM_001202,F,1632,57.1,360.2,864.0,683,898,1400.6,1344.1,767.1,441.9,70.9,1333.0,893,743,64
8_SM_001203,F,1647,52.7,358.5,814.0,714,884,1417.4,1335.7,785.4,449.2,67.5,1329.0,905,763,61
8_SM_001204,F,1715,57.0,370.8,854.0,696,918,1488.1,1416.7,700.8,469.8,73.0,1400.0,927,777,68
8_SM_001205,F,1629,69.0,344.6,940.0,817,1011,1403.7,1340.0,727.1,441.5,71.6,1353.0,887,727,67
8_SM_001206,F,1676,71.8,365.5,986.0,849,1010,1439.8,1374.5,799.6,459.2,74.2,1400.0,925,777,67
8_SM_001207,F,1594,65.0,378.0,948.0,829,968,1376.7,1290.7,707.8,423.7,64.3,1273.0,844,693,65
8_SM_001208,F,1810,62.5,380.9,838.0,703,976,1561.6,1482.4,859.6,495.0,72.0,1490.0,984,849,70
8_SM_001209,F,1636,63.6,346.6,945.0,848,960,1420.4,1338.2,762.8,437.6,69.5,1350.0,881,746,67
8_SM_001210,F,1627,58.8,365.3,898.0,813,898,1393.7,1314.4,765.9,460.0,68.9,1341.0,915,751,65
8_SM_001211,F,1564,64.1,362.2,961.0,852,965,1312.4,1257.7,695.2,396.8,69.1,1260.0,821,682,62
8_SM_001212,F,1493,45.2,334.6,811.0,702,845,1279.1,1224.5,714.4,402.2,63.7,1203.0,808,690,56
8_SM_001213,F,1681,60.0,330.9,829.0,717,1003,1454.7,1380.6,768.3,445.9,68.2,1380.0,901,761,63
8_SM_001214,F,1570,51.5,343.0,815.0,697,867,1335.7,1264.4,706.9,406.2,64.6,1261.0,825,683,62
8_SM_001215,F,1693,52.8,346.5,835.0,689,909,1464.5,1381.6,809.6,445.7,64.7,1380.0,940,795,63
8_SM_001216,F,1545,48.4,359.0,850.0,695,892,1326.9,1254.5,726.4,412.8,60.6,1253.0,827,708,60
8_SM_001217,F,1772,43.6,355.0,773.0,668,939,1531.8,1456.9,837.1,447.8,65.0,1451.0,954,820,64
8_SM_001218,F,1687,54.6,375.6,833.0,719,932,1444.0,1379.0,807.4,452.4,71.1,1369.0,933,784,65
8_SM_001219,F,1519,54.4,334.7,853.0,763,929,1300.4,1236.9,704.7,405.2,62.1,1238.0,822,687,60
8_SM_001220,F,1712,63.8,382.6,900.0,758,982,1468.6,1384.0,809.7,451.6,61.5,1382.0,941,782,64
8_SM_001221,F,1599,50.7,335.4,828.0,688,884,1368.5,1292.3,739.0,430.6,61.4,1308.0,864,722,57
8_SM_001222,F,1641,59.9,365.8,838.0,732,965,1401.7,1341.1,768.3,453.8,66.7,1336.0,876,750,67
8_SM_001223,F,1661,55.0,354.2,822.0,719,945,1434.7,1356.5,769.7,438.5,59.8,1369.0,891,749,64
8_SM_001224,F,1546,45.5,344.0,730.0,635,892,1323.1,1239.1,687.9,390.1,56.2,1223.0,814,663,54
8_SM_001225,F,1610,58.0,361.4,879.0,765,928,1376.0,1323.1,755.7,426.2,66.4,1315.0,863,735,60
8_SM_001226,F,1508,45.6,331.2,793.0,643,824,1280.5,1207.2,664.3,386.2,59.7,1200.0,784,648,53
8_SM_001227,F,1747,50.5,357.1,810.0,655,855,1501.9,1427.3,861.8,482.6,61.4,1414.0,976,855,63
8_SM_001228,F,1610,53.1,350.5,890.0,700,918,1387.1,1316.6,736.7,421.9,62.8,1299.0,847,714,61
8_SM_001229,F,1621,48.5,356.5,817.0,675,876,1397.0,1318.4,750.2,432.4,69.6,1342.0,868,731,69
8_SM_001230,F,1529,57.6,340.6,915.0,778,944,1303.6,1247.8,717.3,411.0,59.8,1234.0,830,702,60
8_SM_001231,F,1578,52.1,367.8,821.0,747,957,1352.4,1294.7,734.3,426.0,59.4,1277.0,856,720,62
8_SM_001232,F,1710,66.8,387.9,923.0,788,994,1470.8,1398.5,794.1,472.0,66.6,1389.0,938,778,69
8_SM_001233,F,1595,56.3,356.1,848.0,804,965,1369.0,1299.4,744.1,428.9,68.3,1301.0,884,735,67
8_SM_001234,F,1610,51.3,340.9,858.0,704,917,1382.9,1305.2,711.8,412.2,61.6,1309.0,838,692,61
8_SM_001235,F,1584,75.6,370.6,1050.0,938,1072,1358.2,1290.7,698.4,420.4,69.3,1289.0,837,683,70
8_SM_001236,F,1618,57.6,346.2,860.0,738,936,1389.9,1313.9,754.1,426.3,58.8,1295.0,889,736,60
8_SM_001237,F,1594,52.5,350.0,837.0,711,905,1351.4,1280.6,721.5,411.7,63.8,1272.0,854,712,62
8_SM_001238,F,1590,50.5,356.1,824.0,658,909,1366.2,1296.0,753.4,420.6,61.9,1277.0,867,740,64
8_SM_001239,F,1588,53.6,341.6,898.0,754,875,1367.5,1297.1,698.1,413.8,64.6,1289.0,833,700,64
8_SM_001240,F,1635,52.4,348.8,834.0,703,915,1394.7,1322.5,770.3,440.6,56.6,1313.0,903,749,53
8_SM_001241,F,1665,63.8,353.7,931.0,814,995,1427.4,1359.1,756.9,458.5,71.5,1357.0,915,737,63
8_SM_001242,F,1682,48.6,336.4,748.0,668,890,1448.4,1362.3,780.4,451.4,64.5,1354.0,920,779,65
8_SM_001243,F,1619,46.6,339.3,782.0,656,842,1395.0,1317.2,761.2,447.5,62.0,1316.0,869,735,57
8_SM_001244,F,1555,46.2,344.2,777.0,693,858,1334.7,1272.0,719.8,414.9,67.3,1261.0,824,704,63
8_SM_001245,F,1677,54.6,356.8,833.0,683,930,1449.6,1374.7,751.2,429.5,58.8,1358.0,901,740,59
8_SM_001246,F,1636,56.6,354.9,887.0,749,970,1399.3,1335.1,768.3,459.4,65.5,1323.0,891,748,65
8_SM_001247,F,1595,68.3,366.1,943.0,844,1051,1363.9,1309.2,723.5,429.8,61.2,1303.0,859,727,61
8_SM_001248,F,1508,45.4,337.3,781.0,653,889,1286.7,1224.4,701.6,405.8,59.0,1213.0,820,681,54
8_SM_001249,F,1575,64.1,350.4,940.0,783,989,1353.8,1289.0,720.0,425.6,63.0,1277.0,847,692,59
8_SM_001250,F,1761,56.1,374.9,806.0,688,887,1514.8,1453.0,891.8,489.0,73.6,1418.0,1003,870,73
8_SM_001251,F,1585,60.9,359.7,890.0,778,1027,1372.4,1313.7,745.4,454.4,61.0,1279.0,877,727,69
8_SM_001252,F,1677,93.2,386.0,1113.0,999,1182,1448.5,1381.7,743.0,430.4,63.4,1379.0,874,743,62
8_SM_001253,F,1533,53.4,327.4,889.0,774,943,1315.4,1246.5,707.3,418.4,54.1,1256.0,833,694,55
8_SM_001254,F,1625,46.4,357.7,773.0,704,888,1390.9,1315.2,780.8,452.5,60.9,1298.0,899,757,60
8_SM_001255,F,1582,54.0,321.3,910.0,772,895,1347.0,1288.0,718.7,439.8,59.7,1291.0,856,713,58
8_SM_001256,F,1670,59.9,384.1,880.0,795,945,1423.0,1364.7,794.2,463.7,66.0,1348.0,933,778,62
8_SM_001257,F,1701,75.4,341.5,1008.0,898,1028,1469.5,1398.5,799.1,461.6,68.9,1385.0,926,772,65
8_SM_001258,F,1666,64.1,367.0,969.0,844,992,1447.8,1362.2,766.4,458.1,73.1,1372.0,922,760,67
8_SM_001259,F,1721,64.1,365.7,898.0,786,988,1472.7,1412.3,777.4,471.5,63.2,1406.0,928,770,63
8_SM_001260,F,1620,75.1,360.3,1042.0,916,999,1385.7,1346.1,749.0,448.0,72.1,1334.0,892,760,67
8_SM_001261,F,1671,62.1,344.8,856.0,723,998,1432.5,1359.9,759.5,451.9,64.3,1372.0,893,748,63
8_SM_001262,F,1597,50.0,356.9,846.0,703,855,1365.7,1290.1,736.6,432.7,71.8,1286.0,863,733,68
8_SM_001263,F,1581,58.4,329.3,880.0,759,962,1350.4,1286.3,698.3,426.6,68.9,1271.0,810,671,65
8_SM_001264,F,1599,55.4,370.0,868.0,736,964,1373.7,1294.8,734.0,444.0,61.7,1296.0,854,721,53
8_SM_001265,F,1543,69.6,320.4,968.0,914,1031,1307.0,1258.5,720.2,426.8,63.7,1260.0,855,700,65
8_SM_001266,F,1615,58.2,345.3,888.0,811,965,1385.5,1316.2,754.6,448.8,62.7,1322.0,876,736,61
8_SM_001267,F,1620,56.2,342.7,839.0,755,937,1395.0,1317.7,737.4,447.6,68.4,1301.0,850,719,65
8_SM_001268,F,1585,46.9,356.1,797.0,671,895,1362.9,1284.9,706.3,396.6,61.4,1276.0,823,695,52
8_SM_001269,F,1680,66.7,381.1,948.0,800,1021,1443.7,1359.9,765.0,439.4,66.3,1347.0,885,732,67
8_SM_001270,F,1524,60.2,349.7,889.0,808,1010,1287.1,1235.4,682.2,398.4,70.0,1230.0,798,667,64
8_SM_001271,F,1538,61.5,352.3,913.0,788,971,1307.6,1262.5,702.9,406.2,60.6,1250.0,831,688,57
8_SM_001272,F,1545,46.2,350.9,784.0,706,892,1321.8,1255.5,696.1,400.5,60.1,1223.0,815,686,67
8_SM_001273,F,1610,47.4,339.3,787.0,649,874,1374.4,1302.8,751.1,435.2,64.4,1317.0,857,737,63
8_SM_001274,F,1569,45.1,353.9,766.0,655,854,1335.2,1267.5,718.4,414.2,63.7,1276.0,851,714,61
8_SM_001275,F,1597,57.4,348.0,823.0,715,940,1355.4,1304.0,748.8,412.5,60.2,1300.0,863,726,58
8_SM_001276,F,1609,45.3,334.2,743.0,650,856,1380.9,1307.5,768.3,427.7,62.4,1307.0,862,745,61
8_SM_001277,F,1616,64.5,343.5,943.0,775,1001,1389.0,1319.1,752.6,440.4,64.9,1317.0,878,747,62
8_SM_001278,F,1618,56.3,368.4,889.0,749,922,1397.1,1327.4,762.2,443.8,64.7,1323.0,889,744,59
8_SM_001279,F,1633,67.5,367.5,853.0,829,995,1405.8,1322.9,764.5,446.1,74.6,1314.0,876,742,66
8_SM_001280,F,1516,53.3,351.0,849.0,730,933,1278.3,1229.5,674.5,389.7,55.4,1203.0,796,669,53
8_SM_001281,F,1637,57.9,368.2,865.0,723,935,1390.6,1341.5,744.7,433.5,63.6,1322.0,864,727,64
8_SM_001282,F,1678,57.3,364.9,896.0,733,963,1442.7,1364.0,761.1,440.8,56.0,1347.0,886,746,67
8_SM_001283,F,1625,63.9,351.1,904.0,722,993,1402.3,1352.0,756.9,451.4,69.4,1323.0,886,751,65
8_SM_001284,F,1633,67.8,373.3,935.0,804,1013,1412.1,1348.9,761.9,448.0,61.6,1326.0,892,747,56
8_SM_001285,F,1622,74.5,359.9,990.0,877,1078,1386.8,1329.6,711.8,417.1,73.5,1320.0,848,706,70
8_SM_001286,F,1548,70.8,363.6,991.0,879,1008,1324.4,1270.6,709.5,410.5,63.0,1271.0,838,700,62
8_SM_001287,F,1521,48.8,367.3,823.0,717,890,1301.5,1233.6,685.2,393.8,59.4,1216.0,810,677,57
8_SM_001288,F,1594,50.5,346.9,794.0,703,911,1361.9,1285.4,722.9,412.3,63.6,1271.0,824,705,61
8_SM_001289,F,1656,67.0,346.6,934.0,881,975,1422.9,1361.9,760.0,448.2,67.6,1334.0,869,737,64
8_SM_001290,F,1582,47.3,346.8,789.0,629,908,1357.7,1282.9,726.8,414.4,71.0,1285.0,839,713,65
8_SM_001291,F,1551,57.8,361.2,908.0,774,970,1327.5,1258.7,690.7,406.3,63.7,1253.0,810,677,62
8_SM_001292,F,1673,57.5,354.6,866.0,754,915,1447.9,1384.7,795.8,451.6,65.3,1387.0,909,785,62
8_SM_001293,F,1591,41.3,321.8,755.0,616,816,1349.3,1284.4,738.3,419.9,65.2,1263.0,833,719,65
8_SM_001294,F,1674,71.0,369.2,960.0,819,1000,1455.3,1376.6,802.4,454.1,66.1,1363.0,909,768,58
8_SM_001295,F,1614,55.6,359.5,827.0,713,929,1382.5,1355.3,768.9,442.1,66.3,1311.0,900,742,60
8_SM_001296,F,1607,85.4,405.1,1072.0,933,1076,1367.5,1316.8,704.8,427.9,66.7,1295.0,840,695,66
8_SM_001297,F,1619,47.6,347.9,793.0,694,895,1399.2,1326.3,778.5,442.7,62.1,1325.0,893,757,63
8_SM_001298,F,1586,47.6,342.4,776.0,671,900,1356.9,1267.2,726.0,423.9,64.3,1259.0,855,713,61
8_SM_001299,F,1592,49.9,348.8,770.0,686,903,1351.5,1286.0,731.0,414.0,62.3,1295.0,839,720,61
8_SM_001300,F,1609,42.2,359.2,693.0,634,831,1380.9,1293.0,729.8,417.4,66.5,1279.0,852,716,65
8_SM_001301,F,1648,54.7,378.0,809.0,654,957,1420.0,1343.9,753.4,444.9,64.0,1321.0,880,750,62
8_SM_001302,F,1556,56.2,338.4,885.0,772,928,1329.5,1263.5,723.7,415.7,67.9,1256.0,843,704,62
8_SM_001303,F,1641,70.5,369.6,965.0,853,992,1412.8,1342.7,737.1,435.6,63.8,1328.0,874,718,56
8_SM_001304,F,1596,48.4,345.3,810.0,718,909,1365.3,1280.5,739.0,416.7,59.5,1304.0,850,726,56
8_SM_001305,F,1648,53.7,366.0,828.0,745,967,1429.8,1349.3,747.9,436.0,64.0,1359.0,875,732,60
8_SM_001306,F,1665,61.3,373.3,930.0,826,944,1432.4,1367.9,794.6,446.5,68.0,1353.0,893,772,63
8_SM_001307,F,1621,70.8,365.6,979.0,865,996,1397.3,1321.9,740.0,431.6,70.7,1311.0,868,723,67
8_SM_001308,F,1644,54.9,351.8,839.0,741,948,1423.5,1333.6,743.4,430.8,64.3,1330.0,857,732,60
8_SM_001309,F,1481,56.0,330.1,851.0,742,967,1267.2,1202.4,683.0,394.1,57.9,1200.0,782,667,61
8_SM_001310,F,1565,47.9,356.9,765.0,716,915,1335.9,1239.7,722.3,423.5,55.6,1245.0,852,723,52
8_SM_001311,F,1657,55.7,332.4,866.0,729,927,1420.3,1361.9,776.1,451.5,65.1,1343.0,915,772,62
8_SM_001312,F,1586,53.8,354.1,850.0,730,957,1359.2,1292.4,762.1,415.0,61.4,1273.0,844,728,61
8_SM_001313,F,1571,50.2,346.7,809.0,645,910,1334.9,1263.5,725.3,420.7,61.8,1254.0,816,696,61
8_SM_001314,F,1624,55.6,330.2,844.0,745,930,1395.2,1327.7,758.6,431.6,69.2,1305.0,875,740,66
8_SM_001315,F,1622,69.3,355.8,963.0,859,1022,1393.5,1315.7,744.4,430.2,68.4,1309.0,884,733,67
8_SM_001316,F,1637,52.2,352.3,850.0,708,899,1406.2,1338.7,767.1,461.5,72.3,1327.0,895,753,65
8_SM_001317,F,1612,55.7,354.0,826.0,660,933,1384.5,1320.1,730.6,444.8,62.54,1299.0,843,708,61
8_SM_001318,F,1586,66.7,366.5,971.0,844,1010,1368.0,1295.3,734.3,445.9,71.7,1293.0,854,727,65
8_SM_001319,F,1646,57.1,367.0,848.0,743,937,1420.0,1351.2,762.5,439.8,72.3,1346.0,880,758,63
8_SM_001320,F,1678,53.6,365.4,802.0,693,906,1447.0,1377.1,793.8,461.5,54.1,1352.0,895,766,59
8_SM_001321,F,1569,59.2,354.0,851.0,758,968,1347.2,1277.8,733.1,427.2,64.4,1273.0,854,718,60
8_SM_001322,F,1626,53.1,344.5,789.0,661,917,1387.2,1312.5,689.2,403.4,67.4,1292.0,810,677,66
8_SM_001323,F,1593,55.8,353.2,895.0,750,899,1360.6,1309.1,741.2,427.4,63.4,1295.0,846,719,61
8_SM_001324,F,1617,71.0,356.5,983.0,861,1059,1384.4,1328.4,744.8,428.0,71.9,1311.0,876,730,62
8_SM_001325,F,1642,70.8,359.6,923.0,806,1076,1411.4,1334.3,754.7,431.2,61.6,1338.0,875,735,58
8_SM_001326,F,1570,43.6,353.3,732.0,605,867,1334.5,1263.2,687.9,399.5,56.5,1258.0,810,680,52
8_SM_001327,F,1655,47.4,357.0,800.0,661,868,1414.7,1326.9,768.0,439.2,68.7,1326.0,871,747,64
8_SM_001328,F,1624,55.6,376.0,879.0,674,902,1391.0,1323.6,760.8,447.3,61.6,1321.0,873,746,61
8_SM_001329,F,1634,81.3,364.1,1052.0,930,1092,1413.6,1347.6,757.5,434.5,64.1,1332.0,894,747,57
8_SM_001330,F,1641,58.8,355.7,854.0,734,940,1406.0,1336.7,773.5,449.7,66.38,1338.0,882,752,63
8_SM_001331,F,1679,76.5,378.8,970.0,857,1060,1447.1,1371.4,777.1,452.9,73.9,1365.0,923,757,61
8_SM_001332,F,1498,55.6,338.4,949.0,793,925,1268.9,1194.7,672.5,393.2,64.6,1202.0,788,663,52
8_SM_001333,F,1627,52.7,360.7,779.0,704,913,1398.5,1314.2,759.3,417.7,68.3,1324.0,867,736,61
8_SM_001334,F,1576,49.1,323.8,780.0,697,913,1353.0,1277.5,730.6,423.2,61.8,1268.0,840,714,55
8_SM_001335,F,1551,52.2,347.0,822.0,703,908,1333.0,1270.7,725.4,413.6,69.2,1255.0,821,700,65
8_SM_001336,F,1537,45.7,351.7,790.0,665,874,1313.0,1246.9,698.5,397.9,60.0,1231.0,827,688,55
8_SM_001337,F,1628,46.5,354.1,763.0,689,870,1409.8,1320.7,652.3,452.1,64.2,1319.0,894,748,58
8_SM_001338,F,1676,71.2,384.7,995.0,796,987,1441.2,1390.5,774.0,441.3,68.3,1359.0,906,754,60
8_SM_001339,F,1556,56.3,351.3,880.0,762,918,1335.4,1263.6,715.7,415.9,63.3,1275.0,842,705,61
8_SM_001340,F,1697,56.3,376.6,826.0,719,942,1463.6,1383.3,790.4,448.0,65.4,1371.0,899,771,62
8_SM_001341,F,1624,53.7,349.1,795.0,709,949,1403.4,1325.3,735.4,428.8,68.8,1294.0,854,716,62
8_SM_001342,F,1556,43.7,332.8,747.0,671,885,1314.1,1255.7,693.0,399.4,60.4,1238.0,821,684,59
8_SM_001343,F,1620,52.1,342.2,810.0,704,944,1399.1,1316.5,730.3,427.3,66.8,1301.0,853,716,60
8_SM_001344,F,1593,50.0,341.9,801.0,657,886,1369.7,1302.3,738.9,421.4,67.5,1287.0,854,711,61
8_SM_001345,F,1577,48.8,348.9,802.0,623,900,1346.4,1282.5,711.8,433.6,62.3,1262.0,833,697,60
8_SM_001346,F,1618,54.1,355.4,821.0,690,959,1403.5,1328.5,742.8,442.1,67.9,1312.0,878,724,64
8_SM_001347,F,1643,51.5,340.9,791.0,702,906,1428.2,1349.0,798.9,443.8,59.3,1338.0,929,784,54
8_SM_001348,F,1629,70.8,382.0,964.0,878,1015,1408.2,1341.4,745.1,441.4,74.4,1326.0,876,740,70
8_SM_001349,F,1581,53.5,335.0,849.0,764,948,1353.8,1290.4,741.2,426.4,58.6,1296.0,856,726,58
8_SM_001350,F,1661,78.5,363.1,994.0,899,1119,1433.4,1364.4,766.4,456.6,67.1,1365.0,894,757,62
8_SM_001351,F,1641,65.2,347.1,884.0,771,995,1418.3,1345.5,756.1,422.1,65.2,1328.0,874,744,58
8_SM_001352,F,1585,62.3,349.8,887.0,788,996,1349.5,1285.5,708.3,414.0,67.7,1296.0,842,697,64
8_SM_001353,F,1561,54.9,350.0,838.0,704,935,1342.8,1274.0,702.5,408.6,64.7,1265.0,830,686,62
8_SM_001354,F,1658,63.8,384.3,861.0,776,1036,1421.2,1346.2,768.0,436.0,63.4,1335.0,899,750,60
8_SM_001355,F,1629,52.0,355.1,862.0,726,888,1410.2,1337.2,753.6,430.1,73.1,1324.0,873,729,67
8_SM_001356,F,1633,63.0,347.9,878.0,732,997,1418.7,1346.6,758.6,440.4,65.3,1343.0,878,735,56
8_SM_001357,F,1568,55.2,335.7,871.0,794,960,1335.3,1279.0,741.5,427.7,66.4,1276.0,864,722,61
8_SM_001358,F,1608,52.2,339.7,817.0,715,921,1373.0,1287.2,736.6,423.5,59.8,1301.0,837,704,55
8_SM_001359,F,1617,78.2,371.1,1068.0,918,1033,1396.7,1332.2,730.2,446.8,65.8,1328.0,856,731,65
8_SM_001360,F,1590,51.8,345.4,761.0,702,945,1377.4,1299.7,773.7,449.1,63.4,1291.0,871,739,64
8_SM_001361,F,1702,55.0,333.8,825.0,700,931,1470.8,1394.5,781.4,459.8,61.2,1386.0,931,774,62
8_SM_001362,F,1676,47.4,336.9,746.0,622,920,1448.0,1376.1,775.2,457.9,68.5,1389.0,889,766,62
8_SM_001363,F,1549,46.8,332.2,778.0,647,888,1319.5,1240.9,677.8,402.0,56.6,1238.0,772,653,55
8_SM_001364,F,1601,50.2,353.1,804.0,653,883,1370.3,1297.8,741.2,428.2,66.0,1286.0,856,731,62
8_SM_001365,F,1605,67.7,361.0,925.0,773,1076,1382.4,1304.1,713.9,422.4,60.0,1294.0,861,712,59
8_SM_001366,F,1529,56.2,354.6,945.0,821,962,1309.1,1244.8,730.1,420.1,60.9,1239.0,849,711,55
8_SM_001367,F,1661,65.0,358.7,890.0,748,993,1439.4,1351.0,762.6,443.7,74.5,1357.0,892,750,70
8_SM_001368,F,1563,51.8,335.3,806.0,668,922,1345.3,1290.1,708.0,402.4,60.0,1272.0,826,679,57
8_SM_001369,F,1644,52.2,328.4,831.0,679,923,1418.8,1346.6,772.0,432.6,61.5,1334.0,883,758,60
8_SM_001370,F,1649,64.9,358.6,937.0,817,1010,1416.1,1338.5,734.2,436.0,67.7,1339.0,867,711,65
8_SM_001371,F,1615,46.1,343.7,776.0,647,865,1380.7,1320.9,749.9,425.1,63.6,1312.0,867,733,60
8_SM_001372,F,1626,57.6,347.1,841.0,711,913,1387.2,1316.8,712.2,417.3,68.2,1323.0,806,696,65
8_SM_001373,F,1629,53.9,342.6,824.0,670,927,1409.5,1336.0,748.6,423.3,67.6,1325.0,862,724,59
8_SM_001374,F,1611,52.4,347.6,866.0,681,905,1386.5,1315.0,747.3,437.6,75.7,1324.0,876,737,72
8_SM_001375,F,1548,46.2,329.1,801.0,678,890,1334.0,1257.6,729.9,427.5,63.6,1273.0,842,707,59
8_SM_001376,F,1626,47.3,345.0,760.0,637,880,1397.2,1319.5,758.6,431.9,62.6,1317.0,863,751,61
8_SM_001377,F,1682,57.4,376.4,862.0,777,939,1449.6,1358.6,762.9,463.1,69.4,1370.0,904,765,66
8_SM_001378,F,1603,42.6,335.7,721.0,642,837,1381.5,1297.3,746.4,412.0,62.4,1278.0,853,732,58
8_SM_001379,F,1650,61.0,398.8,881.0,728,988,1419.8,1343.6,748.8,432.3,68.4,1344.0,880,741,64
8_SM_001380,F,1648,57.2,377.0,838.0,677,970,1416.8,1344.9,772.5,446.7,65.0,1348.0,893,755,62
8_SM_001381,F,1615,53.6,341.3,786.0,651,920,1371.6,1292.9,714.1,402.5,63.5,1304.0,820,695,62
8_SM_001382,F,1681,82.4,365.8,1030.0,896,1109,1470.5,1398.2,803.7,446.4,68.1,1379.0,911,791,64
8_SM_001383,F,1606,54.6,349.5,827.0,720,951,1389.1,1300.8,756.4,441.7,67.5,1315.0,861,742,63
8_SM_001384,F,1628,55.8,355.1,888.0,759,926,1397.8,1322.4,752.7,442.4,63.7,1301.0,862,741,62
8_SM_001385,F,1559,48.7,350.0,867.0,732,868,1329.7,1253.1,731.7,418.7,68.7,1237.0,833,696,62
8_SM_001386,F,1644,53.4,384.5,840.0,669,902,1409.4,1336.9,759.6,431.3,59.5,1301.0,872,736,52
8_SM_001387,F,1621,53.9,351.2,885.0,751,896,1404.8,1320.1,762.7,441.0,68.41,1318.0,864,739,63
8_SM_001388,F,1649,73.1,379.0,1028.0,857,998,1406.8,1339.7,749.0,448.9,72.6,1335.0,898,732,67
8_SM_001389,F,1661,60.6,382.1,870.0,774,961,1432.8,1357.0,781.0,451.6,58.5,1342.0,901,750,56
8_SM_001390,F,1614,42.0,360.6,806.0,714,888,1396.4,1310.5,756.1,429.4,65.7,1295.0,865,740,65
8_SM_001391,F,1558,47.9,325.9,818.0,664,874,1328.5,1266.5,713.2,411.5,65.2,1253.0,818,692,61
8_SM_001392,F,1625,70.8,365.0,928.0,792,1068,1398.7,1329.6,757.5,440.1,68.8,1317.0,886,744,65
8_SM_001393,F,1549,53.4,341.3,776.0,673,950,1328.0,1268.3,740.1,417.8,61.9,1257.0,843,705,58
8_SM_001394,F,1684,48.3,362.7,733.0,657,892,1445.8,1368.2,784.0,453.2,68.7,1359.0,908,768,65
8_SM_001395,F,1565,43.9,354.0,785.0,625,866,1335.8,1264.9,711.4,409.5,61.6,1269.0,811,691,60
8_SM_001396,F,1628,49.2,356.8,810.0,657,889,1394.5,1313.9,750.8,441.1,67.4,1301.0,869,731,62
8_SM_001397,F,1576,66.4,362.7,932.0,806,960,1345.3,1299.0,723.6,437.6,68.0,1279.0,857,724,66
8_SM_001398,F,1644,67.7,374.6,952.0,849,993,1420.7,1351.1,767.8,452.0,73.8,1335.0,881,759,71
8_SM_001399,F,1586,72.5,360.6,1031.0,888,1016,1369.7,1289.8,702.0,415.8,64.7,1284.0,826,697,61
8_SM_001400,F,1586,73.1,353.1,960.0,827,1098,1349.9,1301.1,720.5,429.5,73.2,1303.0,853,714,62
8_SM_001401,F,1718,61.8,353.9,880.0,769,945,1485.6,1400.6,799.9,463.3,67.1,1393.0,912,774,64
8_SM_001402,F,1713,58.4,365.0,836.0,710,947,1480.9,1430.3,811.1,467.0,71.1,1407.0,934,791,66
8_SM_001403,F,1677,48.6,349.0,732.0,658,912,1443.1,1355.5,785.6,449.5,64.4,1351.0,910,760,61
8_SM_001404,F,1629,58.5,357.3,914.0,805,911,1396.5,1317.8,769.1,450.1,63.3,1317.0,899,756,61
8_SM_001405,F,1571,47.4,340.8,783.0,645,853,1351.3,1291.2,717.8,427.2,63.8,1276.0,855,718,61
8_SM_001406,F,1690,82.0,381.8,1028.0,870,1067,1462.1,1402.6,760.9,454.6,70.9,1380.0,890,754,65
8_SM_001407,F,1580,60.8,358.8,919.0,781,996,1345.7,1277.8,728.4,424.7,79.0,1286.0,839,708,72
8_SM_001408,F,1592,67.0,375.4,917.0,847,1031,1362.4,1308.2,722.5,434.6,73.65,1294.0,843,709,66
8_SM_001409,F,1649,41.8,348.0,735.0,601,826,1431.6,1340.7,757.4,435.2,63.0,1348.0,867,747,61
8_SM_001410,F,1665,64.4,351.5,889.0,744,995,1430.0,1358.6,760.4,429.6,66.5,1361.0,874,742,59
8_SM_001411,F,1558,45.2,337.5,770.0,641,853,1340.1,1258.5,711.3,414.0,67.1,1256.0,822,692,64
8_SM_001412,F,1583,43.9,333.4,799.0,653,878,1340.8,1273.0,747.1,422.8,62.3,1264.0,853,728,60
8_SM_001413,F,1557,43.8,358.2,813.0,647,844,1333.7,1266.7,741.5,429.7,67.1,1259.0,865,726,63
8_SM_001414,F,1582,45.1,351.1,778.0,654,850,1360.9,1286.7,732.0,420.2,59.2,1286.0,844,712,57
8_SM_001415,F,1760,68.5,376.5,916.0,769,1017,1529.3,1447.4,851.4,498.4,78.1,1424.0,966,824,72
8_SM_001416,F,1566,54.3,337.5,805.0,731,953,1323.6,1251.9,712.8,408.9,65.9,1251.0,825,693,60
8_SM_001417,F,1602,60.0,349.6,868.0,727,942,1367.6,1294.4,739.5,423.8,65.7,1293.0,849,711,65
8_SM_001418,F,1556,49.0,343.2,845.0,691,895,1330.5,1271.4,750.8,431.3,62.0,1258.0,861,724,57
8_SM_001419,F,1615,79.2,368.0,1041.0,906,1130,1385.1,1330.5,736.4,422.8,64.6,1308.0,874,729,65
8_SM_001420,F,1598,47.3,349.5,785.0,679,870,1361.8,1282.3,748.4,428.4,67.6,1286.0,875,732,59
8_SM_001421,F,1647,56.4,341.3,825.0,719,975,1405.4,1299.2,745.0,446.9,69.3,1336.0,868,728,63
8_SM_001422,F,1564,50.2,343.0,879.0,698,890,1327.5,1272.2,709.91,420.5,64.7,1255.0,825,702,60
8_SM_001423,F,1629,81.6,381.3,1088.0,995,1069,1392.2,1323.9,720.8,425.4,61.5,1312.0,851,703,55
8_SM_001424,F,1658,65.1,362.1,904.0,754,990,1428.4,1347.2,775.2,445.8,73.1,1343.0,753,708,67
8_SM_001425,F,1606,48.6,343.5,795.0,657,874,1385.5,1311.1,761.1,430.8,66.8,1297.0,881,745,62
8_SM_001426,F,1589,66.3,354.7,960.0,852,946,1368.3,1290.4,740.1,426.6,64.0,1304.0,850,720,59
8_SM_001427,F,1539,54.1,343.8,844.0,695,938,1318.0,1243.2,678.5,411.1,67.9,1237.0,791,673,60
8_SM_001428,F,1562,56.1,331.2,843.0,747,958,1336.5,1275.8,714.6,423.9,61.4,1281.0,828,698,57
8_SM_001429,F,1626,51.4,332.5,795.0,704,886,1381.7,1317.7,773.2,426.3,70.8,1333.0,864,748,66
8_SM_001430,F,1627,54.4,340.9,848.0,700,898,1410.0,1353.1,762.7,443.9,64.0,1319.0,866,747,62
8_SM_001431,F,1529,42.2,337.8,763.0,704,850,1307.0,1222.3,697.9,409.7,53.6,1214.0,821,680,50
8_SM_001432,F,1650,58.5,365.7,863.0,749,931,1416.9,1355.2,762.9,433.0,66.1,1328.0,888,745,59
8_SM_001433,F,1605,56.0,332.9,861.0,755,919,1370.4,1318.0,738.4,443.4,64.8,1319.0,854,720,60
8_SM_001434,F,1640,63.1,346.1,910.0,810,992,1400.3,1336.3,747.4,448.8,65.4,1320.0,874,723,60
8_SM_001435,F,1655,67.2,356.5,948.0,820,994,1433.3,1362.9,734.8,435.5,66.7,1357.0,877,736,61
8_SM_001436,F,1543,82.1,359.1,1099.0,968,1120,1320.2,1265.3,722.7,408.9,65.9,1264.0,847,713,61
8_SM_001437,F,1627,47.5,334.4,808.0,639,869,1396.0,1331.5,763.4,433.8,70.8,1307.0,881,743,66
8_SM_001438,F,1637,52.4,383.1,838.0,687,890,1390.3,1312.4,761.2,430.3,65.0,1278.0,876,747,62
8_SM_001439,F,1568,61.1,328.8,918.0,818,973,1341.3,1277.6,720.5,421.2,65.8,1287.0,853,712,61
8_SM_001440,F,1671,69.4,370.6,969.0,840,985,1447.6,1364.7,751.4,459.7,61.2,1360.0,901,750,55
8_SM_001441,F,1644,65.1,374.9,947.0,770,1006,1421.8,1338.5,754.5,439.1,70.7,1332.0,897,753,65
8_SM_001442,F,1543,50.8,332.0,837.0,734,880,1316.3,1264.0,716.9,427.4,61.9,1244.0,832,698,60
8_SM_001443,F,1586,47.7,342.5,743.0,649,908,1371.8,1281.5,727.1,427.7,61.3,1274.0,848,718,61
8_SM_001444,F,1585,45.7,345.9,784.0,661,856,1359.9,1292.9,773.2,436.1,62.2,1296.0,888,752,61
8_SM_001445,F,1519,44.4,342.5,777.0,654,864,1283.9,1220.1,688.3,404.7,64.6,1216.0,817,676,60
8_SM_001446,F,1637,54.5,315.2,852.0,720,913,1409.8,1337.5,724.8,427.9,65.0,1332.0,862,709,61
8_SM_001447,F,1574,54.2,338.6,857.0,682,917,1355.9,1286.3,705.9,405.8,60.1,1268.0,830,700,55
8_SM_001448,F,1630,58.1,335.8,877.0,760,948,1408.7,1338.4,807.5,454.1,62.7,1319.0,908,792,60
8_SM_001449,F,1670,63.5,364.1,896.0,774,992,1440.3,1364.7,781.4,461.0,67.1,1347.0,896,762,63
8_SM_001450,F,1547,49.6,329.9,850.0,715,913,1327.1,1259.1,693.6,407.3,61.9,1248.0,810,684,58
8_SM_001451,F,1710,51.8,339.4,866.0,676,887,1485.4,1404.4,814.1,469.5,68.6,1369.0,932,792,65
8_SM_001452,F,1578,46.0,338.0,769.0,629,859,1344.0,1271.5,706.6,408.3,63.1,1261.0,817,681,57
8_SM_001453,F,1608,55.1,323.8,878.0,760,935,1381.5,1314.6,760.4,445.0,62.3,1338.0,881,751,62
8_SM_001454,F,1586,56.4,341.6,884.0,750,947,1375.5,1304.9,738.9,435.1,71.2,1297.0,864,731,65
8_SM_001455,F,1564,56.9,363.2,884.0,763,965,1335.5,1268.1,693.1,406.4,66.4,1248.0,817,685,56
8_SM_001456,F,1529,46.1,348.2,788.0,691,841,1314.0,1243.4,721.3,417.9,61.8,1232.0,828,708,56
8_SM_001457,F,1588,52.7,352.2,797.0,713,933,1359.7,1284.7,715.6,433.5,60.5,1288.0,827,707,57
8_SM_001458,F,1553,54.8,346.8,835.0,767,956,1332.9,1270.3,702.2,388.9,66.0,1265.0,806,676,59
8_SM_001459,F,1654,50.3,362.4,807.0,700,884,1423.3,1355.3,767.5,444.2,64.4,1349.0,888,757,60
8_SM_001460,F,1599,57.1,362.3,938.0,813,938,1372.9,1313.8,738.3,443.1,63.5,1301.0,865,736,60
8_SM_001461,F,1639,53.3,348.7,847.0,741,897,1409.9,1341.8,782.3,462.5,62.1,1347.0,902,761,57
8_SM_001462,F,1700,53.6,356.5,795.0,646,935,1456.6,1380.7,772.7,447.5,69.6,1374.0,908,769,65
8_SM_001463,F,1622,56.1,358.2,837.0,738,903,1401.3,1322.9,752.7,443.4,65.8,1307.0,869,736,57
8_SM_001464,F,1532,53.2,340.1,848.0,731,935,1314.9,1241.9,692.8,402.2,70.1,1226.0,792,670,63
8_SM_001465,F,1611,62.5,370.6,887.0,801,1003,1388.4,1322.9,759.6,449.3,73.7,1312.0,876,747,67
8_SM_001466,F,1616,59.8,357.1,858.0,761,992,1388.3,1310.9,729.6,430.3,63.2,1278.0,841,702,59
8_SM_001467,F,1523,45.7,341.7,785.0,631,882,1306.1,1241.1,703.6,417.4,62.2,1234.0,823,691,56
8_SM_001468,F,1589,56.4,367.6,888.0,706,935,1349.2,1272.5,712.4,418.7,61.8,1276.0,835,702,58
8_SM_001469,F,1644,56.6,351.3,880.0,747,914,1440.7,1407.5,783.3,451.9,72.8,1346.0,917,776,63
8_SM_001470,F,1531,48.6,356.0,812.0,665,875,1307.0,1240.9,739.0,429.5,68.1,1242.0,836,716,65
8_SM_001471,F,1586,47.6,359.5,795.0,656,852,1351.5,1289.2,752.0,448.6,58.4,1278.0,890,737,57
8_SM_001472,F,1717,54.9,347.0,801.0,679,957,1481.7,1390.8,781.2,447.7,68.8,1401.0,898,765,62
8_SM_001473,F,1626,72.6,366.9,972.0,834,1062,1403.3,1334.8,715.3,431.2,69.1,1332.0,864,711,66
8_SM_001474,F,1560,50.7,335.4,846.0,755,878,1343.5,1275.3,697.4,405.1,63.8,1263.0,832,692,59
8_SM_001475,F,1568,44.3,350.0,765.0,649,826,1348.4,1266.6,712.7,410.1,63.4,1248.0,810,694,60
8_SM_001476,F,1618,76.9,356.8,1028.0,879,1083,1371.4,1323.2,729.4,432.8,72.9,1322.0,870,719,65
8_SM_001477,F,1579,80.2,387.6,1070.0,922,1122,1342.9,1273.7,702.7,423.8,69.0,1259.0,839,701,62
8_SM_001478,F,1589,68.2,373.6,963.0,828,1042,1367.3,1302.5,714.1,418.6,61.1,1294.0,846,704,60
8_SM_001479,F,1634,51.8,346.1,776.0,653,896,1404.4,1325.7,746.2,424.2,64.9,1312.0,878,733,62
8_SM_001480,F,1682,65.4,339.3,900.0,747,960,1464.7,1380.0,797.4,464.7,76.47,1401.0,923,790,73
8_SM_001481,F,1580,50.4,333.2,812.0,701,870,1365.9,1299.6,713.7,408.9,66.0,1300.0,835,700,62
8_SM_001482,F,1647,50.9,344.8,772.0,657,913,1411.0,1335.7,763.0,446.2,65.1,1333.0,877,743,61
8_SM_001483,F,1571,46.5,338.4,781.0,663,869,1364.5,1284.6,731.1,424.8,63.5,1273.0,857,725,58
8_SM_001484,F,1537,47.1,332.3,808.0,632,881,1326.5,1264.6,691.7,411.1,61.2,1256.0,803,685,57
8_SM_001485,F,1655,67.2,345.7,902.0,814,1009,1431.9,1368.1,761.9,460.5,63.0,1347.0,898,768,64
8_SM_001486,F,1646,63.1,354.8,885.0,787,1010,1417.0,1349.4,733.1,428.9,68.0,1346.0,862,723,63
8_SM_001487,F,1540,46.6,342.0,782.0,608,895,1328.3,1269.3,718.9,420.7,63.4,1240.0,844,708,55
8_SM_001488,F,1662,72.3,381.3,976.0,792,1004,1443.5,1378.4,763.9,446.3,73.2,1365.0,903,756,65
8_SM_001489,F,1661,59.2,344.3,832.0,744,959,1427.2,1343.4,736.6,430.4,66.2,1326.0,855,733,62
8_SM_001490,F,1678,62.0,376.7,877.0,780,964,1472.8,1374.4,782.3,468.3,78.0,1372.0,913,757,70
8_SM_001491,F,1630,66.9,364.0,904.0,798,1022,1408.5,1342.0,758.9,444.9,71.0,1330.0,892,758,65
8_SM_001492,F,1581,53.8,349.9,863.0,710,920,1364.7,1291.0,735.1,427.5,61.2,1285.0,849,715,60
8_SM_001493,F,1587,58.0,357.2,906.0,789,915,1366.7,1299.5,726.6,437.4,69.1,1288.0,853,723,64
8_SM_001494,F,1536,42.7,341.2,748.0,598,842,1315.7,1246.5,672.9,388.6,63.2,1218.0,786,661,52
8_SM_001495,F,1636,51.7,340.8,839.0,693,856,1408.9,1334.9,753.7,446.2,68.6,1332.0,903,754,64
8_SM_001496,F,1652,72.5,370.5,974.0,864,1051,1430.4,1348.9,753.2,446.1,69.3,1339.0,895,760,63
8_SM_001497,F,1531,55.1,341.0,881.0,754,933,1313.4,1240.4,679.1,404.0,65.3,1251.0,802,678,59
8_SM_001498,F,1654,52.8,365.0,822.0,709,924,1431.4,1352.3,759.6,431.2,52.2,1343.0,853,737,55
8_SM_001499,F,1589,46.4,346.4,775.0,707,870,1370.8,1297.9,773.7,440.9,64.9,1283.0,891,751,61
8_SM_001500,F,1627,67.2,357.6,915.0,830,1000,1405.9,1347.0,715.0,426.9,62.9,1332.0,850,722,60
8_SM_001501,F,1552,58.3,332.5,887.0,754,1004,1333.2,1263.1,676.4,409.4,62.9,1271.0,823,671,52
8_SM_001502,F,1606,62.2,346.1,900.0,790,960,1378.0,1315.9,710.6,428.1,66.0,1298.0,829,702,60
8_SM_001503,F,1693,96.0,387.7,1114.0,989,1136,1479.7,1419.2,798.1,467.0,74.5,1401.0,957,791,69
8_SM_001504,F,1537,48.0,367.2,830.0,691,845,1357.8,1298.3,730.3,432.6,65.4,1268.0,853,723,60
8_SM_001505,F,1579,57.8,342.4,893.0,778,1004,1358.0,1287.7,726.5,421.9,66.0,1278.0,854,719,61
8_SM_001506,F,1706,59.3,377.4,827.0,711,924,1472.4,1395.2,788.4,475.9,68.5,1399.0,925,774,63
8_SM_001507,F,1736,93.3,406.2,1080.0,929,1136,1499.6,1431.7,790.4,458.8,82.91,1410.0,945,783,75
8_SM_001508,F,1578,53.5,361.1,830.0,663,911,1352.3,1289.0,721.4,423.0,66.1,1275.0,853,717,56
8_SM_001509,F,1679,52.6,354.0,803.0,661,940,1455.5,1360.3,768.5,449.4,71.4,1357.0,911,756,65
8_SM_001510,F,1635,57.9,369.7,861.0,733,929,1406.3,1337.1,737.5,433.0,69.9,1317.0,877,727,63
8_SM_001511,F,1555,46.1,350.8,814.0,663,865,1326.8,1261.4,726.2,420.2,65.3,1248.0,850,721,59
8_SM_001512,F,1574,54.6,327.5,856.0,781,924,1332.8,1275.4,734.2,430.8,66.3,1269.0,860,728,57
8_SM_001513,F,1623,50.4,339.6,815.0,715,884,1398.0,1324.2,766.2,433.7,60.6,1320.0,899,753,55
8_SM_001514,F,1689,63.4,381.1,878.0,739,979,1439.3,1365.7,762.4,447.9,73.1,1372.0,883,754,67
8_SM_001515,F,1628,64.6,371.5,894.0,742,974,1399.5,1352.3,758.3,438.6,72.1,1337.0,887,752,66
8_SM_001516,F,1631,73.5,385.7,962.0,885,1054,1400.1,1329.8,734.7,445.4,68.2,1313.0,882,730,62
8_SM_001517,F,1444,36.6,331.9,764.0,616,787,1233.6,1163.3,613.8,361.1,58.0,1154.0,744,604,55
8_SM_001518,F,1546,49.7,347.3,824.0,715,902,1328.8,1256.1,714.3,418.2,62.7,1233.0,836,701,55
8_SM_001519,F,1601,52.0,355.4,786.0,688,947,1371.3,1294.8,706.6,412.4,63.9,1277.0,840,700,60
8_SM_001520,F,1670,65.3,356.1,884.0,806,1003,1429.4,1376.4,754.5,447.2,71.2,1359.0,895,755,65
8_SM_001521,F,1594,51.9,348.0,834.0,647,883,1372.6,1301.5,721.5,425.2,67.7,1310.0,836,711,57
8_SM_001522,F,1587,68.4,355.2,979.0,848,1020,1373.0,1296.5,720.3,410.0,63.4,1280.0,849,713,62
8_SM_001523,F,1649,61.2,345.5,922.0,751,939,1403.8,1339.1,752.0,440.5,69.1,1345.0,883,752,62
8_SM_001524,F,1597,59.3,342.3,893.0,785,952,1365.4,1296.9,697.1,412.0,66.9,1308.0,825,697,60
8_SM_001525,F,1597,55.3,341.4,818.0,692,993,1379.2,1307.7,721.4,427.2,70.1,1298.0,838,708,62
8_SM_001526,F,1533,45.6,345.3,766.0,700,880,1318.8,1251.5,719.7,428.1,66.5,1237.0,844,708,61
8_SM_001527,F,1644,52.8,350.6,810.0,674,898,1418.7,1345.6,739.7,432.8,60.9,1330.0,877,733,52
8_SM_001528,F,1703,61.1,376.8,895.0,780,949,1476.8,1391.4,790.4,484.3,76.0,1385.0,943,786,70
8_SM_001529,F,1626,50.6,350.8,783.0,734,877,1399.4,1323.1,775.5,458.6,63.7,1312.0,913,773,60
8_SM_001530,F,1623,61.8,355.7,928.0,804,964,1396.2,1326.3,732.2,438.1,71.6,1302.0,870,720,62
8_SM_001531,F,1608,50.3,344.1,758.0,662,920,1388.8,1313.5,732.9,434.3,65.5,1314.0,860,724,61
8_SM_001532,F,1583,56.1,349.8,898.0,803,880,1364.9,1288.1,724.3,436.0,65.1,1268.0,866,721,62
8_SM_001533,F,1662,60.3,348.5,850.0,742,952,1430.1,1367.3,757.7,439.1,70.2,1340.0,892,749,62
8_SM_001534,F,1596,50.6,344.3,790.0,662,889,1374.6,1301.1,730.1,422.0,66.9,1276.0,865,717,60
8_SM_001535,F,1602,54.1,361.2,829.0,746,945,1377.6,1303.0,756.8,432.6,68.2,1300.0,883,745,62
8_SM_001536,F,1608,56.8,331.4,847.0,735,945,1391.8,1311.3,728.0,437.8,64.9,1307.0,853,712,61
8_SM_001537,F,1596,48.4,348.4,795.0,687,899,1377.2,1302.7,728.3,432.5,65.3,1277.0,842,717,57
8_SM_001538,F,1589,49.5,360.6,832.0,668,858,1362.9,1288.1,725.7,425.4,69.0,1275.0,862,725,62
8_SM_001539,F,1649,53.2,332.1,825.0,655,910,1425.7,1366.7,760.8,444.6,66.3,1334.0,880,758,62
8_SM_001540,F,1589,57.9,351.3,891.0,783,962,1369.8,1293.3,717.1,418.7,67.7,1289.0,843,704,60
8_SM_001541,F,1620,71.0,375.6,988.0,849,1010,1403.5,1330.6,715.9,415.4,68.13,1310.0,858,727,61
8_SM_001542,F,1638,51.3,358.7,814.0,710,904,1422.7,1338.5,737.0,435.5,60.4,1314.0,858,730,58
8_SM_001543,F,1607,52.3,335.7,775.0,648,923,1389.4,1316.9,755.3,434.6,69.2,1301.0,887,749,65
8_SM_001544,F,1632,60.8,356.7,890.0,772,975,1403.7,1335.6,732.2,430.4,72.7,1326.0,877,730,66
8_SM_001545,F,1566,44.0,333.9,727.0,623,865,1332.3,1282.7,724.9,413.1,62.9,1271.0,826,697,57
8_SM_001546,F,1646,53.7,357.7,799.0,713,927,1418.5,1344.7,756.4,447.2,72.3,1336.0,892,750,65
8_SM_001547,F,1651,63.2,353.0,870.0,775,991,1422.6,1357.8,765.3,445.7,67.3,1343.0,908,760,62
8_SM_001548,F,1671,54.2,347.5,809.0,670,912,1449.9,1376.4,783.8,471.8,73.1,1369.0,906,770,64
8_SM_001549,F,1546,53.6,353.6,852.0,693,917,1323.3,1264.9,689.4,416.3,69.0,1258.0,821,688,61
8_SM_001550,F,1590,59.0,345.5,898.0,780,973,1359.2,1287.0,717.4,419.0,69.0,1268.0,840,714,63
8_SM_001551,F,1544,48.0,334.8,825.0,650,870,1326.0,1261.7,713.7,423.3,62.8,1250.0,857,707,55
8_SM_001552,F,1600,64.4,367.1,916.0,774,980,1364.7,1301.2,719.4,434.2,67.2,1289.0,852,713,60
8_SM_001553,F,1556,47.0,348.3,783.0,660,868,1326.1,1248.9,696.8,403.6,65.6,1251.0,829,687,60
8_SM_001554,F,1578,55.3,352.0,874.0,767,902,1347.1,1291.5,701.4,426.9,64.5,1288.0,837,698,61
8_SM_001555,F,1621,52.7,346.3,848.0,730,881,1397.1,1321.3,742.3,428.8,68.6,1318.0,881,748,65
8_SM_001556,F,1521,47.3,339.3,818.0,698,871,1296.8,1226.6,675.4,397.4,61.9,1218.0,802,676,58
8_SM_001557,F,1640,56.9,362.2,853.0,724,926,1419.7,1341.8,736.2,432.2,70.7,1315.0,860,729,62
8_SM_001558,F,1584,37.9,338.0,703.0,572,815,1369.7,1285.2,733.2,430.9,63.4,1269.0,843,728,56
8_SM_001559,F,1636,65.9,372.9,960.0,872,1007,1417.6,1350.7,718.4,435.4,74.6,1325.0,855,713,62
8_SM_001560,F,1559,55.8,332.6,889.0,808,924,1344.8,1280.0,727.5,424.3,65.5,1271.0,865,722,55
8_SM_001561,F,1686,53.5,329.0,848.0,668,880,1464.3,1380.3,787.0,461.6,70.1,1372.0,917,783,62
8_SM_001562,F,1537,51.1,340.2,855.0,751,887,1316.7,1259.0,699.9,412.3,64.3,1242.0,836,699,60
8_SM_001563,F,1601,60.0,381.9,915.0,788,928,1376.6,1305.2,709.9,436.7,68.5,1280.0,862,709,62
8_SM_001564,F,1612,56.4,356.0,831.0,758,945,1385.4,1308.2,733.0,436.0,67.4,1294.0,868,728,63
8_SM_001565,F,1600,80.4,365.9,1037.0,942,1097,1372.1,1315.7,719.8,427.6,67.4,1317.0,893,725,62
8_SM_001566,F,1581,47.6,327.9,790.0,690,884,1366.6,1289.4,734.4,422.7,68.1,1280.0,869,727,65
8_SM_001567,F,1569,35.5,324.8,722.0,581,750,1358.7,1276.5,721.2,420.6,71.0,1272.0,826,710,65
8_SM_001568,F,1528,63.1,345.2,912.0,805,1004,1306.1,1241.9,688.9,409.5,69.0,1242.0,820,682,60
8_SM_001569,F,1645,58.1,349.0,816.0,724,940,1425.6,1352.9,750.2,435.7,66.7,1346.0,879,746,61
8_SM_001570,F,1670,67.6,357.4,916.0,781,1051,1446.5,1361.7,738.0,436.2,68.8,1371.0,892,740,60
8_SM_001571,F,1590,54.8,353.8,838.0,750,899,1359.5,1296.7,730.7,427.4,67.6,1275.0,858,723,61
8_SM_001572,F,1585,52.5,350.6,834.0,718,905,1368.7,1299.9,720.2,425.6,66.5,1270.0,844,713,52
8_SM_001573,F,1643,59.6,362.6,878.0,698,908,1416.4,1362.6,779.1,460.1,66.1,1341.0,912,775,62
8_SM_001574,F,1562,51.1,340.1,817.0,679,887,1342.6,1266.8,702.8,402.1,62.4,1253.0,822,692,57
8_SM_001575,F,1600,45.3,349.7,733.0,601,837,1377.1,1307.6,727.4,426.6,59.4,1280.0,849,725,55
8_SM_001576,F,1630,62.4,345.1,888.0,803,990,1393.7,1328.8,715.6,428.0,71.0,1320.0,831,693,64
8_SM_001577,F,1574,52.3,337.4,867.0,754,890,1351.1,1280.0,743.7,441.0,61.1,1280.0,846,721,59
8_SM_001578,F,1568,49.2,348.6,807.0,664,844,1336.9,1274.3,715.7,427.8,71.7,1250.0,823,700,65
8_SM_001579,F,1569,52.9,335.8,803.0,702,922,1335.3,1275.9,711.0,407.5,66.2,1283.0,835,704,61
8_SM_001580,F,1643,45.0,353.2,750.0,622,874,1429.2,1345.9,757.4,440.6,61.9,1354.0,887,743,62
8_SM_001581,F,1651,59.6,344.7,836.0,732,926,1430.3,1361.9,776.7,449.6,62.3,1343.0,899,754,60
8_SM_001582,F,1621,57.4,337.8,870.0,735,919,1397.7,1325.7,770.5,437.7,69.2,1332.0,885,744,62
8_SM_001583,F,1665,56.2,368.1,837.0,742,945,1442.4,1355.8,763.4,454.7,71.7,1333.0,895,748,65
8_SM_001584,F,1554,61.0,346.8,868.0,776,966,1331.7,1278.4,700.9,413.6,67.5,1252.0,831,689,60
8_SM_001585,F,1571,66.4,360.8,928.0,848,1001,1338.7,1279.7,709.5,409.7,71.0,1288.0,830,702,60
8_SM_001586,F,1642,56.8,359.0,810.0,693,984,1420.8,1348.0,759.4,436.8,62.3,1348.0,880,746,55
8_SM_001587,F,1713,67.3,383.8,862.0,776,1000,1473.8,1402.3,779.8,464.7,67.2,1376.0,920,772,61
8_SM_001588,F,1619,52.6,364.8,832.0,729,898,1402.1,1325.0,756.7,428.1,68.9,1321.0,873,732,64
8_SM_001589,F,1625,43.0,341.4,759.0,634,815,1386.2,1314.0,771.0,446.4,64.7,1313.0,878,758,61
8_SM_001590,F,1565,47.8,342.9,763.0,658,873,1342.4,1267.8,713.2,416.3,63.2,1247.0,819,699,61
8_SM_001591,F,1625,55.0,329.5,844.0,709,954,1394.3,1335.4,727.0,441.4,65.7,1326.0,859,718,65
8_SM_001592,F,1613,57.6,349.1,893.0,744,933,1380.4,1323.0,758.2,450.7,66.3,1310.0,882,748,61
8_SM_001593,F,1700,67.8,368.5,860.0,747,1011,1458.0,1393.8,795.3,457.0,75.7,1382.0,910,773,69
8_SM_001594,F,1611,56.2,356.7,887.0,735,910,1372.4,1318.8,742.1,432.9,66.7,1306.0,859,729,60
8_SM_001595,F,1560,49.0,337.4,833.0,639,850,1322.1,1270.3,730.3,432.7,63.8,1237.0,849,715,57
8_SM_001596,F,1673,61.5,373.2,885.0,796,943,1429.1,1368.4,769.8,456.7,68.3,1352.0,888,744,64
8_SM_001597,F,1629,56.6,363.6,827.0,748,919,1385.5,1322.6,753.1,439.4,75.9,1304.0,859,733,70
8_SM_001598,F,1556,46.3,312.7,794.0,687,840,1359.6,1274.3,727.6,422.6,70.1,1262.0,852,707,63
8_SM_001599,F,1638,75.1,357.3,975.0,845,1088,1407.1,1344.9,746.9,446.2,77.5,1345.0,892,732,70
8_SM_001600,F,1643,47.2,357.1,815.0,642,857,1417.0,1340.9,790.3,459.6,63.3,1317.0,899,770,59
8_SM_001601,F,1656,56.9,342.0,873.0,728,942,1425.4,1364.5,801.7,485.8,73.8,1332.0,916,773,68
8_SM_001602,F,1655,53.1,361.8,842.0,718,889,1426.4,1354.3,774.3,452.6,66.4,1346.0,913,760,62
8_SM_001603,F,1596,60.6,344.6,866.0,748,967,1377.0,1324.0,724.6,440.6,70.1,1299.0,839,713,65
8_SM_001604,F,1607,60.6,341.5,913.0,845,948,1378.3,1322.0,771.1,443.4,65.0,1320.0,879,746,59
8_SM_001605,F,1640,40.2,320.2,697.0,584,811,1398.6,1345.4,777.2,456.0,62.4,1339.0,891,771,60
8_SM_001606,F,1535,52.2,324.1,844.0,756,908,1315.0,1254.4,696.4,419.6,59.8,1251.0,817,688,54
8_SM_001607,F,1553,49.9,345.9,839.0,692,894,1324.8,1255.0,714.3,413.5,59.4,1249.0,833,701,53
8_SM_001608,F,1670,61.5,364.6,824.0,740,1025,1439.1,1367.8,778.0,468.1,64.6,1355.0,921,768,61
8_SM_001609,F,1631,57.6,370.6,823.0,747,980,1388.6,1308.8,750.8,445.8,64.8,1304.0,888,733,61
8_SM_001610,F,1644,53.9,332.1,802.0,698,946,1391.9,1332.2,771.2,447.7,65.2,1323.0,880,761,57
8_SM_001611,F,1639,53.4,343.9,848.0,725,920,1415.8,1339.2,783.4,444.2,69.1,1335.0,900,767,65
8_SM_001612,F,1654,76.9,367.5,931.0,851,1081,1423.0,1356.9,747.1,436.1,72.4,1330.0,877,741,63
8_SM_001613,F,1625,50.9,358.9,784.0,658,922,1393.4,1320.7,742.6,428.5,69.7,1316.0,862,731,62
8_SM_001614,F,1633,47.8,347.2,793.0,660,879,1397.7,1332.9,754.3,451.5,65.0,1335.0,876,737,60
8_SM_001615,F,1589,50.9,343.6,812.0,715,888,1355.8,1291.1,765.6,426.4,64.8,1280.0,871,735,61
8_SM_001616,F,1641,48.4,336.1,770.0,655,885,1403.8,1338.8,772.8,442.1,62.6,1330.0,887,761,57
8_SM_001617,F,1574,55.0,323.8,907.0,760,921,1342.5,1282.1,750.9,435.7,63.7,1293.0,871,723,57
8_SM_001618,F,1660,67.9,347.8,965.0,831,1021,1424.0,1372.8,757.8,443.5,59.1,1357.0,887,744,56
8_SM_001619,F,1541,79.1,360.0,1144.0,1018,1085,1308.1,1263.9,685.6,401.8,64.5,1263.0,869,692,60
8_SM_001620,F,1646,88.2,388.5,1125.0,986,1110,1409.1,1345.3,756.7,450.9,68.7,1357.0,902,741,64
8_SM_001621,F,1598,60.8,347.6,900.0,761,982,1387.1,1315.4,787.5,455.4,70.5,1311.0,899,760,62
8_SM_001622,F,1547,43.5,335.3,767.0,673,845,1320.8,1263.9,717.6,416.2,61.0,1262.0,847,721,56
8_SM_001623,F,1558,55.5,349.2,870.0,793,972,1328.2,1260.9,741.7,406.2,67.2,1246.0,829,710,59
8_SM_001624,F,1651,65.9,352.6,824.0,793,962,1411.9,1338.0,761.1,437.8,70.7,1346.0,888,749,66
8_SM_001625,F,1690,56.6,374.8,804.0,730,924,1457.5,1383.9,839.2,471.1,73.0,1380.0,937,811,65
8_SM_001626,F,1594,66.0,354.2,850.0,787,1026,1338.2,1270.7,722.9,427.7,70.2,1305.0,862,742,58
8_SM_001627,F,1563,43.0,366.2,753.0,658,839,1383.1,1321.2,766.0,442.4,66.5,1261.0,821,701,65
8_SM_001628,F,1651,56.9,375.7,816.0,745,940,1421.8,1340.4,752.6,443.1,71.1,1320.0,873,730,65
8_SM_001629,F,1630,78.6,371.9,1068.0,977,1057,1390.9,1326.6,731.3,431.3,64.9,1320.0,863,713,64
8_SM_001630,F,1614,48.9,348.1,790.0,705,914,1378.3,1313.8,769.1,431.5,61.5,1299.0,886,756,57
8_SM_001631,F,1609,62.7,362.6,875.0,776,987,1375.5,1314.7,738.0,437.8,66.1,1293.0,843,711,59
8_SM_001632,F,1614,54.1,344.6,845.0,715,908,1380.5,1320.9,741.8,443.0,66.0,1311.0,851,730,59
8_SM_001633,F,1606,59.6,369.9,915.0,785,967,1371.9,1327.1,760.0,453.1,71.4,1323.0,877,746,65
8_SM_001634,F,1531,47.9,351.7,850.0,725,875,1313.5,1245.4,697.6,414.2,69.1,1229.0,819,683,62
8_SM_001635,F,1624,57.0,328.0,863.0,720,913,1392.4,1340.0,758.7,457.8,73.6,1328.0,883,744,67
8_SM_001636,F,1651,60.4,351.3,882.0,802,990,1420.0,1333.8,722.8,433.3,74.5,1314.0,854,724,68
8_SM_001637,F,1628,48.1,368.3,824.0,705,888,1400.5,1323.9,772.1,450.5,64.7,1299.0,889,757,60
8_SM_001638,F,1676,57.5,375.4,817.0,767,934,1440.4,1367.8,759.0,451.7,72.72,1330.0,897,743,66
8_SM_001639,F,1579,62.0,332.1,900.0,824,999,1362.2,1277.2,714.2,404.0,60.6,1294.0,823,698,55
8_SM_001640,F,1678,69.6,369.4,940.0,808,1024,1431.6,1377.4,777.1,443.2,67.4,1374.0,887,756,62
8_SM_001641,F,1655,55.0,357.5,833.0,723,951,1432.3,1350.6,746.2,436.0,66.4,1338.0,887,742,61
8_SM_001642,F,1700,67.5,366.5,919.0,760,989,1471.4,1398.4,802.5,460.1,70.9,1379.0,925,770,66
8_SM_001643,F,1571,44.2,341.3,713.0,617,870,1360.3,1289.4,767.0,441.7,62.3,1270.0,879,755,56
8_SM_001644,F,1708,60.5,355.3,848.0,702,977,1470.3,1383.7,779.1,451.2,66.3,1395.0,923,774,62
8_SM_001645,F,1527,59.4,337.1,940.0,837,979,1298.3,1250.4,716.0,410.8,68.7,1225.0,827,704,64
8_SM_001646,F,1592,50.5,358.3,768.0,709,900,1359.3,1286.1,747.7,441.3,67.9,1257.0,856,724,61
8_SM_001647,F,1634,53.6,344.3,816.0,686,897,1411.8,1349.3,775.7,458.1,68.1,1327.0,884,746,64
8_SM_001648,F,1525,49.0,338.2,832.0,656,902,1310.4,1242.6,693.0,398.1,69.0,1217.0,786,672,62
8_SM_001649,F,1674,65.7,361.9,934.0,865,986,1444.0,1381.5,779.6,462.9,67.6,1379.0,928,769,60
8_SM_001650,F,1581,42.1,328.0,778.0,595,838,1367.4,1290.7,699.4,410.7,62.9,1286.0,807,690,60
8_SM_001651,F,1546,45.9,335.5,805.0,670,859,1335.4,1264.9,738.8,433.2,69.1,1246.0,843,714,60
8_SM_001652,F,1679,57.3,371.8,813.0,701,947,1434.8,1360.5,790.0,465.9,69.7,1333.0,916,779,64
8_SM_001653,F,1725,71.9,362.1,930.0,828,1060,1476.6,1403.3,827.6,463.1,72.8,1397.0,931,802,66
8_SM_001654,F,1630,60.0,375.9,897.0,867,952,1397.1,1331.9,733.3,446.9,73.2,1316.0,886,734,67
8_SM_001655,F,1653,69.2,363.5,934.0,818,1010,1419.3,1357.3,798.5,459.2,76.8,1358.0,928,766,70
8_SM_001656,F,1685,56.6,350.9,824.0,708,940,1447.5,1381.7,804.5,453.3,71.6,1356.0,908,776,64
8_SM_001657,F,1561,51.9,335.8,818.0,697,914,1330.1,1271.6,730.3,413.8,68.82,1253.0,842,708,62
8_SM_001658,F,1533,44.2,355.9,778.0,679,859,1317.2,1246.8,706.9,412.4,68.9,1220.0,825,700,60
8_SM_001659,F,1687,53.8,372.8,796.0,684,889,1439.1,1365.0,768.0,456.1,66.8,1345.0,917,759,66
8_SM_001660,F,1587,63.5,353.6,913.0,752,982,1372.7,1299.6,736.7,428.4,67.7,1289.0,852,718,61
8_SM_001661,F,1573,51.3,377.8,833.0,674,923,1354.9,1284.8,748.6,428.0,62.3,1267.0,871,728,57
8_SM_001662,F,1592,53.4,342.4,905.0,753,875,1361.9,1290.5,713.7,424.1,71.1,1277.0,846,702,66
8_SM_001663,F,1581,46.4,361.2,799.0,647,838,1345.6,1294.8,728.5,425.9,65.9,1251.0,853,718,62
8_SM_001664,F,1565,55.3,362.0,885.0,733,931,1337.4,1289.6,707.7,419.6,61.2,1271.0,839,694,55
8_SM_001665,F,1660,68.7,373.0,915.0,806,1009,1440.2,1366.2,787.5,472.0,67.2,1356.0,918,780,62
8_SM_001666,F,1639,55.8,339.8,838.0,718,924,1405.9,1336.5,755.1,438.1,54.6,1316.0,856,726,58
8_SM_001667,F,1659,53.5,362.4,804.0,687,927,1408.8,1342.1,762.0,441.1,71.6,1329.0,879,742,65
8_SM_001668,F,1706,54.6,363.2,790.0,692,940,1456.9,1372.6,814.3,466.1,61.0,1379.0,940,802,57
8_SM_001669,F,1542,62.0,355.0,973.0,779,969,1317.2,1257.8,705.6,417.6,65.1,1252.0,847,697,60
8_SM_001670,F,1547,49.2,340.3,795.0,722,934,1325.1,1242.3,697.7,403.1,63.0,1241.0,792,686,55
8_SM_001671,F,1660,51.2,358.0,790.0,675,906,1412.2,1352.7,772.1,457.3,71.9,1343.0,889,760,62
8_SM_001672,F,1599,54.8,347.7,852.0,717,943,1364.7,1318.0,753.3,445.3,66.9,1298.0,882,741,61
8_SM_001673,F,1653,55.2,384.3,799.0,702,940,1418.7,1358.8,787.5,449.6,67.7,1326.0,887,757,53
8_SM_001674,F,1608,66.7,354.2,932.0,820,998,1369.9,1317.0,736.3,430.4,66.3,1304.0,858,720,61
8_SM_001675,F,1589,49.6,335.0,788.0,674,913,1365.3,1300.0,735.8,418.9,67.0,1275.0,857,724,63
8_SM_001676,F,1514,48.2,342.7,788.0,649,884,1290.1,1216.7,678.5,389.4,65.4,1209.0,796,661,59
8_SM_001677,F,1582,46.9,342.0,845.0,669,864,1354.3,1291.3,744.0,422.7,70.5,1284.0,854,730,61
8_SM_001678,F,1659,89.3,378.9,1025.0,846,1172,1427.7,1380.1,790.4,438.7,70.4,1360.0,911,782,68
8_SM_001679,F,1630,62.4,334.3,925.0,816,980,1391.1,1323.1,750.9,435.8,70.1,1324.0,870,730,65
8_SM_001680,F,1686,81.4,381.1,995.0,950,1079,1452.6,1386.2,765.5,460.7,77.5,1378.0,923,770,70
8_SM_001681,F,1665,48.5,362.1,816.0,630,858,1434.2,1342.8,773.3,447.0,62.2,1322.0,878,755,59
8_SM_001682,F,1615,58.1,357.6,840.0,716,1019,1386.9,1312.0,759.6,440.3,64.0,1288.0,870,737,61
8_SM_001683,F,1636,60.0,358.0,896.0,803,952,1406.3,1340.2,778.8,454.5,68.9,1306.0,893,753,65
8_SM_001684,F,1594,49.4,341.8,754.0,669,896,1367.9,1311.1,716.1,421.2,64.0,1296.0,839,706,60
8_SM_001685,F,1624,48.9,340.3,765.0,664,899,1398.8,1334.9,789.5,460.1,64.8,1319.0,905,763,63
8_SM_001686,F,1691,56.8,370.8,844.0,700,934,1450.6,1379.7,787.8,456.6,68.1,1357.0,899,762,62
8_SM_001687,F,1631,47.8,367.6,760.0,631,914,1401.1,1323.0,719.5,415.4,54.7,1306.0,818,705,52
8_SM_001688,F,1599,59.9,362.1,879.0,804,995,1376.9,1304.8,722.9,420.0,60.4,1281.0,829,705,55
8_SM_001689,F,1674,84.8,360.1,1020.0,951,1078,1426.4,1379.1,795.0,444.2,74.5,1370.0,919,779,70
8_SM_001690,F,1593,40.8,340.3,738.0,647,831,1352.1,1283.5,710.8,406.8,56.9,1267.0,839,702,52
8_SM_001691,F,1544,48.4,343.9,842.0,726,885,1314.6,1235.5,672.3,390.7,65.4,1246.0,787,661,58
8_SM_001692,F,1568,64.6,361.0,973.0,846,1006,1346.0,1276.3,708.9,408.5,62.8,1269.0,838,694,60
8_SM_001693,F,1634,47.0,361.0,800.0,619,854,1399.0,1335.9,769.1,446.4,68.2,1311.0,892,751,63
8_SM_001694,F,1580,57.2,336.9,878.0,769,950,1358.0,1286.5,739.2,442.7,68.7,1261.0,848,728,61
8_SM_001695,F,1590,49.2,339.9,790.0,698,895,1362.3,1288.4,761.1,428.7,64.1,1284.0,865,726,60
8_SM_001696,F,1612,46.3,367.5,717.0,624,897,1387.4,1307.5,756.7,435.5,64.3,1310.0,859,741,56
8_SM_001697,F,1663,57.9,358.9,862.0,716,935,1423.3,1355.3,765.0,443.1,65.4,1329.0,866,743,61
8_SM_001698,F,1553,45.9,338.6,794.0,670,891,1339.1,1273.4,737.6,415.5,65.3,1238.0,838,718,57
8_SM_001699,F,1618,63.2,347.0,903.0,793,1021,1391.8,1323.9,741.1,446.3,73.2,1323.0,877,740,61
8_SM_001700,F,1585,46.7,341.8,770.0,651,889,1366.0,1296.5,724.4,413.6,57.2,1297.0,838,708,52
8_SM_001701,F,1697,65.5,351.5,945.0,854,965,1454.2,1397.9,809.4,484.4,74.5,1398.0,931,794,70
8_SM_001702,F,1577,68.1,382.3,939.0,809,987,1335.4,1270.0,690.9,417.5,71.6,1257.0,834,682,64
8_SM_001703,F,1692,69.8,373.1,960.0,825,987,1462.8,1403.1,794.9,472.6,70.0,1394.0,927,781,68
8_SM_001704,F,1670,48.2,355.2,787.0,664,880,1438.4,1378.8,778.9,451.2,65.8,1347.0,891,764,60
8_SM_001705,F,1684,56.7,370.8,847.0,694,939,1455.2,1377.4,799.0,455.0,68.4,1345.0,912,770,62
8_SM_001706,F,1561,41.6,341.5,760.0,628,835,1333.6,1253.2,704.7,396.1,64.7,1252.0,816,691,60
8_SM_001707,F,1597,55.2,335.1,819.0,664,964,1368.3,1308.8,706.3,428.4,64.9,1291.0,822,696,60
8_SM_001708,F,1602,58.3,364.5,920.0,738,940,1372.4,1311.1,716.2,431.0,66.0,1288.0,838,702,60
8_SM_001709,F,1634,53.6,353.7,820.0,681,922,1413.7,1338.5,726.0,425.7,66.1,1323.0,830,709,60
8_SM_001710,F,1635,53.5,380.3,860.0,710,920,1416.8,1336.5,778.3,451.5,68.1,1329.0,894,755,61
8_SM_001711,F,1574,60.8,371.3,901.0,770,1003,1361.2,1289.0,720.9,413.9,64.3,1273.0,833,708,57
8_SM_001712,F,1450,46.9,338.4,800.0,658,899,1241.3,1185.2,661.7,378.2,64.0,1175.0,759,633,60
8_SM_001713,F,1599,48.6,345.7,773.0,661,920,1362.6,1298.5,756.6,441.4,67.5,1287.0,877,736,63
8_SM_001714,F,1630,58.8,359.8,892.0,718,963,1407.9,1332.8,776.9,439.7,66.4,1347.0,879,740,59
8_SM_001715,F,1611,50.0,349.2,745.0,649,940,1397.4,1318.6,754.2,453.1,67.9,1297.0,888,735,62
8_SM_001716,F,1642,51.5,353.8,760.0,660,950,1417.6,1341.9,741.3,419.5,69.1,1351.0,843,717,62
8_SM_001717,F,1584,55.5,309.2,805.0,714,921,1366.0,1294.4,723.8,425.6,73.8,1300.0,842,714,65
8_SM_001718,F,1571,52.7,344.3,868.0,753,884,1350.4,1291.6,709.2,422.4,64.2,1278.0,831,701,57
8_SM_001719,F,1622,63.0,350.0,903.0,765,1000,1407.2,1318.4,755.9,428.0,66.5,1315.0,859,717,61
8_SM_001720,F,1610,84.1,368.5,1120.0,1035,1064,1385.1,1324.6,707.9,424.3,73.9,1325.0,841,702,67
8_SM_001721,F,1601,61.8,366.5,931.0,765,950,1370.6,1310.0,708.6,421.5,72.5,1291.0,843,698,63
8_SM_001722,F,1602,54.2,345.5,808.0,681,925,1377.7,1316.4,747.8,434.8,60.6,1278.0,867,728,61
8_SM_001723,F,1600,51.4,360.2,837.0,686,891,1374.7,1310.9,745.1,434.5,71.6,1298.0,860,727,55
8_SM_001724,F,1575,48.1,346.6,805.0,683,866,1347.4,1284.3,710.4,424.7,61.0,1261.0,831,694,60
8_SM_001725,F,1691,50.0,373.9,798.0,667,870,1460.0,1369.2,781.7,469.7,66.1,1344.0,915,773,61
8_SM_001726,F,1563,60.1,365.9,970.0,800,970,1341.7,1279.4,712.8,422.6,63.3,1256.0,855,705,59
8_SM_001727,F,1696,65.9,364.9,867.0,766,992,1447.0,1375.2,803.7,457.8,68.1,1371.0,911,777,65
8_SM_001728,F,1551,48.6,330.1,814.0,649,861,1335.1,1268.1,730.1,417.8,73.0,1258.0,822,693,62
8_SM_001729,F,1548,47.3,345.3,859.0,679,882,1325.2,1259.8,717.7,420.2,69.4,1245.0,832,699,63
8_SM_001730,F,1619,70.2,370.4,1004.0,872,1024,1386.8,1325.0,725.7,430.7,67.4,1318.0,877,706,61
8_SM_001731,F,1631,62.2,367.3,948.0,790,963,1407.7,1334.7,739.6,446.5,68.8,1314.0,878,737,63
8_SM_001732,F,1574,63.7,351.4,910.0,756,1014,1363.0,1289.1,734.6,453.7,71.27,1281.0,881,732,62
8_SM_001733,F,1536,50.6,353.2,842.0,690,908,1295.5,1242.1,683.8,398.0,62.6,1226.0,800,670,60
8_SM_001734,F,1625,63.0,361.1,888.0,796,1016,1402.1,1333.3,736.8,434.1,62.6,1338.0,880,730,58
8_SM_001735,F,1689,83.0,374.7,1035.0,906,1137,1454.5,1399.8,796.4,454.0,64.9,1372.0,917,769,62
8_SM_001736,F,1611,47.4,313.7,752.0,617,866,1384.4,1322.2,753.6,429.2,63.3,1326.0,871,731,58
8_SM_001737,F,1565,61.4,354.7,923.0,860,981,1344.7,1269.2,729.1,431.8,67.8,1255.0,849,714,62
8_SM_001738,F,1601,58.1,347.0,885.0,735,968,1378.6,1308.1,737.5,450.3,65.2,1290.0,875,723,60
8_SM_001739,F,1681,114.3,407.1,1152.0,1118,1369,1438.2,1387.3,767.6,479.3,75.7,1365.0,915,767,72
8_SM_001740,F,1612,58.0,345.7,891.0,760,912,1389.7,1311.0,740.0,429.1,63.5,1306.0,840,718,57
8_SM_001741,F,1560,48.6,321.9,786.0,679,878,1343.5,1275.5,717.9,408.3,57.7,1270.0,800,684,55
8_SM_001742,F,1636,50.0,356.8,804.0,639,903,1410.3,1339.0,803.5,453.4,65.2,1332.0,903,777,60
8_SM_001743,F,1655,52.6,355.3,869.0,713,879,1436.3,1355.8,756.1,443.5,67.0,1339.0,874,737,61
8_SM_001744,F,1647,48.1,359.7,812.0,660,869,1421.6,1342.0,796.1,463.8,64.5,1325.0,892,774,60
8_SM_001745,F,1586,55.7,351.9,833.0,739,931,1372.8,1296.0,733.5,429.1,65.5,1282.0,855,711,61
8_SM_001746,F,1509,54.0,353.5,910.0,779,915,1298.4,1234.2,689.3,408.3,62.1,1227.0,800,678,57
8_SM_001747,F,1561,47.9,327.2,769.0,699,865,1340.5,1273.9,741.6,422.1,63.1,1259.0,844,712,58
8_SM_001748,F,1541,57.2,339.8,916.0,820,940,1328.0,1262.7,724.5,417.9,61.3,1234.0,841,708,56
8_SM_001749,F,1713,62.7,366.5,915.0,771,943,1477.2,1417.3,832.6,495.0,75.2,1398.0,961,814,69
8_SM_001750,F,1534,46.2,333.8,812.0,745,872,1311.4,1244.4,687.3,416.1,64.9,1242.0,816,690,62
8_SM_001751,F,1630,84.6,370.8,1164.0,963,1083,1393.7,1355.5,723.8,424.0,64.9,1339.0,863,723,61
8_SM_001752,F,1635,50.5,369.0,805.0,670,897,1396.3,1320.3,770.2,461.1,70.0,1304.0,873,749,62
8_SM_001753,F,1665,71.9,369.3,933.0,843,1068,1419.0,1364.0,750.6,445.9,62.8,1356.0,896,737,60
8_SM_001754,F,1530,46.9,340.9,800.0,724,879,1315.8,1237.9,696.8,414.0,65.33,1210.0,804,685,57
8_SM_001755,F,1591,60.0,351.6,903.0,789,979,1374.6,1286.1,729.9,429.4,59.1,1293.0,850,711,55
8_SM_001756,F,1647,70.5,360.9,953.0,911,988,1429.6,1355.3,764.5,465.5,69.7,1342.0,901,751,68
8_SM_001757,F,1567,49.9,341.8,835.0,713,890,1349.3,1270.4,718.5,414.8,59.5,1255.0,829,695,55
8_SM_001758,F,1666,58.2,354.2,840.0,728,943,1430.6,1348.9,753.4,437.0,66.4,1345.0,888,744,60
8_SM_001759,F,1593,57.4,354.9,814.0,701,965,1381.1,1318.4,721.1,439.6,68.0,1299.0,848,711,65
8_SM_001760,F,1633,59.1,360.2,877.0,760,944,1405.3,1332.5,749.5,443.2,66.3,1319.0,904,751,59
8_SM_001761,F,1569,51.4,336.8,830.0,697,923,1347.4,1275.9,681.2,407.1,63.3,1269.0,830,682,58
8_SM_001762,F,1583,50.6,367.9,813.0,732,900,1358.6,1287.0,724.2,425.7,63.8,1262.0,862,714,56
8_SM_001763,F,1668,51.6,371.2,757.0,658,925,1439.7,1365.6,783.6,473.7,72.1,1338.0,909,772,62
8_SM_001764,F,1635,54.2,346.5,838.0,706,895,1411.6,1334.2,737.2,434.8,68.3,1325.0,877,725,65
8_SM_001765,F,1586,59.8,350.7,901.0,778,984,1371.1,1310.6,759.0,447.7,67.4,1281.0,886,748,64
8_SM_001766,F,1537,44.5,349.8,719.0,633,895,1316.1,1258.0,691.7,409.0,68.1,1236.0,800,672,61
8_SM_001767,F,1539,73.9,344.9,1068.0,955,1063,1308.5,1238.0,690.6,413.7,64.9,1240.0,825,698,61
8_SM_001768,F,1608,69.1,369.0,977.0,856,1053,1392.1,1309.1,691.4,419.4,70.0,1313.0,861,692,65
8_SM_001769,F,1521,56.3,333.0,863.0,758,932,1294.1,1228.0,699.3,422.2,64.7,1214.0,820,692,57
8_SM_001770,F,1698,85.9,380.8,1020.0,935,1127,1454.3,1383.6,750.9,446.5,68.5,1386.0,904,745,65
8_SM_001771,F,1584,49.2,345.6,788.0,696,929,1368.7,1294.8,723.4,426.0,72.6,1276.0,849,712,65
8_SM_001772,F,1631,85.3,354.9,818.0,745,971,1391.4,1326.7,714.1,412.1,68.4,1313.0,832,702,62
8_SM_001773,F,1726,49.9,390.1,772.0,675,913,1488.9,1412.9,800.8,465.0,65.5,1376.0,938,795,60
8_SM_001774,F,1574,63.8,335.9,936.0,815,1000,1336.8,1283.5,725.4,437.4,78.9,1275.0,835,706,70
8_SM_001775,F,1534,53.9,320.6,830.0,720,925,1307.6,1241.0,716.5,417.2,69.0,1230.0,820,687,57
8_SM_001776,F,1688,57.7,375.5,869.0,758,916,1453.4,1388.1,796.1,468.6,69.8,1352.0,922,783,62
8_SM_001777,F,1672,65.1,359.9,869.0,843,997,1440.4,1364.9,769.4,449.8,72.8,1361.0,891,751,67
8_SM_001778,F,1610,52.3,336.9,805.0,650,926,1382.6,1324.9,752.4,436.4,71.3,1295.0,873,736,65
8_SM_001779,F,1672,60.6,371.2,898.0,741,958,1434.5,1356.2,779.4,451.5,67.6,1355.0,919,773,62
8_SM_001780,F,1583,60.9,354.2,957.0,788,960,1360.2,1286.5,730.5,433.6,63.5,1295.0,860,726,57
8_SM_001781,F,1644,55.4,359.0,822.0,727,946,1419.5,1320.9,773.7,441.1,67.6,1309.0,891,750,62
8_SM_001782,F,1635,47.4,345.2,778.0,655,880,1401.0,1332.5,761.5,435.5,63.2,1335.0,882,749,60
8_SM_001783,F,1620,64.9,348.1,918.0,804,1040,1386.7,1320.9,734.4,420.8,65.6,1305.0,867,723,61
8_SM_001784,F,1639,65.1,358.2,886.0,809,988,1418.8,1333.9,712.0,424.0,67.3,1332.0,850,703,61
8_SM_001785,F,1624,46.4,357.9,756.0,653,851,1399.5,1340.3,751.3,434.2,67.7,1327.0,874,732,63
8_SM_001786,F,1587,65.2,341.7,985.0,850,987,1362.0,1297.3,745.7,452.0,68.6,1292.0,862,729,60
8_SM_001787,F,1679,49.7,338.8,770.0,631,860,1449.1,1381.2,794.4,445.4,65.6,1347.0,910,778,60
8_SM_001788,F,1661,53.1,365.1,845.0,722,929,1425.5,1351.0,794.0,464.8,69.3,1343.0,917,781,63
8_SM_001789,F,1608,58.8,334.4,918.0,763,948,1370.5,1317.1,737.9,449.8,75.5,1303.0,866,735,68
8_SM_001790,F,1605,58.8,340.9,918.0,732,961,1367.8,1318.3,747.2,442.6,66.0,1300.0,861,727,63
8_SM_001791,F,1586,79.9,349.9,1003.0,925,1084,1346.6,1296.5,692.2,414.2,67.5,1272.0,848,695,62
8_SM_001792,F,1613,54.8,340.1,826.0,719,885,1389.6,1317.0,747.1,440.7,64.5,1307.0,875,735,61
8_SM_001793,F,1631,55.4,353.5,815.0,696,938,1413.1,1341.2,776.9,452.4,63.0,1320.0,901,762,57
8_SM_001794,F,1618,52.1,349.6,788.0,692,935,1398.2,1319.1,742.3,438.8,64.5,1298.0,881,733,58
8_SM_001795,F,1604,53.3,331.8,785.0,692,932,1366.6,1311.9,722.0,410.1,57.5,1296.0,842,707,55
8_SM_001796,F,1665,61.7,332.7,890.0,724,961,1445.8,1362.3,778.9,454.0,66.9,1366.0,914,766,61
8_SM_001797,F,1610,47.4,335.4,790.0,665,883,1393.4,1307.0,740.3,425.4,62.8,1306.0,852,719,58
8_SM_001798,F,1585,49.2,335.9,784.0,677,898,1372.6,1288.9,752.7,421.5,61.3,1279.0,856,728,56
8_SM_001799,F,1497,69.7,364.0,1023.0,938,1073,1281.4,1210.1,664.7,395.5,65.2,1215.0,797,663,60
8_SM_001800,F,1633,50.7,345.3,774.0,703,893,1395.3,1317.7,768.0,439.5,62.9,1313.0,891,758,57
8_SM_001801,F,1619,55.6,334.6,808.0,732,940,1397.1,1316.4,741.3,430.7,67.9,1313.0,865,736,61
8_SM_001802,F,1556,52.0,312.9,863.0,748,905,1328.4,1275.0,713.8,414.4,64.7,1263.0,856,718,62
8_SM_001803,F,1578,59.6,325.5,900.0,809,980,1341.3,1282.1,713.9,428.7,71.5,1277.0,856,706,63
8_SM_001804,F,1625,51.3,338.9,802.0,660,897,1396.2,1334.5,764.9,437.1,61.8,1293.0,877,748,56
8_SM_001805,F,1606,48.7,353.7,793.0,678,902,1374.1,1300.1,748.4,426.8,68.0,1281.0,866,727,62
8_SM_001806,F,1668,66.2,359.9,938.0,767,1007,1448.1,1360.9,787.9,463.6,78.4,1350.0,922,771,71
8_SM_001807,F,1635,52.7,357.0,812.0,713,891,1403.7,1328.4,764.6,433.9,63.9,1326.0,877,739,58
8_SM_001808,F,1623,48.8,347.7,785.0,660,891,1402.1,1324.2,768.6,433.4,68.3,1305.0,882,755,62
8_SM_001809,F,1653,59.3,359.0,835.0,716,966,1416.4,1351.3,763.9,456.6,69.5,1323.0,904,758,62
8_SM_001810,F,1560,51.0,346.4,884.0,744,920,1337.4,1264.3,723.1,427.7,63.5,1247.0,855,710,57
8_SM_001811,F,1627,88.5,370.3,1133.0,999,1110,1398.7,1342.3,733.7,440.2,68.6,1353.0,917,727,66
8_SM_001812,F,1690,57.5,353.0,884.0,735,908,1454.5,1397.9,782.7,486.8,81.3,1352.0,915,778,75
8_SM_001813,F,1574,43.4,336.5,770.0,699,844,1352.1,1275.8,714.1,416.1,63.0,1270.0,845,714,59
8_SM_001814,F,1600,57.0,333.1,859.0,713,947,1363.3,1306.4,737.6,432.6,68.9,1293.0,864,726,60
8_SM_001815,F,1512,44.2,347.4,770.0,639,829,1299.2,1233.1,695.3,404.3,67.9,1222.0,803,683,65
8_SM_001816,F,1612,64.0,359.5,952.0,835,988,1393.5,1316.1,756.2,441.0,68.4,1328.0,895,748,65
8_SM_001817,F,1590,42.3,348.5,732.0,625,837,1350.6,1293.5,754.2,433.3,64.1,1274.0,858,731,55
8_SM_001818,F,1557,41.3,330.6,758.0,648,839,1351.3,1275.3,704.7,402.6,61.7,1260.0,821,700,57
8_SM_001819,F,1635,51.1,344.5,820.0,698,876,1422.3,1360.2,778.2,444.1,69.1,1333.0,900,759,65
8_SM_001820,F,1678,57.3,341.1,799.0,745,992,1450.2,1367.7,782.4,454.4,75.4,1380.0,913,766,70
8_SM_001821,F,1590,51.3,362.1,808.0,740,925,1378.1,1294.0,754.7,451.7,67.2,1283.0,874,725,61
8_SM_001822,F,1618,56.4,356.0,903.0,784,926,1393.5,1317.7,760.4,447.5,63.0,1327.0,872,750,59
8_SM_001823,F,1616,67.6,330.8,946.0,818,1008,1379.6,1329.8,758.1,437.9,65.8,1312.0,881,755,62
8_SM_001824,F,1519,64.7,345.2,1010.0,854,933,1302.2,1239.3,671.0,400.4,62.8,1223.0,790,672,60
8_SM_001825,F,1623,59.1,355.3,910.0,770,971,1389.3,1321.8,744.2,449.1,65.3,1310.0,887,734,61
8_SM_001826,F,1626,52.3,333.7,783.0,715,908,1388.4,1325.2,766.0,443.9,65.3,1306.0,889,746,62
8_SM_001827,F,1716,63.6,365.1,912.0,788,954,1489.2,1410.2,791.0,460.8,68.2,1418.0,933,782,64
8_SM_001828,F,1644,50.0,384.1,801.0,704,880,1409.4,1322.5,773.5,430.5,68.7,1330.0,882,750,64
8_SM_001829,F,1571,43.6,326.2,773.0,628,828,1345.4,1279.2,734.4,404.8,66.3,1273.0,840,713,60
8_SM_001830,F,1618,61.6,338.5,918.0,778,949,1388.0,1325.6,734.2,428.5,65.2,1315.0,870,717,60
8_SM_001831,F,1615,52.5,377.2,814.0,714,883,1397.6,1312.0,742.4,436.4,71.3,1295.0,870,743,70
8_SM_001832,F,1621,53.7,340.5,854.0,718,908,1403.5,1326.3,764.7,443.2,72.8,1320.0,875,752,70
8_SM_001833,F,1596,56.4,336.9,886.0,770,949,1365.5,1298.8,705.5,415.9,64.9,1317.0,828,708,62
8_SM_001834,F,1533,60.2,346.0,1017.0,954,921,1312.4,1254.0,693.1,401.3,57.1,1232.0,815,688,54
8_SM_001835,F,1564,45.0,360.1,775.0,685,885,1335.1,1265.9,713.3,403.3,56.3,1249.0,828,700,53
8_SM_001836,F,1558,56.9,340.0,922.0,851,951,1314.3,1250.0,715.4,410.7,64.3,1241.0,822,704,62
8_SM_001837,F,1524,59.7,349.3,919.0,932,922,1297.9,1233.7,655.3,403.6,62.5,1225.0,795,662,59
8_SM_001838,F,1644,62.9,353.7,919.0,857,962,1421.6,1347.8,766.0,432.4,63.0,1317.0,880,753,61
8_SM_001839,F,1586,63.2,386.5,973.0,882,949,1358.4,1280.2,719.1,402.0,63.8,1274.0,833,700,63
8_SM_001840,F,1605,57.3,345.7,1002.0,823,917,1386.3,1302.0,741.2,440.0,53.9,1203.0,853,723,51
8_SM_001841,F,1580,54.0,352.9,869.0,782,912,1335.3,1275.3,717.7,432.5,66.0,1269.0,828,711,61
8_SM_001842,F,1617,54.2,385.4,870.0,749,922,1384.9,1296.9,752.2,450.1,61.4,1295.0,877,742,58
8_SM_001843,F,1532,56.3,363.4,908.0,845,926,1298.6,1237.4,692.1,406.1,54.6,1235.0,803,664,53
8_SM_001844,F,1500,53.7,354.7,927.0,854,887,1273.5,1203.8,656.1,378.5,51.0,1203.0,779,653,47
8_SM_001845,F,1551,60.0,358.3,943.0,887,977,1313.7,1249.0,704.2,399.7,56.0,1228.0,816,689,52
8_SM_001846,F,1584,52.7,364.3,847.0,748,913,1354.2,1274.5,723.0,420.1,66.9,1260.0,799,703,62
8_SM_001847,F,1647,56.4,371.0,853.0,757,945,1419.7,1338.6,741.5,428.9,65.9,1316.0,882,729,63
8_SM_001848,F,1582,49.5,353.7,772.0,738,918,1348.5,1272.7,697.5,409.1,65.0,1243.0,813,689,62
8_SM_001849,F,1530,56.7,354.0,886.0,794,948,1299.7,1230.7,675.2,395.9,67.4,1237.0,783,665,65
8_SM_001850,F,1627,73.0,385.4,1010.0,885,1013,1396.8,1318.6,741.1,427.9,61.3,1331.0,871,728,60
8_SM_001851,F,1573,62.9,370.8,975.0,859,945,1349.2,1276.0,713.4,418.7,67.5,1263.0,831,698,62
8_SM_001852,F,1540,53.9,364.2,838.0,724,973,1316.6,1244.6,684.2,404.5,68.7,1220.0,791,667,62
8_SM_001853,F,1630,55.2,345.4,862.0,732,932,1396.3,1334.8,760.1,425.7,69.2,1301.0,858,732,64
8_SM_001854,F,1563,55.4,352.4,862.0,794,940,1341.3,1259.3,756.0,422.7,56.67,1265.0,842,738,64
8_SM_001855,F,1550,57.5,360.5,849.0,784,970,1334.6,1250.3,703.9,390.6,68.8,1242.0,809,692,61
8_SM_001856,F,1542,49.7,341.4,827.0,741,907,1319.4,1246.5,736.1,416.7,62.5,1236.0,840,719,55
8_SM_001857,F,1535,79.2,362.6,1053.0,1027,1093,1315.5,1251.8,663.2,384.7,54.3,1241.0,789,662,50
8_SM_001858,F,1680,93.6,391.6,1083.0,1063,1112,1427.5,1369.2,773.2,443.1,79.2,1381.0,903,757,75
8_SM_001859,F,1565,94.0,361.2,1193.0,1107,1205,1322.8,1275.7,688.2,407.5,56.7,1252.0,840,677,57
8_SM_001860,F,1500,45.8,333.6,812.0,713,869,1284.9,1211.1,665.8,394.7,66.6,1203.0,772,650,61
8_SM_001861,F,1620,86.9,390.5,1090.0,1057,1099,1386.4,1320.3,776.7,434.6,67.5,1319.0,880,750,62
8_SM_001862,F,1623,55.5,363.0,841.0,771,959,1386.7,1315.6,753.3,437.2,67.9,1316.0,870,745,67
8_SM_001863,F,1617,55.1,342.2,842.0,732,893,1370.5,1320.5,751.5,428.1,74.1,1326.0,843,730,67
8_SM_001864,F,1575,51.6,351.3,843.0,728,874,1350.9,1289.2,732.6,429.3,64.4,1283.0,854,724,62
8_SM_001865,F,1580,65.9,361.2,953.0,876,996,1357.9,1285.9,730.5,424.8,80.4,1294.0,843,721,75
8_SM_001866,F,1570,68.0,347.7,1029.0,919,984,1356.7,1279.7,737.7,416.9,62.7,1285.0,834,733,62
8_SM_001867,F,1528,51.3,338.7,795.0,689,909,1306.2,1230.8,691.8,392.3,64.6,1233.0,787,669,60
8_SM_001868,F,1533,61.1,353.3,997.0,872,960,1315.7,1225.0,666.0,393.5,60.5,1225.0,778,656,56
8_SM_001869,F,1435,52.4,324.2,925.0,859,935,1219.4,1147.1,653.0,376.5,57.5,1152.0,755,648,57
8_SM_001870,F,1602,58.6,360.7,920.0,849,935,1365.5,1289.8,714.8,418.6,59.8,1291.0,845,701,57
8_SM_001871,F,1562,57.1,366.5,909.0,842,928,1333.7,1249.3,695.0,400.3,72.9,1258.0,801,684,67
8_SM_001872,F,1538,56.4,353.1,914.0,812,947,1303.3,1226.4,661.4,393.1,73.9,1223.0,973,653,67
8_SM_001873,F,1612,55.8,366.3,909.0,767,915,1380.9,1296.2,741.7,413.9,70.9,1308.0,847,724,64
8_SM_001874,F,1571,62.6,366.3,937.0,785,984,1356.6,1277.9,722.4,413.7,56.8,1263.0,815,700,55
8_SM_001875,F,1642,65.9,367.8,905.0,834,990,1413.1,1334.6,761.5,432.6,58.1,1320.0,879,754,54
8_SM_001876,F,1588,74.9,351.2,997.0,944,1060,1357.5,1285.8,717.5,423.9,66.3,1302.0,833,711,60
8_SM_001877,F,1625,58.6,383.2,834.0,740,938,1384.5,1318.7,744.2,436.4,67.2,1301.0,856,726,65
8_SM_001878,F,1583,60.7,358.6,889.0,802,979,1354.7,1275.7,724.4,419.5,68.9,1263.0,850,706,65
8_SM_001879,F,1568,53.6,353.0,854.0,798,880,1343.2,1259.3,726.3,424.5,71.3,1273.0,831,709,65
8_SM_001880,F,1617,51.7,355.8,807.0,708,925,1379.3,1286.5,736.3,421.2,67.3,1290.0,865,718,62
8_SM_001881,F,1600,51.5,380.3,818.0,699,897,1371.8,1294.0,734.9,434.6,62.1,1298.0,853,724,60
8_SM_001882,F,1535,55.9,343.4,907.0,818,933,1303.5,1237.3,668.8,396.0,63.1,1233.0,789,666,60
8_SM_001883,F,1620,53.4,368.6,808.0,758,889,1395.7,1317.0,720.7,418.9,63.3,1302.0,826,713,61
8_SM_001884,F,1600,53.9,372.1,904.0,852,881,1366.3,1306.6,742.3,431.5,67.0,1297.0,856,733,65
8_SM_001885,F,1616,50.3,335.8,810.0,705,913,1381.3,1316.8,732.9,428.2,65.6,1291.0,864,726,61
8_SM_001886,F,1550,58.2,354.4,965.0,815,941,1305.7,1231.4,674.0,388.9,60.3,1222.0,802,671,57
8_SM_001887,F,1563,50.3,337.5,760.0,710,900,1328.1,1254.3,731.7,430.0,64.4,1273.0,839,709,62
8_SM_001888,F,1560,62.9,373.1,991.0,927,937,1320.1,1243.1,715.5,416.5,59.9,1237.0,832,697,57
8_SM_001889,F,1605,62.0,356.0,929.0,800,968,1377.3,1291.9,748.6,435.3,61.1,1309.0,853,727,59
8_SM_001890,F,1528,46.8,368.4,822.0,742,842,1302.3,1216.9,670.2,395.9,57.8,1213.0,779,660,54
8_SM_001891,F,1658,64.2,355.2,936.0,839,986,1407.0,1328.2,783.0,441.1,67.3,1346.0,886,766,63
8_SM_001892,F,1474,50.6,343.1,879.0,765,884,1243.5,1188.4,666.1,384.5,63.2,1188.0,754,651,60
8_SM_001893,F,1553,55.3,361.7,875.0,791,961,1325.3,1250.2,712.2,404.6,61.5,1260.0,839,702,56
8_SM_001894,F,1515,46.7,343.6,858.0,722,833,1303.5,1230.2,695.2,378.7,59.6,1209.0,783,677,54
8_SM_001895,F,1644,57.1,366.9,846.0,719,944,1423.7,1339.6,740.2,410.7,63.5,1345.0,850,722,60
8_SM_001896,F,1550,55.4,353.9,925.0,841,928,1317.4,1247.3,704.7,416.0,73.5,1245.0,807,690,66
8_SM_001897,F,1585,52.0,382.5,798.0,679,937,1345.9,1272.8,722.5,396.0,61.0,1270.0,831,703,55
8_SM_001898,F,1548,64.0,370.4,983.0,915,967,1331.0,1270.1,715.7,401.5,58.7,1248.0,817,700,53
8_SM_001899,F,1572,62.6,372.1,917.0,865,957,1332.5,1272.0,713.4,442.2,65.7,1266.0,853,703,61
8_SM_001900,F,1535,55.6,352.6,913.0,832,917,1315.6,1248.8,692.8,412.9,62.2,1222.0,790,674,54
8_SM_001901,F,1572,67.7,357.8,977.0,853,1029,1336.8,1262.8,695.1,409.1,71.7,1265.0,833,685,67
8_SM_001902,F,1593,75.3,384.5,984.0,915,1008,1351.4,1281.7,702.3,420.5,71.2,1280.0,840,698,70
8_SM_001903,F,1614,57.9,348.5,880.0,836,935,1380.9,1304.1,766.8,425.5,63.0,1293.0,874,743,63
8_SM_001904,F,1478,45.6,340.9,890.0,756,848,1264.7,1197.4,688.2,399.5,59.0,1196.0,803,669,57
8_SM_001905,F,1525,53.8,349.3,900.0,775,920,1292.9,1223.6,698.3,397.2,59.39,1225.0,800,678,59
8_SM_001906,F,1602,68.3,374.4,970.0,867,1058,1382.8,1309.1,751.9,419.5,66.8,1312.0,835,730,67
8_SM_001907,F,1630,56.1,362.6,848.0,765,959,1408.4,1327.3,759.2,423.6,66.4,1341.0,883,747,67
8_SM_001908,F,1620,62.7,349.1,912.0,829,959,1397.0,1325.3,767.0,438.1,71.5,1312.0,878,749,71
8_SM_001909,F,1640,68.3,367.2,982.0,887,1009,1414.6,1326.9,740.8,436.7,70.8,1343.0,862,730,67
8_SM_001910,F,1590,73.6,368.3,988.0,858,1090,1377.4,1289.9,709.9,413.9,56.6,1288.0,842,707,58
8_SM_001911,F,1525,60.4,349.0,964.0,863,980,1293.5,1222.8,703.1,409.0,68.2,1216.0,824,697,69
8_SM_001912,F,1576,62.8,374.8,1005.0,845,939,1339.7,1277.5,704.3,412.4,64.8,1260.0,822,692,62
8_SM_001913,F,1567,63.8,360.3,985.0,895,946,1335.3,1272.8,723.7,404.8,66.2,1290.0,819,707,61
8_SM_001914,F,1553,52.1,343.8,869.0,766,900,1346.4,1254.8,716.9,410.7,70.9,1259.0,826,703,68
8_SM_001915,F,1517,56.8,347.7,874.0,843,982,1288.0,1215.2,705.9,406.5,61.7,1201.0,800,673,57
8_SM_001916,F,1717,58.2,380.6,816.0,722,954,1489.5,1408.1,816.3,466.0,68.7,1402.0,925,801,65
8_SM_001917,F,1666,54.1,371.1,825.0,725,935,1433.6,1351.2,791.4,437.8,73.2,1336.0,905,775,70
8_SM_001918,F,1590,58.1,362.7,879.0,808,947,1357.4,1293.6,734.3,427.9,56.7,1269.0,847,716,58
8_SM_001919,F,1525,51.9,343.4,897.0,813,897,1301.9,1234.1,696.1,391.5,55.9,1226.0,801,681,58
8_SM_001920,F,1557,46.3,351.7,778.0,680,919,1330.2,1257.3,699.3,397.0,61.7,1244.0,814,683,63
8_SM_001921,F,1565,50.7,347.1,855.0,744,874,1335.4,1260.3,713.2,410.7,64.6,1278.0,825,701,64
8_SM_001922,F,1668,64.9,365.6,908.0,794,968,1443.2,1363.2,776.8,448.5,65.5,1358.0,893,762,64
8_SM_001923,F,1590,61.3,351.8,959.0,845,938,1358.1,1293.4,727.4,420.6,69.3,1295.0,854,717,70
8_SM_001924,F,1651,60.7,367.2,868.0,787,946,1411.7,1358.5,769.8,426.9,65.4,1340.0,892,760,63
8_SM_001925,F,1560,54.4,362.5,867.0,762,933,1318.8,1249.3,732.7,417.6,53.0,1263.0,839,708,53
8_SM_001926,F,1546,56.7,346.7,887.0,769,939,1326.7,1247.4,701.2,419.6,69.6,1254.0,805,688,64
8_SM_001927,F,1550,55.6,351.1,917.0,812,920,1332.5,1247.8,697.7,398.2,65.1,1241.0,795,685,61
8_SM_001928,F,1557,64.3,364.5,978.0,900,964,1319.1,1250.7,724.8,420.1,77.08,1264.0,837,705,73
8_SM_001929,F,1610,85.1,357.8,905.0,805,955,1373.2,1363.1,713.2,428.9,67.4,1304.0,836,700,67
8_SM_001930,F,1585,53.3,335.8,825.0,727,932,1358.0,1281.3,738.8,428.8,63.8,1283.0,851,726,63
8_SM_001931,F,1512,52.3,355.0,874.0,795,893,1294.6,1218.6,678.3,403.2,60.0,1220.0,791,660,58
8_SM_001932,F,1695,65.3,364.2,883.0,805,994,1470.7,1393.2,789.7,453.8,76.1,1384.0,897,763,73
8_SM_001933,F,1605,72.8,379.4,1084.0,1006,959,1366.1,1307.6,699.1,425.2,67.7,1283.0,849,694,67
8_SM_001934,F,1545,69.5,374.8,1015.0,946,1037,1330.7,1249.5,672.2,389.2,55.7,1237.0,804,670,55
8_SM_001935,F,1495,47.3,330.3,805.0,727,860,1264.5,1200.9,659.7,376.9,63.7,1196.0,760,642,63
8_SM_001936,F,1580,52.4,342.7,886.0,760,897,1352.9,1281.0,717.4,419.6,61.0,1269.0,834,708,58
8_SM_001937,F,1580,57.3,341.1,927.0,885,927,1349.7,1281.8,734.1,432.2,61.0,1269.0,867,720,62
8_SM_001938,F,1655,62.4,363.8,918.0,761,977,1431.2,1343.7,797.5,438.8,66.3,1347.0,914,777,67
8_SM_001939,F,1612,56.1,344.5,849.0,730,928,1379.7,1324.1,737.2,433.1,64.1,1304.0,848,719,65
8_SM_001940,F,1555,82.7,375.5,1085.0,1076,1095,1332.3,1262.6,676.1,408.3,53.7,1266.0,816,681,51
8_SM_001941,F,1660,70.6,389.3,973.0,877,1002,1428.5,1343.0,749.7,439.4,61.1,1340.0,890,748,58
8_SM_001942,F,1695,57.2,387.4,854.0,741,948,1470.6,1394.3,800.5,455.2,62.0,1378.0,928,789,61
8_SM_001943,F,1555,44.9,332.0,777.0,645,873,1327.7,1249.0,701.4,399.1,62.6,1257.0,815,695,60
8_SM_001944,F,1568,46.6,347.0,784.0,700,864,1345.2,1249.8,720.9,411.9,62.6,1255.0,834,702,62
8_SM_001945,F,1530,54.4,359.7,860.0,790,948,1296.1,1226.7,712.9,397.7,60.7,1230.0,817,702,60
8_SM_001946,F,1565,63.9,350.5,944.0,909,975,1326.8,1265.0,724.3,427.7,56.5,1278.0,838,716,54
8_SM_001947,F,1510,45.2,332.9,795.0,708,830,1275.5,1215.3,713.9,411.9,66.1,1217.0,812,694,64
8_SM_001948,F,1590,75.0,355.9,992.0,917,1082,1350.4,1294.2,692.0,410.6,60.2,1299.0,845,690,60
8_SM_001949,F,1627,60.9,369.7,952.0,855,899,1384.6,1322.8,741.4,440.0,67.1,1320.0,878,735,63
8_SM_001950,F,1628,54.5,348.2,844.0,789,931,1394.5,1325.9,760.3,415.7,77.2,1334.0,883,745,74
8_SM_001951,F,1586,56.5,350.2,878.0,793,914,1360.8,1297.5,769.9,444.2,70.1,1283.0,889,750,68
8_SM_001952,F,1530,58.7,357.6,934.0,864,952,1293.7,1233.2,693.6,406.1,60.8,1216.0,817,697,58
8_SM_001953,F,1605,70.6,376.6,980.0,863,1007,1382.8,1312.5,729.1,444.3,68.5,1304.0,862,718,65
8_SM_001954,F,1516,55.5,345.9,879.0,770,945,1288.6,1210.3,660.9,375.8,56.9,1203.0,774,647,55
8_SM_001955,F,1568,77.0,378.4,1120.0,1020,1037,1325.5,1271.4,703.5,416.9,66.6,1274.0,848,700,67
8_SM_001956,F,1687,52.6,375.3,812.0,693,898,1442.0,1355.1,777.6,435.0,58.2,1349.0,892,764,56
8_SM_001957,F,1633,54.5,365.0,863.0,794,909,1407.7,1330.1,771.5,444.9,63.3,1336.0,874,754,62
8_SM_001958,F,1600,72.7,362.3,1008.0,970,994,1368.5,1297.4,720.3,412.7,66.6,1310.0,838,709,62
8_SM_001959,F,1615,64.1,358.2,955.0,838,990,1377.0,1316.1,738.0,426.6,66.2,1311.0,834,708,65
8_SM_001960,F,1525,50.8,331.9,826.0,787,927,1304.7,1223.5,690.4,386.2,61.4,1226.0,798,680,59
8_SM_001961,F,1550,52.8,382.7,843.0,758,920,1304.7,1243.0,683.5,414.8,60.5,1245.0,820,685,60
8_SM_001962,F,1528,52.0,346.0,819.0,730,920,1296.2,1226.9,698.0,402.8,63.7,1233.0,815,698,57
8_SM_001963,F,1590,58.2,355.3,933.0,805,919,1353.4,1286.5,700.0,402.0,63.4,1275.0,824,687,60
8_SM_001964,F,1600,52.8,343.1,816.0,774,926,1371.7,1278.1,739.1,410.2,60.8,1278.0,851,718,59
8_SM_001965,F,1618,71.5,388.4,983.0,890,984,1381.1,1313.5,715.4,417.7,69.3,1318.0,839,710,65
8_SM_001966,F,1402,48.5,342.2,896.0,788,900,1184.2,1131.2,636.8,375.9,58.2,1130.0,748,625,56
8_SM_001967,F,1610,67.1,336.7,980.0,923,1005,1384.1,1304.0,730.1,431.9,71.2,1315.0,840,720,65
8_SM_001968,F,1500,47.0,345.6,856.0,698,850,1262.0,1211.4,687.3,390.8,60.5,1212.0,787,669,59
8_SM_001969,F,1592,59.9,357.0,887.0,797,1009,1367.0,1285.6,731.8,433.5,61.0,1291.0,860,719,68
8_SM_001970,F,1602,60.0,359.9,896.0,835,949,1374.1,1286.9,745.4,427.8,67.9,1305.0,866,728,62
8_SM_001971,F,1573,57.6,351.7,996.0,857,868,1346.3,1289.3,717.6,418.0,66.9,1281.0,836,706,65
8_SM_001972,F,1602,70.2,377.8,1030.0,950,1005,1377.3,1301.4,733.6,449.0,68.8,1312.0,854,722,65
8_SM_001973,F,1660,90.4,357.3,1038.0,918,1108,1419.7,1369.6,776.4,455.9,71.3,1375.0,902,762,67
8_SM_001974,F,1636,57.1,346.7,805.0,695,948,1406.5,1342.7,755.2,441.4,65.6,1327.0,870,736,62
8_SM_001975,F,1585,61.3,366.9,908.0,756,986,1366.2,1293.7,717.7,413.6,75.6,1295.0,857,708,71
8_SM_001976,F,1565,74.4,368.3,1015.0,940,1030,1338.3,1276.0,727.7,434.1,65.9,1288.0,851,713,62
8_SM_001977,F,1564,57.5,368.8,920.0,856,945,1327.8,1257.1,691.1,410.3,70.1,1252.0,831,697,62
8_SM_001978,F,1665,56.5,369.7,886.0,743,931,1416.6,1333.2,791.5,459.7,71.1,1330.0,926,781,70
8_SM_001979,F,1590,50.9,358.2,850.0,696,838,1342.1,1286.9,726.4,418.9,71.8,1275.0,841,711,70
8_SM_001980,F,1576,56.7,337.9,883.0,838,923,1347.7,1278.0,733.7,418.4,63.3,1265.0,857,724,61
8_SM_001981,F,1560,48.1,369.5,837.0,752,855,1335.6,1264.0,733.8,413.6,64.3,1249.0,837,717,62
8_SM_001982,F,1596,53.5,355.1,853.0,744,918,1363.4,1293.2,751.3,429.8,71.1,1277.0,868,735,70
8_SM_001983,F,1590,56.5,359.5,892.0,801,953,1364.4,1294.1,751.5,415.9,66.9,1272.0,862,735,66
8_SM_001984,F,1583,57.7,365.9,875.0,773,914,1351.9,1282.3,724.0,414.0,62.6,1280.0,833,713,59
8_SM_001985,F,1570,56.9,352.1,894.0,792,952,1350.0,1283.5,730.3,424.3,65.2,1286.0,979,721,60
8_SM_001986,F,1573,59.2,364.3,919.0,848,929,1346.5,1270.6,727.7,414.2,63.6,1250.0,824,715,55
8_SM_001987,F,1557,79.6,363.0,1060.0,1022,1097,1320.9,1260.7,702.1,404.3,69.1,1253.0,820,704,70
8_SM_001988,F,1640,52.7,356.9,909.0,705,912,1390.5,1345.6,764.9,448.9,52.7,1342.0,894,748,55
8_SM_001989,F,1535,52.3,354.9,883.0,755,877,1296.9,1248.2,689.9,404.2,59.0,1232.0,806,680,55
8_SM_001990,F,1603,55.7,370.9,818.0,708,928,1372.7,1298.8,731.2,413.6,60.9,1287.0,853,723,60
8_SM_001991,F,1668,74.8,359.0,1004.0,868,1031,1436.0,1360.6,763.3,448.1,60.2,1347.0,897,750,57
8_SM_001992,F,1595,62.1,371.2,920.0,800,962,1354.3,1283.4,732.6,428.9,62.5,1266.0,859,714,58
8_SM_001993,F,1560,54.3,363.2,899.0,793,912,1337.5,1269.2,736.6,417.2,61.7,1252.0,849,721,60
8_SM_001994,F,1532,62.2,349.7,1004.0,908,940,1300.7,1244.1,681.1,410.8,58.8,1237.0,824,679,59
8_SM_001995,F,1601,74.1,371.5,1097.0,950,1018,1358.8,1317.0,768.8,455.6,75.8,1303.0,875,759,76
8_SM_001996,F,1572,61.0,367.6,902.0,784,963,1322.2,1265.6,676.7,409.3,65.4,1248.0,802,672,67
8_SM_001997,F,1644,46.5,367.9,767.0,668,836,1416.9,1321.1,766.9,430.1,58.4,1304.0,866,747,59
8_SM_001998,F,1550,57.7,368.0,972.0,857,912,1330.1,1274.8,669.2,393.2,74.3,1261.0,819,669,72
8_SM_001999,F,1595,61.5,366.9,942.0,863,925,1350.3,1290.1,746.1,434.5,63.7,1302.0,861,724,67
8_SM_002000,F,1588,45.1,330.7,778.0,639,855,1360.0,1285.8,723.8,408.6,58.6,1292.0,828,720,57
8_SM_002001,F,1540,89.5,377.4,1113.0,1045,1122,1300.2,1239.0,678.7,396.9,60.3,1228.0,812,674,58
8_SM_002002,F,1535,58.3,347.5,928.0,835,967,1314.5,1253.1,705.7,406.0,65.5,1243.0,826,696,65
8_SM_002003,F,1640,61.1,367.4,894.0,774,988,1404.5,1334.4,756.6,444.0,59.9,1328.0,894,739,62
8_SM_002004,F,1620,61.8,369.9,898.0,839,944,1370.2,1308.3,716.1,423.5,60.5,1307.0,837,704,68
8_SM_002005,F,1546,48.6,345.8,862.0,697,867,1334.7,1263.6,721.5,412.0,58.6,1254.0,835,712,53
8_SM_002006,F,1568,57.2,364.5,908.0,785,927,1339.6,1281.1,700.8,401.9,65.7,1264.0,810,697,66
8_SM_002007,F,1555,52.5,355.4,828.0,718,885,1317.8,1253.7,673.0,409.2,65.2,1227.0,799,663,63
8_SM_002008,F,1585,57.7,372.0,900.0,856,929,1349.1,1287.3,712.3,407.1,64.6,1286.0,832,707,62
8_SM_002009,F,1631,66.0,368.2,974.0,875,963,1395.9,1324.0,737.2,419.4,69.85,1330.0,862,730,68
8_SM_002010,F,1540,44.5,358.0,747.0,627,879,1317.9,1247.2,720.5,413.2,63.7,1245.0,823,709,63
8_SM_002011,F,1613,52.6,364.7,837.0,707,924,1379.4,1292.4,722.7,419.2,62.6,1282.0,837,708,63
8_SM_002012,F,1657,50.2,363.8,861.0,682,872,1415.2,1346.3,768.0,441.3,64.5,1329.0,891,748,62
8_SM_002013,F,1584,49.4,353.6,814.0,705,883,1336.1,1267.9,728.0,414.8,60.1,1260.0,841,714,59
8_SM_002014,F,1570,64.5,374.7,953.0,919,998,1341.9,1268.6,745.8,435.9,68.0,1267.0,869,737,67
8_SM_002015,F,1638,62.5,364.9,914.0,791,956,1401.7,1337.4,730.6,424.4,67.2,1335.0,843,723,68
8_SM_002016,F,1595,57.9,360.5,883.0,802,954,1358.7,1285.0,735.1,441.2,72.0,1296.0,856,735,74
8_SM_002017,F,1650,63.8,367.1,865.0,757,985,1399.8,1341.1,754.1,450.9,67.3,1344.0,882,748,68
8_SM_002018,F,1668,57.3,346.0,821.0,758,955,1431.6,1353.1,727.6,421.8,68.0,1350.0,842,716,67
8_SM_002019,F,1542,74.9,358.0,1055.0,1002,1070,1307.2,1259.1,696.0,405.8,61.5,1234.0,817,687,63
8_SM_002020,F,1600,48.5,352.6,798.0,720,873,1371.0,1295.4,735.6,433.8,62.3,1294.0,871,738,60
8_SM_002021,F,1659,47.6,360.2,784.0,645,859,1432.9,1338.2,773.8,420.2,61.5,1337.0,884,770,59
8_SM_002022,F,1572,65.9,371.5,996.0,866,1011,1338.3,1265.4,686.2,411.3,58.1,1259.0,824,682,55
8_SM_002023,F,1738,60.0,363.1,853.0,752,948,1509.2,1422.8,815.2,455.4,74.2,1426.0,946,807,70
8_SM_002024,F,1575,52.0,359.4,883.0,766,883,1350.6,1270.1,728.5,419.1,60.7,1268.0,855,722,57
8_SM_002025,F,1604,60.2,375.3,913.0,796,970,1364.2,1295.4,729.5,434.7,55.8,1295.0,863,727,55
8_SM_002026,F,1614,54.4,355.7,852.0,753,930,1393.1,1327.2,773.2,440.8,61.8,1317.0,890,762,60
8_SM_002027,F,1567,56.9,338.5,915.0,762,947,1332.3,1254.0,677.6,404.8,61.9,1268.0,796,667,60
8_SM_002028,F,1617,77.4,380.0,1069.0,940,1066,1362.4,1310.1,715.0,426.7,63.4,1304.0,861,717,64
8_SM_002029,F,1635,55.8,382.7,848.0,691,940,1403.1,1338.8,729.5,423.5,64.6,1309.0,871,724,61
8_SM_002030,F,1678,59.9,382.8,885.0,760,933,1447.6,1381.3,800.3,468.9,64.8,1374.0,912,787,62
8_SM_002031,F,1570,58.7,355.7,888.0,794,950,1336.0,1264.8,714.2,409.5,62.5,1239.0,850,703,60
8_SM_002032,F,1564,49.9,354.2,836.0,737,871,1333.2,1265.1,725.7,410.9,63.6,1267.0,836,708,60
8_SM_002033,F,1603,53.9,351.0,875.0,795,873,1372.5,1300.6,741.6,430.2,62.1,1297.0,857,730,61
8_SM_002034,F,1562,52.0,345.5,866.0,756,890,1329.4,1258.2,693.2,409.1,73.0,1265.0,835,689,65
8_SM_002035,F,1534,52.4,356.7,860.0,789,925,1303.2,1248.4,679.4,407.2,64.9,1243.0,807,671,61
8_SM_002036,F,1605,66.6,353.1,983.0,908,954,1370.6,1313.7,744.3,438.5,71.9,1315.0,880,746,70
8_SM_002037,F,1617,59.4,356.0,843.0,744,993,1380.0,1304.3,730.8,426.2,68.6,1303.0,873,726,67
8_SM_002038,F,1569,63.5,362.5,925.0,870,967,1321.0,1255.8,685.0,399.1,62.0,1261.0,795,675,60
8_SM_002039,F,1506,58.2,359.7,904.0,823,934,1275.9,1219.8,663.9,404.8,73.6,1194.0,802,673,69
8_SM_002040,F,1560,65.0,366.9,1010.0,927,927,1328.7,1265.5,698.5,399.9,70.5,1261.0,812,695,66
8_SM_002041,F,1602,57.9,378.7,867.0,810,970,1363.6,1296.6,730.7,434.8,76.7,1286.0,869,720,70
8_SM_002042,F,1575,50.0,332.8,790.0,685,914,1341.7,1275.1,733.0,421.0,65.2,1278.0,848,718,62
8_SM_002043,F,1512,66.5,364.5,1036.0,935,954,1281.2,1235.5,663.6,403.2,54.2,1237.0,809,665,55
8_SM_002044,F,1452,52.5,340.1,983.0,844,894,1220.1,1162.3,639.8,382.1,59.2,1158.0,766,633,58
8_SM_002045,F,1575,74.6,378.3,1041.0,1010,1036,1327.9,1281.1,708.5,406.9,59.2,1287.0,827,709,59
8_SM_002046,F,1520,59.2,365.4,958.0,826,957,1290.1,1227.6,647.6,394.4,58.0,1220.0,777,645,54
8_SM_002047,F,1701,81.9,415.5,1075.0,996,1027,1447.4,1375.8,748.5,447.3,72.8,1359.0,909,755,73
8_SM_002048,F,1603,49.4,351.7,794.0,665,870,1370.1,1289.8,729.0,429.5,61.1,1300.0,839,722,61
8_SM_002049,F,1623,91.3,382.9,1162.0,1039,1115,1382.2,1333.8,715.2,425.6,71.4,1319.0,854,705,67
8_SM_002050,F,1550,48.9,364.1,870.0,775,864,1327.3,1250.5,704.8,413.7,63.7,1259.0,820,691,65
8_SM_002051,F,1535,58.3,364.9,900.0,842,970,1305.3,1252.3,687.7,399.7,59.2,1239.0,802,677,58
8_SM_002052,F,1640,67.0,381.0,954.0,863,981,1401.0,1328.5,732.8,440.1,78.58,1324.0,863,731,75
8_SM_002053,F,1623,50.8,359.4,803.0,654,904,1393.0,1310.4,776.6,431.7,69.3,1316.0,890,757,69
8_SM_002054,F,1560,60.5,356.3,905.0,751,984,1323.3,1259.0,698.3,413.6,71.8,1252.0,824,688,65
8_SM_002055,F,1572,57.3,370.0,914.0,784,908,1338.5,1272.1,714.5,415.7,58.6,1262.0,837,715,59
8_SM_002056,F,1642,54.9,356.1,850.0,754,925,1397.3,1314.1,765.9,439.6,70.4,1328.0,878,743,65
8_SM_002057,F,1568,47.9,350.9,755.0,680,909,1341.9,1271.5,714.7,417.0,65.8,1269.0,842,703,61
8_SM_002058,F,1457,52.0,337.4,915.0,805,940,1217.3,1153.3,619.5,356.2,52.9,1135.0,735,607,50
8_SM_002059,F,1544,55.0,340.0,901.0,814,915,1311.8,1258.8,708.0,414.2,54.9,1244.0,841,696,59
8_SM_002060,F,1588,59.1,370.5,929.0,805,920,1358.9,1300.7,732.8,437.1,75.5,1294.0,873,718,72
8_SM_002061,F,1610,72.9,377.7,994.0,885,987,1377.2,1302.7,731.7,418.9,71.5,1302.0,848,725,65
8_SM_002062,F,1567,51.6,353.5,871.0,764,906,1343.5,1273.4,729.3,426.5,63.9,1261.0,853,713,63
8_SM_002063,F,1584,58.4,366.9,886.0,810,957,1356.0,1278.0,704.7,423.2,61.8,1280.0,843,707,60
8_SM_002064,F,1675,57.9,363.0,829.0,735,950,1440.2,1360.5,765.0,458.0,63.9,1350.0,884,754,61
8_SM_002065,F,1560,51.2,350.1,877.0,697,895,1344.2,1277.5,730.9,420.3,61.9,1282.0,844,723,52
8_SM_002066,F,1617,54.6,345.9,826.0,688,932,1376.0,1315.2,744.4,438.5,65.6,1302.0,867,738,65
8_SM_002067,F,1558,68.5,374.2,1004.0,846,1013,1330.0,1284.8,707.4,428.0,61.9,1277.0,839,701,60
8_SM_002068,F,1525,61.0,345.9,944.0,885,953,1304.1,1251.6,678.5,408.5,66.4,1227.0,826,680,64
8_SM_002069,F,1544,56.6,348.9,900.0,733,954,1316.5,1253.0,721.9,430.4,57.8,1225.0,818,702,54
8_SM_002070,F,1655,60.5,355.6,876.0,810,930,1424.0,1333.3,762.0,439.9,65.1,1340.0,890,749,57
8_SM_002071,F,1474,48.3,318.7,872.0,797,890,1256.9,1186.5,661.7,383.9,71.0,1205.0,788,654,62
8_SM_002072,F,1570,62.8,348.8,950.0,845,983,1335.9,1262.0,730.1,420.4,60.8,1289.0,839,711,61
8_SM_002073,F,1540,57.1,349.9,898.0,783,930,1311.4,1256.2,697.6,417.4,62.0,1248.0,816,683,62
8_SM_002074,F,1581,56.0,355.6,885.0,819,930,1332.4,1269.8,705.2,414.2,64.2,1254.0,839,698,63
8_SM_002075,F,1635,70.4,379.7,942.0,898,1021,1381.9,1322.9,726.3,436.7,63.8,1305.0,853,718,61
8_SM_002076,F,1613,52.8,338.3,851.0,740,908,1387.0,1316.5,754.2,444.7,68.5,1319.0,862,743,68
8_SM_002077,F,1565,81.9,345.0,1050.0,1073,1076,1331.7,1276.9,709.1,424.0,68.7,1295.0,839,704,70
8_SM_002078,F,1596,48.7,356.2,766.0,705,881,1375.1,1291.3,734.0,420.1,70.3,1273.0,844,718,69
8_SM_002079,F,1615,53.1,362.4,835.0,735,930,1381.6,1306.8,760.6,445.0,64.1,1313.0,892,752,63
8_SM_002080,F,1665,59.0,351.5,863.0,770,940,1410.2,1345.1,763.7,437.5,70.7,1348.0,887,761,70
8_SM_002081,F,1700,55.0,363.5,791.0,669,906,1452.7,1381.6,788.9,458.5,66.7,1369.0,927,779,69
8_SM_002082,F,1608,55.2,334.5,831.0,701,928,1384.5,1318.0,754.1,431.8,61.0,1312.0,867,748,59
8_SM_002083,F,1594,59.7,370.8,888.0,820,940,1359.7,1294.2,742.5,440.8,76.4,1285.0,867,732,75
8_SM_002084,F,1540,57.0,342.0,922.0,827,912,1327.4,1301.7,704.6,415.0,66.3,1257.0,831,694,65
8_SM_002085,F,1460,52.2,347.0,865.0,794,953,1219.5,1158.3,642.6,371.3,54.8,1164.0,764,632,55
8_SM_002086,F,1527,51.6,346.3,880.0,742,908,1283.4,1240.3,689.0,400.9,58.2,1223.0,803,665,65
8_SM_002087,F,1523,44.7,349.3,760.0,623,866,1276.5,1230.6,676.9,397.9,66.7,1216.0,795,676,58
8_SM_002088,F,1634,67.6,357.0,906.0,831,1024,1407.6,1329.7,726.0,439.8,65.72,1321.0,866,719,65
8_SM_002089,F,1630,56.3,373.5,887.0,736,922,1388.7,1324.5,738.2,448.0,59.8,1322.0,840,729,62
8_SM_002090,F,1523,71.8,348.8,1094.0,987,972,1300.9,1239.9,639.5,394.8,59.7,1235.0,774,646,61
8_SM_002091,F,1583,67.8,354.0,1024.0,903,970,1347.1,1281.2,699.0,410.2,62.6,1286.0,844,703,63
8_SM_002092,F,1647,70.9,376.7,983.0,869,995,1383.2,1343.2,757.4,448.9,63.7,1343.0,882,751,65
8_SM_002093,F,1580,71.5,374.0,955.0,910,1062,1342.7,1277.8,699.3,416.7,67.2,1284.0,850,703,66
8_SM_002094,F,1543,52.0,346.3,855.0,773,895,1322.0,1245.9,676.9,406.4,70.5,1252.0,807,663,70
8_SM_002095,F,1578,53.7,365.4,836.0,757,900,1347.0,1281.6,729.6,436.4,73.4,1270.0,844,714,72
8_SM_002096,F,1593,45.1,342.3,758.0,618,848,1368.5,1283.9,721.6,409.0,64.3,1277.0,824,715,66
8_SM_002097,F,1585,57.4,372.0,890.0,816,927,1362.4,1297.0,710.8,431.9,68.0,1283.0,971,716,70
8_SM_002098,F,1656,56.7,364.2,798.0,719,977,1408.5,1330.1,743.8,426.9,63.7,1322.0,863,726,63
8_SM_002099,F,1593,55.6,365.8,857.0,735,932,1359.7,1288.2,735.4,428.4,68.2,1287.0,856,721,66
8_SM_002100,F,1678,63.2,384.6,889.0,794,972,1442.7,1364.2,746.8,443.2,64.6,1359.0,891,734,63
8_SM_002101,F,1612,60.4,358.7,933.0,823,959,1387.6,1314.8,725.0,436.0,69.7,1313.0,858,715,69
8_SM_002102,F,1548,50.2,362.8,757.0,670,929,1325.0,1250.3,699.2,414.9,67.2,1236.0,826,689,66
8_SM_002103,F,1630,60.8,337.7,901.0,773,981,1393.3,1325.3,737.7,433.6,70.7,1339.0,874,728,69
8_SM_002104,F,1520,67.1,347.3,995.0,1007,934,1286.8,1236.8,680.9,401.3,62.6,1238.0,783,678,64
8_SM_002105,F,1573,51.8,351.3,843.0,705,890,1341.4,1283.6,745.4,438.4,64.6,1274.0,875,738,67
8_SM_002106,F,1552,53.4,341.5,825.0,740,954,1319.9,1234.9,694.7,412.4,61.9,1248.0,806,683,62
8_SM_002107,F,1535,53.3,341.1,849.0,738,925,1285.6,1233.5,688.7,407.8,70.1,1232.0,810,680,67
8_SM_002108,F,1575,53.1,348.2,863.0,766,903,1351.3,1280.9,701.1,416.5,63.4,1264.0,841,693,65
8_SM_002109,F,1613,76.3,377.0,952.0,906,1057,1382.8,1325.8,719.7,423.3,67.0,1323.0,845,720,67
8_SM_002110,F,1560,68.5,363.0,974.0,886,1002,1325.1,1253.0,687.2,408.8,65.1,1255.0,814,686,61
8_SM_002111,F,1511,54.4,341.4,920.0,857,975,1280.9,1226.8,687.3,405.7,59.3,1213.0,820,687,62
8_SM_002112,F,1631,55.8,365.7,820.0,720,941,1383.7,1329.4,716.3,431.6,62.7,1326.0,864,720,61
8_SM_002113,F,1512,54.6,348.8,925.0,855,930,1281.5,1224.9,660.1,405.6,61.0,1208.0,805,664,60
8_SM_002114,F,1548,53.9,360.9,886.0,782,913,1309.5,1250.9,718.3,423.7,62.7,1242.0,847,717,67
8_SM_002115,F,1616,61.1,360.1,888.0,795,951,1363.3,1312.9,741.9,431.2,76.0,1318.0,875,738,75
8_SM_002116,F,1595,60.1,364.0,922.0,843,954,1360.9,1297.9,755.6,448.2,59.5,1303.0,897,755,59
8_SM_002117,F,1616,90.3,393.5,1195.0,1140,1143,1376.5,1317.2,724.4,425.9,59.0,1317.0,842,718,62
8_SM_002118,F,1547,60.0,340.4,907.0,821,983,1338.9,1267.0,724.3,422.0,67.8,1270.0,835,721,64
8_SM_002119,F,1535,55.8,353.3,880.0,790,935,1311.5,1247.1,687.0,399.9,67.2,1228.0,812,681,66
8_SM_002120,F,1527,58.9,352.6,922.0,839,941,1302.7,1243.2,701.7,418.3,68.6,1236.0,808,693,70
8_SM_002121,F,1610,50.3,359.8,828.0,778,862,1361.7,1297.1,747.7,435.3,69.5,1288.0,876,729,71
8_SM_002122,F,1542,56.3,364.0,925.0,850,907,1306.0,1260.0,706.1,410.8,58.9,1246.0,840,710,63
8_SM_002123,F,1639,53.1,364.8,820.0,708,916,1401.5,1331.0,771.5,466.4,68.4,1309.0,909,766,70
8_SM_002124,F,1631,50.2,350.3,779.0,695,888,1400.2,1328.6,775.1,450.2,63.0,1338.0,899,764,63
8_SM_002125,F,1617,71.1,341.6,1027.0,928,1013,1393.4,1319.5,739.0,456.9,73.6,1330.0,882,734,72
8_SM_002126,F,1644,50.9,366.3,784.0,705,914,1408.1,1324.6,753.1,443.3,68.8,1304.0,854,740,65
8_SM_002127,F,1680,62.0,370.5,882.0,801,934,1449.2,1370.1,774.0,452.0,66.4,1352.0,925,763,60
8_SM_002128,F,1542,61.8,369.3,943.0,863,961,1306.2,1235.7,685.0,392.9,57.5,1227.0,826,677,55
8_SM_002129,F,1516,47.8,359.2,850.0,764,845,1283.3,1227.3,674.6,411.7,62.4,1219.0,821,675,62
8_SM_002130,F,1525,62.7,347.1,988.0,888,920,1285.9,1229.4,701.6,433.3,55.6,1223.0,825,693,52
8_SM_002131,F,1556,56.7,364.9,877.0,800,900,1324.5,1274.0,725.3,425.0,69.7,1283.0,834,718,61
8_SM_002132,F,1641,60.8,358.7,909.0,803,934,1409.7,1351.6,759.3,448.4,75.6,1330.0,902,751,70
8_SM_002133,F,1631,67.2,360.0,910.0,815,1035,1402.6,1316.1,740.8,449.8,61.2,1314.0,872,735,57
8_SM_002134,F,1632,63.4,350.2,885.0,778,970,1395.9,1332.6,757.6,465.4,67.3,1314.0,904,754,66
8_SM_002135,F,1608,41.4,348.8,742.0,632,813,1385.1,1312.3,755.2,432.8,66.0,1304.0,874,747,65
8_SM_002136,F,1691,48.6,361.3,760.0,624,873,1463.6,1377.7,792.9,460.2,66.0,1351.0,907,780,65
8_SM_002137,F,1650,61.2,392.4,881.0,790,959,1409.9,1329.1,745.9,444.9,64.9,1324.0,889,745,60
8_SM_002138,F,1565,55.2,334.3,884.0,816,888,1328.9,1272.2,716.9,429.0,69.6,1274.0,836,712,65
8_SM_002139,F,1582,56.0,354.1,835.0,743,972,1358.4,1290.2,749.5,434.6,67.9,1262.0,859,742,62
8_SM_002140,F,1548,62.2,363.4,980.0,848,898,1317.9,1264.0,697.4,426.3,66.4,1274.0,827,691,57
8_SM_002141,F,1564,69.5,359.8,1025.0,953,980,1332.4,1276.6,678.1,415.9,65.6,1278.0,800,663,61
8_SM_002142,F,1606,70.3,386.2,970.0,894,998,1373.6,1323.7,715.9,432.8,67.5,1308.0,857,704,61
8_SM_002143,F,1633,73.3,380.7,1106.0,1028,950,1386.6,1319.8,728.5,446.9,52.2,1323.0,888,740,55
8_SM_002144,F,1547,57.3,351.5,903.0,818,937,1318.7,1248.5,706.6,415.9,65.7,1238.0,840,702,61
8_SM_002145,F,1543,71.3,367.2,1027.0,956,1014,1314.2,1257.1,665.3,405.1,59.6,1263.0,827,664,56
8_SM_002146,F,1683,76.2,388.0,941.0,878,1016,1445.8,1374.4,764.4,457.0,68.7,1383.0,900,749,65
8_SM_002147,F,1600,61.4,373.1,875.0,740,1030,1360.5,1306.0,711.4,431.7,65.3,1284.0,848,707,61
8_SM_002148,F,1587,47.6,347.3,762.0,729,853,1349.5,1278.2,737.9,430.9,55.4,1273.0,871,733,55
8_SM_002149,F,1570,43.2,346.5,741.0,639,835,1337.2,1259.9,709.6,415.7,64.5,1248.0,814,712,60
8_SM_002150,F,1610,76.2,391.3,1040.0,928,1023,1364.8,1301.5,729.9,441.4,75.3,1296.0,860,726,70
8_SM_002151,F,1600,58.7,337.5,854.0,774,954,1358.5,1303.8,726.7,416.5,70.6,1298.0,852,720,66
8_SM_002152,F,1536,56.2,348.9,934.0,814,901,1316.5,1256.9,705.1,418.5,65.4,1234.0,820,701,60
8_SM_002153,F,1538,60.3,362.9,960.0,907,912,1307.8,1252.2,688.0,423.7,66.0,1235.0,826,680,63
8_SM_002154,F,1620,64.7,352.2,940.0,833,952,1385.9,1330.8,736.7,441.8,66.2,1316.0,866,732,65
8_SM_002155,F,1595,64.1,341.9,922.0,823,1011,1367.7,1301.0,729.0,417.6,66.5,1285.0,869,721,61
8_SM_002156,F,1400,42.3,317.5,807.0,712,820,1176.9,1128.2,628.1,371.4,61.6,1119.0,730,615,57
8_SM_002157,F,1517,51.2,351.6,836.0,765,938,1282.9,1220.1,671.8,406.3,62.8,1196.0,802,662,56
8_SM_002158,F,1524,48.9,348.1,793.0,708,900,1282.7,1206.9,654.1,383.3,56.4,1187.0,774,643,60
8_SM_002159,F,1535,46.4,339.9,808.0,742,859,1315.4,1247.2,701.3,399.6,61.2,1250.0,824,694,60
8_SM_002160,F,1565,51.9,337.8,821.0,754,891,1338.0,1272.9,731.5,429.1,59.9,1262.0,855,716,55
8_SM_002161,F,1585,67.0,365.6,952.0,924,989,1351.4,1282.6,737.9,424.8,72.7,1268.0,867,731,70
8_SM_002162,F,1522,53.8,344.8,872.0,815,917,1288.1,1230.7,690.6,427.3,65.1,1211.0,816,684,65
8_SM_002163,F,1645,56.7,353.2,871.0,789,888,1393.4,1340.2,768.5,458.8,72.8,1315.0,909,757,70
8_SM_002164,F,1700,57.3,349.5,894.0,769,903,1466.1,1390.2,807.2,475.3,68.1,1362.0,936,796,65
8_SM_002165,F,1568,68.0,360.0,999.0,915,976,1347.7,1287.0,742.1,446.9,76.5,1289.0,863,726,75
8_SM_002166,F,1513,62.4,350.1,991.0,871,926,1291.1,1239.2,667.5,408.2,60.02,1233.0,802,663,59
8_SM_002167,F,1540,58.9,356.8,998.0,915,885,1322.1,1242.2,692.9,418.9,70.1,1238.0,824,691,67
8_SM_002168,F,1520,74.3,351.6,1040.0,1030,1097,1280.6,1206.5,654.0,384.1,56.4,1219.0,802,666,60
8_SM_002169,F,1576,59.8,347.2,949.0,858,925,1361.1,1294.8,705.9,402.8,67.0,1282.0,822,704,65
8_SM_002170,F,1572,60.6,338.5,988.0,839,927,1338.5,1272.0,700.0,425.4,63.5,1259.0,835,695,60
8_SM_002171,F,1573,53.6,344.3,861.0,807,893,1335.7,1270.5,702.3,422.0,63.7,1254.0,844,702,61
8_SM_002172,F,1610,48.6,338.6,834.0,712,890,1371.4,1295.7,732.9,409.4,66.9,1301.0,863,721,68
8_SM_002173,F,1563,53.3,357.5,870.0,791,938,1326.2,1261.5,716.5,417.0,56.8,1257.0,854,705,57
8_SM_002174,F,1517,53.6,353.7,913.0,800,920,1285.3,1225.6,682.5,393.6,67.8,1195.0,800,670,67
8_SM_002175,F,1558,56.0,357.0,953.0,826,902,1320.5,1260.5,722.7,428.5,62.7,1250.0,851,717,63
8_SM_002176,F,1556,55.3,336.4,901.0,824,893,1316.5,1258.7,695.3,413.5,72.9,1255.0,822,682,72
8_SM_002177,F,1520,56.6,328.3,950.0,828,890,1294.2,1233.4,667.3,407.9,62.5,1247.0,806,655,67
8_SM_002178,F,1546,44.6,346.2,765.0,681,852,1314.0,1246.4,711.8,411.4,63.21,1253.0,830,702,63
8_SM_002179,F,1540,55.0,347.7,910.0,856,878,1309.8,1253.2,699.7,432.0,56.4,1242.0,830,699,55
8_SM_002180,F,1585,61.1,370.9,931.0,859,908,1367.0,1300.1,726.5,436.1,56.4,1271.0,868,722,57
8_SM_002181,F,1546,63.3,357.5,995.0,936,950,1308.8,1245.7,699.7,417.5,58.6,1237.0,820,682,60
8_SM_002182,F,1581,54.7,341.8,900.0,824,916,1377.1,1293.0,734.1,445.1,74.7,1280.0,860,719,73
8_SM_002183,F,1502,54.1,340.6,909.0,805,920,1283.7,1214.5,672.4,410.8,64.1,1197.0,782,663,65
8_SM_002184,F,1517,65.0,338.0,1017.0,998,996,1286.2,1239.8,685.7,411.9,62.6,1219.0,824,681,64
8_SM_002185,F,1514,78.6,362.8,1098.0,1040,1047,1277.0,1230.1,662.8,395.6,68.7,1238.0,792,655,68
8_SM_002186,F,1627,53.0,343.2,888.0,774,880,1402.3,1325.0,772.6,453.6,63.7,1306.0,891,761,60
8_SM_002187,F,1548,63.9,334.4,920.0,909,960,1312.7,1248.1,691.2,414.4,62.4,1252.0,818,662,61
8_SM_002188,F,1525,77.9,357.8,1100.0,1084,1115,1290.4,1243.4,674.9,408.0,63.8,1220.0,819,668,61
8_SM_002189,F,1580,59.7,352.2,912.0,805,955,1344.8,1278.7,727.8,440.7,62.4,1267.0,858,716,60
8_SM_002190,F,1535,58.0,352.6,965.0,865,900,1297.8,1249.2,697.2,416.3,63.9,1243.0,817,684,64
8_SM_002191,F,1540,52.5,342.9,938.0,814,885,1304.2,1251.0,711.8,417.0,70.6,1243.0,841,705,69
8_SM_002192,F,1486,54.1,333.1,1003.0,900,861,1241.2,1202.1,626.4,392.4,69.6,1190.0,783,634,70
8_SM_002193,F,1540,52.2,349.9,888.0,806,913,1292.3,1236.8,688.9,423.0,59.9,1233.0,833,694,60
8_SM_002194,F,1520,50.3,320.6,858.0,800,873,1288.2,1215.8,703.1,414.0,55.3,1213.0,840,688,52
8_SM_002195,F,1516,50.8,340.8,837.0,777,889,1283.2,1213.4,704.2,412.1,61.6,1226.0,821,695,62
8_SM_002196,F,1500,54.7,322.7,882.0,846,920,1266.1,1207.6,685.7,406.9,53.6,1224.0,839,679,55
8_SM_002197,F,1576,69.3,365.5,1056.0,988,977,1325.9,1266.7,725.8,444.1,75.7,1262.0,874,721,71
8_SM_002198,F,1570,68.2,359.7,1031.0,920,1023,1322.4,1263.1,713.3,411.2,65.2,1256.0,843,701,63
8_SM_002199,F,1421,52.3,326.0,891.0,811,906,1208.1,1151.6,616.0,361.2,72.7,1137.0,732,608,65
8_SM_002200,F,1550,50.0,340.4,812.0,735,892,1321.4,1253.7,717.6,410.2,68.7,1235.0,833,711,65
8_SM_002201,F,1612,50.2,334.7,784.0,673,870,1363.2,1298.6,716.3,421.0,63.5,1287.0,832,702,62
8_SM_002202,F,1590,66.0,350.0,953.0,861,990,1347.1,1293.4,710.6,415.7,62.3,1292.0,850,700,59
8_SM_002203,F,1620,80.0,374.5,1033.0,941,1070,1368.8,1304.2,740.5,430.5,67.9,1294.0,869,730,62
8_SM_002204,F,1621,52.4,337.3,822.0,714,888,1392.1,1319.7,740.7,431.3,62.6,1327.0,852,731,60
8_SM_002205,F,1530,58.1,342.8,940.0,846,921,1289.9,1232.6,688.3,421.8,64.6,1215.0,819,672,60
8_SM_002206,F,1483,64.1,363.2,1001.0,950,979,1253.1,1201.1,667.3,392.7,63.5,1196.0,776,661,62
8_SM_002207,F,1550,65.1,361.1,997.0,924,942,1310.0,1254.1,674.9,406.5,74.2,1240.0,803,662,70
8_SM_002208,F,1525,55.1,348.6,870.0,792,953,1283.6,1225.0,697.8,400.0,63.9,1203.0,817,684,61
8_SM_002209,F,1575,64.3,356.8,945.0,817,974,1342.9,1265.5,705.4,427.6,63.3,1279.0,825,694,60
8_SM_002210,F,1605,55.9,358.3,859.0,763,930,1368.1,1298.4,731.6,420.7,69.8,1295.0,858,720,67
8_SM_002211,F,1554,53.1,377.0,828.0,759,924,1321.2,1254.9,709.4,421.3,68.1,1249.0,825,693,62
8_SM_002212,F,1591,59.4,359.2,875.0,802,943,1359.7,1306.9,758.5,445.2,71.6,1303.0,867,749,63
8_SM_002213,F,1590,56.1,368.1,870.0,828,902,1360.9,1284.2,736.0,419.6,78.42,1274.0,868,727,70
8_SM_002214,F,1570,52.4,358.9,853.0,744,902,1344.8,1279.1,695.7,416.9,63.8,1249.0,810,692,61
8_SM_002215,F,1594,59.2,351.2,901.0,795,944,1376.3,1302.7,723.3,431.7,68.6,1307.0,864,712,65
8_SM_002216,F,1625,64.4,374.2,948.0,807,985,1379.6,1319.5,736.7,440.3,66.1,1331.0,867,726,62
8_SM_002217,F,1584,53.1,337.6,852.0,767,918,1348.3,1276.8,724.2,428.6,64.4,1274.0,858,728,61
8_SM_002218,F,1645,62.5,365.5,865.0,775,1002,1405.7,1344.3,753.8,446.3,68.7,1337.0,881,746,65
8_SM_002219,F,1556,56.7,352.0,952.0,815,906,1332.9,1278.3,706.7,412.4,63.1,1270.0,822,694,59
8_SM_002220,F,1630,72.8,374.4,994.0,884,1022,1380.3,1335.4,731.6,430.0,74.5,1333.0,863,724,71
8_SM_002221,F,1574,51.8,333.0,873.0,733,905,1332.5,1276.4,729.4,414.0,55.3,1251.0,844,715,54
8_SM_002222,F,1611,54.7,345.5,815.0,740,925,1385.2,1305.9,760.9,438.6,61.1,1319.0,892,749,56
8_SM_002223,F,1615,49.3,354.4,775.0,682,930,1381.2,1309.9,745.6,434.5,67.7,1318.0,869,735,70
8_SM_002224,F,1628,71.7,338.0,909.0,871,1043,1384.4,1306.4,718.2,428.5,71.2,1311.0,860,715,66
8_SM_002225,F,1580,51.7,348.0,890.0,762,882,1332.0,1271.5,733.5,431.6,60.8,1270.0,850,718,55
8_SM_002226,F,1561,52.1,344.6,810.0,701,930,1326.1,1263.3,688.3,417.3,57.0,1246.0,824,683,55
8_SM_002227,F,1607,108.9,377.2,1233.0,1110,1139,1368.3,1307.9,696.6,433.1,68.0,1286.0,824,685,63
8_SM_002228,F,1600,70.9,387.9,986.0,897,990,1351.2,1298.9,726.5,433.5,69.9,1302.0,857,713,67
8_SM_002229,F,1644,51.5,344.4,777.0,677,908,1420.2,1333.4,768.9,437.2,60.6,1338.0,891,756,60
8_SM_002230,F,1462,56.3,324.4,923.0,903,923,1237.1,1182.5,654.7,385.8,58.4,1185.0,763,654,60
8_SM_002231,F,1600,53.1,350.5,830.0,715,921,1369.2,1295.4,718.8,426.5,72.2,1299.0,850,705,67
8_SM_002232,F,1532,59.0,342.5,883.0,888,948,1304.2,1231.6,686.4,419.5,62.6,1244.0,811,676,62
8_SM_002233,F,1613,59.4,379.4,899.0,795,945,1369.3,1307.4,720.1,434.7,53.2,1310.0,839,709,51
8_SM_002234,F,1589,67.4,371.4,972.0,887,998,1378.9,1303.7,710.4,431.6,60.1,1293.0,810,696,55
8_SM_002235,F,1519,57.5,322.1,908.0,862,920,1297.4,1240.8,690.8,413.2,65.3,1233.0,825,687,65
8_SM_002236,F,1545,47.9,356.9,746.0,675,926,1304.6,1220.7,692.1,418.0,69.0,1217.0,806,678,65
8_SM_002237,F,1471,55.6,316.4,889.0,820,934,1246.8,1185.7,658.2,391.6,63.1,1195.0,764,648,60
8_SM_002238,F,1508,70.5,348.3,1023.0,951,1018,1278.9,1218.7,659.7,390.4,73.0,1221.0,785,650,71
8_SM_002239,F,1608,80.7,369.3,1105.0,957,1051,1358.2,1304.9,715.7,425.5,65.2,1299.0,866,708,65
8_SM_002240,F,1571,51.8,335.7,790.0,738,945,1342.0,1256.7,707.4,408.9,66.3,1263.0,830,696,65
8_SM_002241,F,1567,81.0,375.2,1110.0,1072,1073,1332.7,1269.9,682.9,413.8,60.6,1266.0,836,681,61
8_SM_002242,F,1520,53.3,342.6,942.0,833,920,1284.8,1234.8,713.7,420.1,63.5,1250.0,842,704,60
8_SM_002243,F,1593,72.3,352.0,1040.0,955,981,1359.7,1297.1,700.6,405.9,65.2,1287.0,825,700,61
8_SM_002244,F,1532,52.4,342.5,855.0,731,868,1294.7,1240.7,680.0,395.8,61.0,1237.0,791,671,60
8_SM_002245,F,1605,78.8,368.4,1013.0,945,1074,1356.2,1302.2,712.1,431.7,66.7,1305.0,836,707,62
8_SM_002246,F,1620,64.2,331.4,956.0,890,980,1368.1,1309.0,746.6,419.5,66.7,1315.0,865,740,65
8_SM_002247,F,1531,52.5,337.3,891.0,800,916,1310.9,1235.2,712.5,416.3,64.7,1229.0,822,696,61
8_SM_002248,F,1591,69.8,375.3,1075.0,893,1005,1346.5,1285.8,699.1,414.8,71.6,1277.0,821,687,70
8_SM_002249,F,1588,56.5,348.9,940.0,755,883,1361.1,1295.3,726.5,418.5,68.7,1289.0,832,716,62
8_SM_002250,F,1487,54.6,350.0,913.0,806,912,1257.6,1186.8,651.2,375.5,61.6,1167.0,755,646,60
8_SM_002251,F,1605,57.0,356.6,845.0,809,909,1363.0,1305.4,731.6,448.5,62.9,1287.0,858,719,62
8_SM_002252,F,1608,52.6,349.3,800.0,658,899,1364.3,1307.8,715.2,418.6,67.2,1303.0,838,704,69
8_SM_002253,F,1498,62.5,342.2,949.0,900,973,1264.5,1208.8,655.1,397.6,66.2,1208.0,784,648,64
8_SM_002254,F,1574,55.1,373.4,894.0,773,903,1321.9,1265.0,710.8,424.8,61.1,1243.0,828,697,63
8_SM_002255,F,1534,64.4,329.6,960.0,909,987,1318.9,1254.3,700.2,405.9,63.7,1254.0,809,685,60
8_SM_002256,F,1478,56.6,336.4,927.0,835,959,1246.8,1191.0,663.5,394.0,68.8,1203.0,782,654,65
8_SM_002257,F,1564,62.0,361.9,983.0,853,908,1338.0,1278.2,699.9,407.7,60.9,1268.0,806,691,58
8_SM_002258,F,1597,59.4,348.2,913.0,824,925,1353.2,1296.0,752.2,421.3,67.7,1306.0,860,745,67
8_SM_002259,F,1672,71.7,385.4,990.0,885,1042,1433.9,1346.4,769.1,447.4,69.8,1359.0,903,765,72
8_SM_002260,F,1623,56.0,338.2,918.0,782,922,1383.0,1321.2,745.2,437.1,70.1,1329.0,871,734,68
8_SM_002261,F,1532,56.0,361.4,898.0,788,974,1301.3,1235.6,693.0,411.0,68.2,1220.0,822,687,65
8_SM_002262,F,1581,51.8,352.2,875.0,743,871,1362.4,1295.9,756.2,447.4,75.2,1284.0,869,737,70
8_SM_002263,F,1572,52.8,341.3,852.0,760,912,1348.5,1271.4,716.8,425.9,70.2,1268.0,833,702,71
8_SM_002264,F,1645,64.1,365.7,947.0,862,989,1412.0,1316.8,746.2,449.8,72.8,1329.0,896,743,71
8_SM_002265,F,1603,60.5,367.9,870.0,790,978,1344.2,1289.9,698.9,423.4,70.1,1280.0,848,696,68
8_SM_002266,F,1694,55.4,350.6,803.0,711,937,1446.3,1374.7,794.5,469.5,55.8,1369.0,926,786,58
8_SM_002267,F,1530,53.8,355.5,853.0,785,950,1281.0,1214.0,632.3,398.4,65.9,1206.0,765,619,62
8_SM_002268,F,1562,54.2,351.9,907.0,808,880,1347.3,1273.4,694.3,413.2,67.2,1266.0,819,696,67
8_SM_002269,F,1553,54.4,355.3,894.0,816,920,1318.4,1256.3,716.6,416.9,61.5,1248.0,835,703,57
8_SM_002270,F,1651,67.7,379.2,959.0,817,965,1410.3,1337.8,749.3,444.8,67.7,1331.0,874,736,64
8_SM_002271,F,1610,53.0,363.8,891.0,723,900,1380.7,1312.8,748.6,435.8,69.8,1315.0,875,737,67
8_SM_002272,F,1552,65.9,360.4,990.0,910,986,1330.8,1280.7,704.3,424.2,64.2,1255.0,828,698,62
8_SM_002273,F,1545,53.4,350.6,828.0,729,915,1314.7,1254.6,713.7,410.4,69.1,1245.0,833,700,66
8_SM_002274,F,1705,60.9,362.1,846.0,748,946,1455.2,1389.0,767.8,451.4,60.2,1399.0,887,753,60
8_SM_002275,F,1618,56.2,366.1,858.0,738,912,1374.5,1297.5,745.2,437.9,59.8,1291.0,850,729,59
8_SM_002276,F,1520,49.0,343.8,860.0,736,891,1292.3,1248.1,725.2,412.4,56.4,1240.0,827,709,59
8_SM_002277,F,1566,46.6,350.7,815.0,719,856,1332.1,1263.1,727.1,432.5,62.0,1255.0,842,716,60
8_SM_002278,F,1582,52.2,357.4,831.0,762,950,1345.3,1265.0,709.5,416.7,62.3,1273.0,824,700,58
8_SM_002279,F,1647,69.5,391.2,980.0,849,1010,1422.3,1334.6,727.8,435.3,65.1,1303.0,880,730,62
8_SM_002280,F,1527,44.1,336.1,786.0,657,825,1309.0,1245.6,698.5,403.5,56.4,1244.0,990,686,55
8_SM_002281,F,1578,53.0,363.4,843.0,733,920,1340.8,1281.9,750.9,448.6,60.2,1263.0,856,739,55
8_SM_002282,F,1517,52.8,347.3,893.0,778,895,1296.9,1226.2,695.9,412.4,64.4,1200.0,802,678,61
8_SM_002283,F,1630,54.9,367.1,873.0,747,925,1382.6,1310.5,748.2,429.3,64.9,1318.0,865,738,60
8_SM_002284,F,1513,47.6,348.5,814.0,691,895,1281.9,1203.0,668.1,398.3,59.4,1191.0,780,649,55
8_SM_002285,F,1612,58.8,353.7,850.0,827,952,1383.1,1303.9,749.7,437.8,69.0,1300.0,874,731,62
8_SM_002286,F,1608,54.6,348.3,813.0,746,911,1378.1,1304.0,739.8,439.6,66.0,1308.0,870,734,61
8_SM_002287,F,1578,74.0,365.2,1068.0,995,1013,1336.3,1287.6,722.0,438.0,61.7,1292.0,841,713,57
8_SM_002288,F,1550,49.3,345.7,777.0,723,921,1321.8,1251.2,665.4,398.8,68.7,1220.0,796,659,65
8_SM_002289,F,1568,49.3,374.7,778.0,658,891,1335.2,1261.4,716.8,415.0,62.9,1243.0,833,706,62
8_SM_002290,F,1587,51.0,365.6,792.0,710,895,1343.6,1281.6,756.7,431.1,74.4,1267.0,859,744,70
8_SM_002291,F,1628,54.5,343.4,838.0,736,917,1400.8,1325.8,750.3,440.4,65.4,1311.0,863,742,65
8_SM_002292,F,1570,61.3,363.5,1038.0,910,894,1323.9,1273.5,696.6,430.1,60.1,1244.0,833,690,60
8_SM_002293,F,1621,65.0,354.8,952.0,792,1001,1376.7,1304.4,721.2,428.9,63.9,1306.0,854,712,60
8_SM_002294,F,1501,57.1,350.7,988.0,895,918,1259.7,1211.4,687.6,406.8,64.3,1208.0,813,676,60
8_SM_002295,F,1608,64.5,356.5,1011.0,923,955,1362.0,1313.2,742.4,447.3,57.7,1328.0,886,735,56
8_SM_002296,F,1525,61.0,329.7,969.0,870,922,1297.1,1234.2,670.5,403.1,61.7,1234.0,782,664,60
8_SM_002297,F,1550,64.6,348.4,976.0,900,972,1320.1,1252.5,681.3,402.1,66.1,1264.0,793,677,65
8_SM_002298,F,1533,51.8,358.3,935.0,859,917,1319.6,1238.1,716.2,429.3,57.3,1238.0,851,710,52
8_SM_002299,F,1543,57.8,358.5,898.0,810,941,1309.8,1264.9,701.9,430.5,68.6,1250.0,823,693,65
8_SM_002300,F,1572,53.3,358.8,900.0,835,880,1345.7,1283.0,708.4,430.3,71.9,1281.0,849,703,66
8_SM_002301,F,1510,50.8,359.6,942.0,851,899,1293.4,1217.2,696.1,407.1,58.1,1212.0,803,679,56
8_SM_002302,F,1550,50.5,342.8,921.0,813,874,1223.9,1176.5,666.8,391.7,62.3,1143.0,780,655,59
8_SM_002303,F,1510,56.2,339.1,991.0,854,878,1264.4,1216.4,676.2,418.0,61.9,1200.0,810,668,59
8_SM_002304,F,1441,40.5,325.8,780.0,763,799,1244.2,1168.4,684.1,393.6,60.6,1151.0,796,673,60
8_SM_002305,F,1550,56.1,363.6,945.0,868,861,1314.9,1246.5,682.8,418.5,64.7,1256.0,825,682,62
8_SM_002306,F,1606,61.9,360.6,973.0,905,929,1367.0,1308.3,725.4,449.5,61.4,1304.0,873,738,60
8_SM_002307,F,1597,56.7,341.1,913.0,847,918,1385.1,1309.3,720.1,438.0,64.9,1300.0,873,717,62
8_SM_002308,F,1568,54.9,356.0,867.0,805,953,1339.1,1273.7,699.6,419.2,67.8,1255.0,826,686,65
8_SM_002309,F,1618,54.7,322.0,914.0,769,886,1376.5,1325.5,743.8,447.8,66.8,1332.0,882,739,65
8_SM_002310,F,1575,58.3,350.3,936.0,861,883,1348.2,1284.9,721.0,430.7,57.6,1276.0,832,700,55
8_SM_002311,F,1578,49.8,332.3,766.0,640,876,1349.8,1280.3,718.5,418.1,56.0,1278.0,837,713,59
8_SM_002312,F,1618,56.0,353.4,872.0,777,907,1399.0,1327.7,760.2,446.0,55.7,1337.0,892,746,58
8_SM_002313,F,1600,74.1,360.9,1000.0,914,1041,1356.4,1286.7,702.2,409.6,54.9,1310.0,826,697,59
8_SM_002314,F,1555,56.4,354.5,903.0,834,918,1329.3,1272.2,736.9,451.7,67.7,1259.0,867,732,65
8_SM_002315,F,1537,52.8,338.3,844.0,748,941,1309.6,1225.3,678.7,391.5,69.1,1223.0,810,672,65
8_SM_002316,F,1601,51.5,363.3,818.0,732,921,1378.0,1293.3,730.7,427.3,57.1,1301.0,864,725,53
8_SM_002317,F,1630,65.5,353.0,905.0,835,1017,1390.1,1339.6,755.8,449.3,64.1,1336.0,893,752,63
8_SM_002318,F,1558,44.4,327.3,783.0,670,872,1346.7,1270.9,722.0,426.9,57.9,1257.0,832,712,53
8_SM_002319,F,1665,54.6,360.9,869.0,674,897,1427.8,1367.0,766.0,453.3,64.2,1374.0,885,759,59
8_SM_002320,F,1540,60.5,342.0,991.0,813,950,1314.6,1265.9,711.7,409.0,60.7,1259.0,837,700,55
8_SM_002321,F,1536,48.4,351.8,885.0,740,875,1305.7,1252.9,713.7,409.7,57.3,1237.0,832,697,55
8_SM_002322,F,1556,56.8,346.9,898.0,835,933,1318.5,1257.5,696.6,406.4,59.2,1253.0,847,683,57
8_SM_002323,F,1711,93.7,377.8,1131.0,977,1141,1464.2,1403.5,774.0,442.5,65.7,1408.0,938,776,66
8_SM_002324,F,1613,75.9,391.2,992.0,925,1066,1363.2,1294.1,721.4,449.6,64.2,1297.0,869,723,66
8_SM_002325,F,1494,57.2,354.2,993.0,832,864,1255.5,1214.0,676.2,399.1,64.9,1202.0,799,671,64
8_SM_002326,F,1477,64.1,351.4,1057.0,953,976,1250.0,1189.8,681.9,402.6,55.3,1194.0,799,669,57
8_SM_002327,F,1606,70.5,352.2,1040.0,975,998,1352.3,1284.8,724.8,443.4,69.0,1290.0,872,721,67
8_SM_002328,F,1582,51.6,344.9,875.0,798,912,1341.1,1284.2,768.3,457.4,60.2,1267.0,900,754,59
8_SM_002329,F,1586,56.7,328.9,890.0,800,930,1336.8,1283.9,744.9,435.1,60.9,1288.0,865,729,57
8_SM_002330,F,1490,61.9,349.2,982.0,891,950,1278.3,1218.2,683.1,400.8,64.9,1210.0,802,680,62
8_SM_002331,F,1576,63.2,345.3,967.0,846,974,1346.9,1287.3,717.9,425.8,62.1,1276.0,854,707,60
8_SM_002332,F,1557,43.2,354.5,832.0,645,827,1330.8,1269.4,726.5,416.5,50.46,1243.0,835,712,50
8_SM_002333,F,1614,58.5,379.9,897.0,730,969,1381.3,1301.2,707.0,422.5,59.2,1302.0,842,704,56
8_SM_002334,F,1559,68.7,371.0,992.0,897,1000,1321.1,1272.9,687.6,407.9,65.3,1243.0,817,688,62
8_SM_002335,F,1495,57.0,338.3,965.0,883,902,1263.0,1220.8,668.2,404.2,59.0,1195.0,758,663,55
8_SM_002336,F,1518,73.2,344.5,1050.0,1022,1050,1294.7,1229.0,673.8,408.7,59.8,1229.0,789,667,60
8_SM_002337,F,1559,56.2,329.3,873.0,786,928,1333.4,1273.1,733.5,420.4,68.3,1262.0,852,716,65
8_SM_002338,F,1520,53.5,343.6,925.0,854,893,1285.9,1228.7,683.7,410.4,59.3,1206.0,808,676,56
8_SM_002339,F,1626,62.0,372.2,954.0,850,933,1384.9,1316.3,743.9,433.9,67.5,1328.0,867,735,62
8_SM_002340,F,1584,55.8,338.9,849.0,769,934,1347.1,1291.4,717.6,419.1,63.5,1278.0,851,708,61
8_SM_002341,F,1504,57.5,348.1,963.0,915,943,1257.9,1191.3,630.9,403.9,61.0,1183.0,784,626,61
8_SM_002342,F,1600,48.7,351.2,822.0,703,896,1358.0,1306.9,749.0,429.7,65.0,1307.0,861,737,62
8_SM_002343,F,1625,62.4,360.5,984.0,879,937,1391.6,1319.1,754.1,448.7,68.0,1318.0,899,739,61
8_SM_002344,F,1519,51.5,359.8,866.0,794,882,1290.1,1237.2,718.0,425.9,59.0,1233.0,838,708,55
8_SM_002345,F,1582,50.2,340.3,848.0,699,893,1347.2,1277.1,710.5,409.7,60.5,1274.0,837,707,60
8_SM_002346,F,1573,64.3,362.0,990.0,880,951,1350.1,1279.0,713.7,422.3,60.6,1276.0,853,702,60
8_SM_002347,F,1608,57.1,330.6,856.0,727,922,1380.0,1306.0,720.1,407.3,55.7,1298.0,858,717,55
8_SM_002348,F,1521,46.5,339.0,791.0,664,873,1277.7,1234.9,675.6,391.2,56.1,1214.0,784,661,52
8_SM_002349,F,1591,45.7,358.9,787.0,642,874,1360.3,1285.8,708.7,415.0,57.9,1293.0,832,702,57
8_SM_002350,F,1538,56.8,357.3,928.0,873,913,1310.0,1233.6,692.1,404.5,64.1,1231.0,807,678,60
8_SM_002351,F,1603,60.3,363.2,937.0,823,940,1388.5,1310.9,758.3,424.5,63.6,1304.0,867,749,54
8_SM_002352,F,1532,52.4,317.5,914.0,844,924,1294.9,1241.1,683.8,433.6,60.7,1230.0,833,670,60
8_SM_002353,F,1505,50.5,330.4,826.0,749,926,1282.4,1219.5,706.7,404.5,61.1,1224.0,833,706,55
8_SM_002354,F,1500,51.4,328.3,886.0,783,901,1273.8,1210.3,671.1,379.2,61.3,1218.0,790,665,56
8_SM_002355,F,1541,54.4,351.9,857.0,737,948,1302.0,1235.4,664.7,401.8,60.4,1232.0,801,670,56
8_SM_002356,F,1657,63.0,389.7,908.0,787,1000,1420.2,1346.7,757.7,430.7,64.8,1339.0,887,752,60
8_SM_002357,F,1623,79.2,401.3,1052.0,993,1037,1395.4,1320.5,738.8,446.3,68.7,1315.0,882,738,65
8_SM_002358,F,1517,62.0,336.3,1047.0,970,915,1272.4,1224.0,646.7,395.0,59.2,1215.0,811,648,59
8_SM_002359,F,1520,48.9,351.7,871.0,762,863,1281.6,1219.1,681.3,403.8,53.4,1202.0,819,670,55
8_SM_002360,F,1571,52.8,337.5,855.0,765,918,1338.8,1281.6,730.2,423.9,67.9,1259.0,850,713,62
8_SM_002361,F,1593,54.6,352.9,890.0,810,892,1356.2,1297.4,752.1,451.0,69.0,1279.0,865,740,65
8_SM_002362,F,1586,65.4,371.1,990.0,862,970,1355.5,1284.5,734.9,440.7,66.61,1293.0,878,735,63
8_SM_002363,F,1550,50.7,320.3,840.0,723,918,1322.9,1261.7,685.7,419.7,63.9,1266.0,808,675,60
8_SM_002364,F,1605,67.7,361.2,953.0,889,1013,1366.9,1304.4,737.6,439.2,72.6,1308.0,873,732,70
8_SM_002365,F,1600,49.9,377.7,783.0,682,918,1360.7,1303.7,709.3,410.4,51.18,1296.0,839,708,50
8_SM_002366,F,1502,51.1,357.5,878.0,734,884,1255.4,1196.1,638.9,395.5,55.5,1199.0,769,632,51
8_SM_002367,F,1517,47.0,325.0,808.0,674,868,1288.4,1214.0,677.6,391.2,67.7,1215.0,794,664,62
8_SM_002368,F,1463,58.1,348.7,987.0,867,893,1238.1,1182.5,636.3,392.4,59.3,1185.0,743,631,57
8_SM_002369,F,1484,48.3,338.2,838.0,700,890,1253.4,1198.4,667.0,397.8,57.0,1205.0,780,658,51
8_SM_002370,F,1440,43.4,335.2,843.0,752,844,1217.0,1156.8,668.5,398.9,62.9,1155.0,791,658,60
8_SM_002371,F,1575,53.6,345.3,884.0,752,894,1342.7,1264.7,717.1,413.4,65.0,1261.0,846,710,61
8_SM_002372,F,1571,58.3,344.3,910.0,817,939,1327.8,1278.5,675.4,398.4,57.7,1262.0,819,668,60
8_SM_002373,F,1597,51.7,354.6,860.0,735,898,1373.5,1295.4,728.8,432.0,64.6,1300.0,854,718,64
8_SM_002374,F,1611,58.7,343.5,928.0,788,885,1379.7,1311.2,729.2,443.5,60.6,1319.0,874,720,60
8_SM_002375,F,1745,58.4,380.2,820.0,706,940,1518.0,1425.0,812.5,471.5,61.2,1417.0,943,810,60
8_SM_002376,F,1595,44.1,361.3,777.0,657,855,1342.7,1283.8,733.6,429.1,57.6,1261.0,856,724,60
8_SM_002377,F,1646,63.7,349.0,863.0,800,1010,1417.9,1329.3,729.9,438.6,59.9,1323.0,854,728,60
8_SM_002378,F,1598,59.7,363.3,920.0,798,929,1366.9,1292.8,719.9,409.4,59.5,1295.0,848,713,60
8_SM_002379,F,1546,57.5,373.8,904.0,836,955,1316.6,1255.6,706.2,424.2,57.5,1246.0,830,697,57
8_SM_002380,F,1595,54.9,374.8,821.0,732,922,1361.3,1282.9,745.9,436.2,56.7,1288.0,864,734,60
8_SM_002381,F,1536,54.6,363.2,857.0,766,902,1304.7,1242.3,681.6,412.9,62.0,1236.0,797,673,61
8_SM_002382,F,1483,52.7,313.5,935.0,808,862,1271.9,1218.1,662.4,402.2,64.0,1225.0,785,658,62
8_SM_002383,F,1555,51.5,342.1,850.0,741,888,1330.0,1262.5,717.7,423.2,60.7,1264.0,841,706,63
8_SM_002384,F,1497,57.6,347.6,982.0,838,912,1269.0,1214.5,657.3,386.6,56.6,1221.0,772,655,57
8_SM_002385,F,1590,58.6,346.1,900.0,789,955,1351.5,1287.4,719.3,426.8,63.8,1298.0,850,709,60
8_SM_002386,F,1564,51.8,342.7,773.0,702,908,1335.0,1265.2,707.7,414.0,57.2,1266.0,833,693,55
8_SM_002387,F,1538,56.1,361.2,860.0,790,937,1314.6,1233.5,671.1,401.3,64.9,1234.0,803,667,62
8_SM_002388,F,1445,45.0,340.4,819.0,725,836,1229.9,1179.3,645.6,394.3,61.0,1162.0,765,643,60
8_SM_002389,F,1560,65.5,348.7,994.0,918,957,1337.4,1275.5,683.5,407.1,55.4,1265.0,816,679,60
8_SM_002390,F,1557,70.6,365.9,1045.0,890,1027,1318.2,1265.5,695.6,421.7,60.1,1253.0,803,692,61
8_SM_002391,F,1473,55.3,334.9,962.0,859,898,1230.7,1194.2,649.6,383.1,56.8,1185.0,773,654,55
8_SM_002392,F,1503,54.0,336.5,915.0,862,909,1268.8,1197.4,688.4,402.8,61.0,1201.0,798,678,65
8_SM_002393,F,1560,53.8,358.1,880.0,764,922,1319.6,1273.7,726.2,435.8,63.9,1262.0,852,712,65
8_SM_002394,F,1697,60.2,369.5,858.0,780,950,1449.0,1371.4,796.1,457.3,61.6,1372.0,910,785,70
8_SM_002395,F,1647,52.7,355.9,830.0,726,892,1411.4,1327.2,744.2,433.1,62.4,1323.0,859,736,65
8_SM_002396,F,1561,55.3,350.8,923.0,805,912,1345.8,1272.4,745.7,436.8,63.28,1270.0,875,734,62
8_SM_002397,F,1630,56.5,355.0,823.0,755,950,1391.2,1314.4,752.1,436.8,66.0,1298.0,877,744,65
8_SM_002398,F,1480,56.0,356.5,892.0,786,951,1256.5,1197.0,658.4,395.9,61.9,1188.0,779,652,60
8_SM_002399,F,1556,64.7,370.9,975.0,898,976,1323.6,1272.9,711.4,412.2,66.2,1260.0,862,714,62
8_SM_002400,F,1631,55.2,368.3,859.0,757,914,1389.9,1322.1,760.7,440.3,63.5,1308.0,889,744,62
8_SM_002401,F,1576,58.2,344.6,924.0,846,926,1344.7,1291.0,746.6,429.1,65.8,1288.0,867,727,65
8_SM_002402,F,1520,57.2,348.9,982.0,868,916,1292.0,1231.7,679.6,397.4,55.7,1239.0,807,675,60
8_SM_002403,F,1565,58.9,348.1,964.0,885,907,1333.6,1259.2,708.4,411.2,60.0,1263.0,850,705,61
8_SM_002404,F,1501,48.4,339.8,789.0,684,918,1266.9,1204.8,669.3,378.7,59.6,1201.0,786,655,57
8_SM_002405,F,1570,56.6,350.8,870.0,788,960,1347.6,1276.3,720.7,403.5,56.3,1270.0,852,715,58
8_SM_002406,F,1662,66.6,358.2,936.0,782,994,1422.8,1369.6,765.0,436.2,62.5,1354.0,905,756,61
8_SM_002407,F,1551,67.5,360.2,1028.0,975,986,1316.8,1265.8,685.8,415.0,54.5,1253.0,816,680,55
8_SM_002408,F,1656,53.5,358.3,832.0,713,943,1429.9,1350.6,760.9,454.3,63.3,1354.0,896,753,65
8_SM_002409,F,1655,54.7,346.4,810.0,695,932,1398.6,1329.1,733.3,427.1,60.2,1337.0,854,725,60
8_SM_002410,F,1550,58.4,358.0,940.0,826,965,1331.3,1256.6,694.2,417.5,60.8,1264.0,825,691,60
8_SM_002411,F,1522,57.8,350.6,930.0,858,927,1297.6,1224.0,669.0,405.9,64.0,1220.0,771,655,61
8_SM_002412,F,1602,58.8,358.4,922.0,844,924,1349.3,1289.9,716.4,421.1,60.7,1276.0,862,714,60
8_SM_002413,F,1671,61.2,358.6,844.0,741,957,1426.8,1356.1,771.4,471.5,61.5,1335.0,898,765,61
8_SM_002414,F,1575,48.0,330.8,817.0,723,876,1330.3,1271.9,735.8,408.8,57.2,1284.0,832,722,55
8_SM_002415,F,1565,60.8,331.4,882.0,839,976,1336.3,1276.4,664.9,377.1,65.6,1280.0,793,654,65
8_SM_002416,F,1621,67.0,373.1,992.0,883,921,1372.9,1325.2,752.5,440.9,58.2,1309.0,863,736,55
8_SM_002417,F,1560,49.5,364.5,794.0,709,902,1331.1,1267.3,708.3,432.8,59.7,1260.0,847,699,62
8_SM_002418,F,1520,57.8,350.5,891.0,783,953,1287.6,1230.4,668.8,388.7,53.7,1219.0,796,667,52
8_SM_002419,F,1612,49.9,341.5,877.0,718,882,1376.2,1314.6,744.7,450.0,59.4,1299.0,885,747,57
8_SM_002420,F,1575,49.9,331.6,864.0,762,877,1345.8,1280.8,701.2,409.8,60.2,1276.0,828,692,61
8_SM_002421,F,1533,54.3,344.5,830.0,774,968,1298.9,1239.1,675.2,390.1,55.9,1228.0,809,672,60
8_SM_002422,F,1627,61.7,361.7,945.0,849,922,1381.5,1316.0,719.8,428.8,56.5,1329.0,879,725,56
8_SM_002423,F,1600,58.9,352.7,937.0,791,938,1363.3,1285.2,741.1,441.7,68.4,1298.0,877,738,71
8_SM_002424,F,1534,50.9,339.1,839.0,777,868,1303.6,1248.6,693.6,396.0,73.1,1243.0,810,680,71
8_SM_002425,F,1600,49.3,368.1,815.0,694,866,1364.4,1291.0,719.6,415.0,61.7,1268.0,844,711,62
8_SM_002426,F,1613,52.9,364.7,786.0,720,944,1375.6,1306.8,767.8,437.0,65.6,1289.0,884,757,69
8_SM_002427,F,1526,59.7,343.1,911.0,883,968,1291.0,1230.7,680.6,408.6,57.1,1223.0,811,674,55
8_SM_002428,F,1580,55.3,370.8,909.0,773,941,1337.5,1275.4,714.2,417.1,63.0,1256.0,844,708,60
8_SM_002429,F,1515,52.5,348.6,934.0,808,887,1291.9,1227.2,688.7,407.5,60.2,1194.0,835,681,60
8_SM_002430,F,1552,51.3,344.7,885.0,765,899,1314.9,1251.6,703.9,428.8,52.8,1240.0,834,691,54
8_SM_002431,F,1640,56.6,376.0,901.0,789,943,1400.3,1327.2,754.1,442.4,68.0,1350.0,883,749,68
8_SM_002432,F,1703,65.3,371.3,963.0,822,981,1477.0,1394.2,809.2,483.3,72.0,1376.0,940,813,70
8_SM_002433,F,1544,50.8,345.4,896.0,777,863,1316.5,1259.3,739.3,438.8,70.7,1255.0,863,725,67
8_SM_002434,F,1570,52.2,373.7,849.0,753,901,1327.8,1260.1,715.1,409.7,58.5,1260.0,835,703,59
8_SM_002435,F,1462,63.2,348.4,995.0,963,987,1234.2,1194.3,645.5,376.4,53.1,1166.0,778,647,55
8_SM_002436,F,1625,69.1,360.0,963.0,872,973,1376.2,1334.7,745.7,444.9,64.3,1327.0,870,746,62
8_SM_002437,F,1618,53.0,358.7,800.0,731,923,1391.3,1312.1,739.2,435.8,67.9,1314.0,875,735,70
8_SM_002438,F,1595,55.3,350.5,872.0,789,913,1364.9,1293.8,721.1,421.3,59.2,1279.0,852,712,61
8_SM_002439,F,1564,55.4,335.6,880.0,800,919,1344.5,1266.4,708.5,420.4,62.3,1260.0,838,700,61
8_SM_002440,F,1566,70.3,366.6,1008.0,912,988,1334.6,1270.5,682.8,424.8,62.4,1264.0,824,677,60
8_SM_002441,F,1517,56.9,366.2,925.0,829,897,1289.7,1241.1,666.8,409.1,64.5,1216.0,818,674,65
8_SM_002442,F,1662,60.9,397.4,837.0,771,1006,1421.2,1343.6,751.4,444.5,63.3,1360.0,882,744,65
8_SM_002443,F,1534,58.7,358.4,949.0,860,889,1304.0,1250.2,686.3,416.5,60.8,1240.0,819,690,62
8_SM_002444,F,1551,54.5,341.4,890.0,842,895,1313.9,1253.9,715.9,425.4,67.4,1238.0,856,707,62
8_SM_002445,F,1592,59.4,344.0,897.0,761,961,1361.1,1296.4,724.9,430.9,67.1,1291.0,859,722,65
8_SM_002446,F,1645,59.3,356.1,832.0,727,1038,1396.3,1332.8,767.2,450.2,60.6,1336.0,905,762,60
8_SM_002447,F,1536,53.2,366.7,888.0,757,930,1319.2,1245.4,668.8,393.5,67.8,1216.0,779,658,65
8_SM_002448,F,1536,41.4,329.9,758.0,572,839,1308.7,1259.2,700.0,416.1,63.3,1248.0,818,695,62
8_SM_002449,F,1564,50.7,345.9,827.0,772,893,1330.0,1257.3,712.2,418.9,56.8,1246.0,828,693,56
8_SM_002450,F,1558,62.9,351.3,978.0,869,999,1323.3,1266.7,717.0,433.6,62.0,1254.0,830,700,60
8_SM_002451,F,1570,50.4,339.6,814.0,763,900,1350.6,1287.5,759.4,452.8,64.6,1284.0,878,745,65
8_SM_002452,F,1650,55.0,347.8,855.0,752,930,1423.0,1332.2,771.5,447.5,66.3,1352.0,904,765,65
8_SM_002453,F,1528,46.5,370.5,807.0,692,902,1297.4,1232.8,714.5,424.8,63.4,1219.0,850,706,60
8_SM_002454,F,1527,78.4,361.2,1147.0,1050,1075,1299.6,1235.8,652.1,393.1,68.3,1232.0,806,660,70
8_SM_002455,F,1620,76.5,384.2,987.0,882,1087,1362.9,1311.1,705.5,405.6,66.0,1314.0,843,702,68
8_SM_002456,F,1538,65.2,361.8,1016.0,917,1000,1300.9,1246.0,687.8,412.2,66.2,1255.0,829,679,65
8_SM_002457,F,1574,81.6,369.5,1078.0,1006,1054,1333.7,1286.6,703.0,392.2,62.2,1287.0,837,699,61
8_SM_002458,F,1578,54.7,337.2,847.0,723,949,1349.9,1281.3,726.4,422.1,63.5,1282.0,846,716,61
8_SM_002459,F,1542,53.5,321.8,839.0,732,976,1314.4,1255.7,713.6,413.8,62.9,1246.0,840,707,60
8_SM_002460,F,1632,48.1,336.5,747.0,690,894,1408.6,1326.0,767.5,444.6,66.2,1347.0,904,750,70
8_SM_002461,F,1645,64.3,394.6,884.0,795,1012,1404.2,1334.5,755.2,446.5,65.3,1328.0,878,741,65
8_SM_002462,F,1555,48.6,338.0,838.0,789,853,1331.0,1253.5,703.6,420.3,62.2,1250.0,822,694,63
8_SM_002463,F,1613,57.2,353.6,863.0,777,949,1380.3,1307.4,726.3,423.9,68.7,1307.0,867,720,65
8_SM_002464,F,1663,52.9,350.1,827.0,738,918,1430.4,1336.5,746.8,439.6,66.5,1357.0,880,744,65
8_SM_002465,F,1505,57.3,338.2,899.0,767,957,1275.5,1224.6,662.7,382.0,65.5,1230.0,786,654,65
8_SM_002466,F,1650,55.8,357.4,874.0,741,901,1389.3,1334.2,766.4,443.7,67.0,1332.0,887,759,70
8_SM_002467,F,1665,58.4,363.1,825.0,789,946,1421.7,1350.2,745.6,424.8,62.6,1338.0,884,740,63
8_SM_002468,F,1570,62.8,333.8,918.0,837,991,1324.7,1271.6,696.9,412.0,63.5,1285.0,847,699,61
8_SM_002469,F,1607,56.0,349.6,804.0,743,938,1379.9,1312.6,735.5,422.4,62.6,1304.0,858,726,65
8_SM_002470,F,1580,62.7,349.3,902.0,839,980,1343.6,1275.8,721.3,426.6,67.6,1283.0,840,717,65
8_SM_002471,F,1613,57.5,373.2,898.0,828,923,1377.7,1305.5,701.2,426.9,68.5,1287.0,835,693,65
8_SM_002472,F,1600,69.5,372.8,978.0,877,1037,1352.8,1285.8,715.2,429.6,68.0,1282.0,872,704,66
8_SM_002473,F,1653,55.7,355.6,884.0,746,915,1419.3,1348.5,773.9,451.1,63.8,1344.0,913,767,62
8_SM_002474,F,1580,47.9,357.1,844.0,720,847,1336.9,1271.5,691.9,413.0,64.0,1273.0,817,692,61
8_SM_002475,F,1600,59.3,361.4,925.0,788,951,1369.6,1309.9,747.0,438.8,59.6,1294.0,880,740,61
8_SM_002476,F,1540,56.7,356.9,936.0,758,926,1303.6,1251.9,685.1,401.9,63.9,1253.0,807,683,60
8_SM_002477,F,1545,56.3,357.1,908.0,850,952,1300.0,1236.3,692.3,413.2,66.8,1250.0,837,687,65
8_SM_002478,F,1564,65.6,367.7,1005.0,893,949,1326.5,1273.1,706.3,418.8,60.6,1250.0,850,704,55
8_SM_002479,F,1610,68.0,353.8,998.0,900,1026,1377.6,1302.3,724.4,443.8,70.4,1280.0,865,714,66
8_SM_002480,F,1492,56.8,352.9,979.0,858,927,1248.2,1195.1,661.8,401.3,59.7,1192.0,793,659,63
8_SM_002481,F,1570,49.7,339.0,834.0,731,891,1345.3,1273.2,719.5,426.0,65.0,1270.0,862,714,65
8_SM_002482,F,1671,55.4,375.4,851.0,744,918,1433.8,1365.2,803.9,468.9,67.1,1332.0,928,792,65
8_SM_002483,F,1578,55.8,351.3,919.0,757,906,1345.5,1284.4,724.9,430.4,60.9,1294.0,856,714,61
8_SM_002484,F,1543,51.6,350.8,841.0,717,942,1324.5,1247.2,715.8,416.1,58.1,1240.0,824,704,59
8_SM_002485,F,1585,60.5,363.8,910.0,848,959,1346.8,1271.2,701.7,426.8,61.7,1278.0,841,698,61
8_SM_002486,F,1677,53.3,351.7,790.0,692,910,1436.8,1365.8,755.9,443.1,72.6,1380.0,895,756,72
8_SM_002487,F,1560,53.2,354.9,820.0,752,929,1327.7,1261.3,716.9,425.4,68.3,1263.0,843,706,65
8_SM_002488,F,1611,64.1,372.4,953.0,792,965,1372.2,1286.3,712.8,413.6,54.7,1290.0,847,710,65
8_SM_002489,F,1635,60.3,356.8,953.0,788,930,1418.6,1349.5,725.8,444.3,69.5,1341.0,884,721,65
8_SM_002490,F,1598,53.0,349.0,885.0,756,865,1361.3,1289.8,732.3,430.9,61.1,1273.0,851,727,60
8_SM_002491,F,1532,56.7,325.0,850.0,799,921,1297.6,1240.5,680.8,395.6,68.3,1252.0,811,672,62
8_SM_002492,F,1635,60.4,347.9,901.0,847,980,1395.1,1328.0,752.5,445.3,70.0,1327.0,894,742,66
8_SM_002493,F,1613,59.4,354.1,855.0,774,984,1371.0,1316.6,738.3,436.8,70.3,1294.0,875,724,70
8_SM_002494,F,1592,54.2,353.4,903.0,762,877,1351.6,1297.6,750.6,444.5,64.8,1274.0,875,739,64
8_SM_002495,F,1575,50.5,350.2,818.0,688,892,1341.8,1272.3,715.0,424.2,64.9,1259.0,855,705,62
8_SM_002496,F,1531,47.1,346.4,834.0,754,875,1315.9,1253.2,711.9,421.8,69.9,1253.0,842,704,67
8_SM_002497,F,1526,44.0,346.1,750.0,633,846,1275.7,1220.9,693.5,397.7,72.4,1219.0,826,690,70
8_SM_002498,F,1580,56.4,356.0,886.0,777,983,1343.0,1268.5,700.5,410.4,59.6,1249.0,841,689,61
8_SM_002499,F,1590,64.5,362.3,939.0,881,952,1358.0,1305.3,719.2,436.1,64.4,1296.0,860,716,61
8_SM_002500,F,1591,51.8,352.0,878.0,763,877,1352.1,1290.1,726.1,424.8,59.8,1291.0,848,718,60
8_SM_002501,F,1497,52.7,345.2,795.0,722,933,1267.7,1207.7,681.3,393.7,67.5,1185.0,799,669,65
8_SM_002502,F,1572,51.9,340.3,856.0,713,917,1337.1,1279.0,721.1,415.6,61.1,1270.0,859,709,60
8_SM_002503,F,1690,61.1,391.7,828.0,740,999,1445.1,1381.0,749.3,442.5,63.6,1360.0,903,744,61
8_SM_002504,F,1587,72.2,361.4,1017.0,928,1039,1338.3,1284.5,724.7,427.5,65.5,1283.0,857,727,67
8_SM_002505,F,1537,49.4,352.3,861.0,742,888,1314.1,1245.7,705.3,425.1,66.9,1235.0,827,702,65
8_SM_002506,F,1600,68.8,349.9,997.0,843,981,1350.0,1301.3,719.2,444.3,77.0,1296.0,863,715,71
8_SM_002507,F,1584,49.9,350.2,777.0,685,903,1343.2,1270.8,710.6,405.8,62.7,1264.0,834,698,60
8_SM_002508,F,1731,59.6,370.1,884.0,757,935,1484.1,1398.8,782.0,462.3,74.1,1417.0,909,773,70
8_SM_002509,F,1570,51.9,345.6,884.0,742,926,1332.9,1257.4,722.8,415.3,64.7,1265.0,846,714,65
8_SM_002510,F,1645,53.8,379.4,765.0,685,927,1414.6,1339.8,764.2,443.7,59.1,1320.0,870,744,60
8_SM_002511,F,1640,55.0,339.8,823.0,680,934,1400.5,1338.9,761.6,428.7,72.9,1330.0,890,744,71
8_SM_002512,F,1735,52.1,370.0,810.0,697,945,1500.8,1416.9,804.1,466.8,68.4,1388.0,935,796,67
8_SM_002513,F,1715,56.8,369.5,816.0,725,918,1488.0,1407.6,802.7,456.4,72.9,1409.0,920,797,70
8_SM_002514,F,1594,52.2,355.2,780.0,706,900,1358.7,1298.9,745.0,430.4,64.68,1278.0,865,736,64
8_SM_002515,F,1583,52.3,340.0,804.0,733,933,1358.0,1284.4,725.3,415.6,59.0,1272.0,857,718,60
8_SM_002516,F,1585,52.1,349.9,852.0,705,905,1364.6,1285.3,717.8,427.3,61.8,1277.0,858,711,60
8_SM_002517,F,1550,46.2,332.2,768.0,630,844,1320.2,1263.4,718.6,410.4,67.2,1252.0,852,712,65
8_SM_002518,F,1580,64.2,355.7,940.0,844,966,1338.0,1272.7,705.6,415.6,78.6,1267.0,827,690,75
8_SM_002519,F,1646,53.6,351.1,808.0,737,925,1411.0,1338.8,753.5,444.2,66.4,1340.0,888,747,65
8_SM_002520,F,1595,67.3,387.6,978.0,888,1018,1362.9,1289.5,712.6,429.6,70.7,1269.0,845,702,70
8_SM_002521,F,1507,47.2,341.8,795.0,701,897,1280.9,1222.8,691.4,412.3,70.8,1206.0,819,684,66
8_SM_002522,F,1683,62.8,382.0,942.0,875,1003,1352.2,1267.2,709.3,423.3,61.0,1274.0,851,703,60
8_SM_002523,F,1486,46.1,341.5,848.0,736,864,1269.8,1200.8,679.1,385.4,62.0,1204.0,803,674,60
8_SM_002524,F,1572,50.9,350.2,862.0,750,898,1333.4,1270.5,718.7,421.8,65.3,1264.0,839,701,65
8_SM_002525,F,1680,61.2,375.9,910.0,788,950,1433.1,1367.4,770.5,466.7,68.7,1357.0,907,764,69
8_SM_002526,M,1778,60.9,390.2,820.0,720,928,1522.7,1460.5,776.0,443.0,76.9,1435.0,907,757,68
8_SM_002527,M,1702,71.8,368.4,950.0,840,1003,1450.8,1377.0,759.2,452.0,72.4,1377.0,912,744,72
8_SM_002528,M,1668,71.7,390.6,972.0,862,999,1426.2,1376.4,763.2,442.1,75.0,1365.0,904,746,73
8_SM_002529,M,1730,74.8,398.6,998.0,792,960,1479.8,1407.2,794.6,473.9,70.4,1384.0,943,772,69
8_SM_002530,M,1830,78.9,388.8,947.0,832,1002,1571.1,1498.7,831.5,499.7,77.1,1478.0,1013,815,74
8_SM_002531,M,1736,77.2,391.9,962.0,849,956,1491.9,1416.7,813.3,460.8,64.0,1394.0,933,809,61
8_SM_002532,M,1824,74.9,379.1,923.0,805,979,1560.9,1467.8,819.9,491.7,76.9,1476.0,951,805,71
8_SM_002533,M,1715,66.7,375.8,901.0,808,949,1475.7,1396.6,792.0,463.1,64.5,1384.0,924,782,58
8_SM_002534,M,1776,74.5,375.9,947.0,819,976,1536.6,1433.0,809.0,478.2,73.7,1424.0,944,792,73
8_SM_002535,M,1723,68.4,367.9,982.0,838,947,1483.3,1394.7,796.2,467.1,64.4,1399.0,946,792,61
8_SM_002536,M,1805,73.2,406.3,960.0,775,959,1560.3,1489.0,864.7,503.3,69.4,1469.0,1004,849,61
8_SM_002537,M,1829,73.8,422.9,926.0,761,968,1592.3,1488.7,850.9,506.5,66.9,1464.0,1004,842,65
8_SM_002538,M,1695,60.8,393.4,881.0,779,906,1457.5,1389.8,801.1,478.6,75.7,1391.0,951,786,70
8_SM_002539,M,1777,71.2,372.5,927.0,746,946,1563.3,1490.2,871.5,481.6,66.6,1458.0,1002,856,69
8_SM_002540,M,1745,62.7,,885.0,756,902,,,,,,1399.0,960,811,67
8_SM_002541,M,1708,72.1,,899.0,864,1012,,,,,,1334.0,910,754,61
8_SM_002542,M,1772,61.6,,884.0,734,906,,,,,,1418.0,964,816,69
8_SM_002543,M,1785,67.3,,936.0,737,898,,,,,,1441.0,975,820,69
8_SM_002544,M,1775,73.1,,994.0,802,972,,,,,,1463.0,965,822,71
8_SM_002545,M,1742,78.0,424.2,1030.0,859,1018,1494.6,1411.9,823.6,474.4,78.1,1407.0,957,796,77
8_SM_002546,M,1777,60.5,400.7,861.0,715,897,1545.7,1447.8,863.0,485.6,70.8,1421.0,971,826,65
8_SM_002547,M,1756,142.6,408.4,1314.0,1274,1301,1481.6,1435.9,727.0,475.8,78.7,1421.0,869,723,76
8_SM_002548,M,1808,54.5,397.4,806.0,682,875,1559.6,1461.3,850.5,486.8,67.3,1468.0,969,841,69
8_SM_002549,M,1790,81.2,403.3,1019.0,902,967,1550.5,1462.7,841.2,496.0,79.0,1458.0,971,830,73
8_SM_002550,M,1806,69.3,393.5,940.0,779,921,1553.9,1466.0,832.1,496.0,75.2,1465.0,996,730,76
8_SM_002551,M,1760,74.1,403.8,997.0,729,954,1526.5,1473.6,842.3,509.2,70.8,1435.0,973,832,69
8_SM_002552,M,1728,87.0,386.6,1002.0,928,1065,1469.0,1400.0,803.5,466.7,75.8,1394.0,932,790,76
8_SM_002553,M,1770,72.1,390.9,948.0,797,969,1532.3,1447.3,826.6,484.2,70.4,1456.0,969,815,71
8_SM_002554,M,1825,66.1,401.6,933.0,716,889,1570.1,1489.6,868.1,493.9,78.9,1480.0,1004,842,75
8_SM_002555,M,1694,63.0,361.5,904.0,766,931,1456.8,1385.8,807.2,460.2,68.8,1403.0,936,789,64
8_SM_002556,M,1770,71.4,397.6,860.0,809,985,1535.9,1451.1,815.9,462.6,69.7,1431.0,953,809,71
8_SM_002557,M,1702,67.6,408.5,934.0,771,946,1470.1,1372.3,782.9,469.3,72.4,1357.0,916,772,65
8_SM_002558,M,1795,67.6,408.8,884.0,746,832,1553.3,1453.2,886.2,504.3,64.3,1439.0,994,867,62
8_SM_002559,M,1688,81.9,400.8,986.0,905,1028,1444.1,1366.9,732.4,438.4,79.6,1356.0,898,725,73
8_SM_002560,M,1734,58.5,375.5,820.0,691,897,1488.4,1410.3,776.2,440.8,70.0,1391.0,918,765,67
8_SM_002561,M,1785,66.0,396.5,948.0,733,904,1539.0,1458.4,880.7,502.0,78.9,1444.0,993,850,75
8_SM_002562,M,1713,72.9,393.5,986.0,831,958,1482.0,1394.4,790.8,459.3,69.2,1383.0,937,782,62
8_SM_002563,M,1644,68.1,387.2,947.0,869,986,1412.0,1343.4,750.7,454.9,73.5,1326.0,890,731,70
8_SM_002564,M,1796,79.1,399.4,944.0,831,998,1554.3,1463.2,807.8,495.4,63.8,1445.0,960,797,60
8_SM_002565,M,1735,75.3,408.4,988.0,798,967,1473.8,1390.9,805.3,474.3,69.8,1356.0,929,784,68
8_SM_002566,M,1855,88.5,412.6,952.0,913,1020,1613.2,1532.2,870.3,512.2,74.5,1511.0,1023,853,73
8_SM_002567,M,1776,69.0,373.2,929.0,769,954,1533.7,1457.7,821.9,482.6,71.1,1436.0,958,816,66
8_SM_002568,M,1701,62.0,393.7,911.0,728,918,1461.8,1378.4,779.1,447.9,66.9,1369.0,897,761,68
8_SM_002569,M,1715,73.5,390.4,952.0,783,972,1474.9,1401.4,797.0,468.1,72.9,1394.0,931,787,69
8_SM_002570,M,1764,57.4,388.4,818.0,728,908,1515.5,1435.4,825.4,469.8,71.2,1416.0,965,805,69
8_SM_002571,M,1798,78.0,394.1,935.0,815,968,1514.7,1471.8,838.9,486.7,73.4,1459.0,965,825,70
8_SM_002572,M,1815,82.6,412.9,993.0,915,1020,1543.3,1466.6,818.7,475.7,73.1,1455.0,950,808,72
8_SM_002573,M,1763,59.1,381.8,828.0,703,887,1492.0,1431.1,798.0,457.7,73.0,1404.0,938,785,73
8_SM_002574,M,1766,73.7,417.0,928.0,870,983,1484.4,1451.2,794.4,472.9,68.7,1434.0,953,787,70
8_SM_002575,M,1706,68.9,384.9,951.0,817,958,1455.1,1390.4,772.6,453.0,74.1,1348.0,910,757,69
8_SM_002576,M,1788,73.8,366.8,928.0,784,996,1531.3,1468.0,803.2,487.7,79.0,1456.0,945,788,77
8_SM_002577,M,1734,76.9,382.5,964.0,894,1015,1465.7,1406.7,755.4,466.9,77.5,1381.0,928,764,72
8_SM_002578,M,1714,64.1,383.9,913.0,729,918,1450.8,1405.7,783.5,458.0,72.4,1394.0,923,763,69
8_SM_002579,M,1752,69.6,383.5,916.0,865,965,1487.7,1423.4,765.8,447.2,71.6,1390.0,916,758,73
8_SM_002580,M,1716,74.2,384.2,946.0,880,1015,1456.6,1400.4,764.0,450.9,69.4,1370.0,929,758,67
8_SM_002581,M,1732,68.8,382.3,935.0,815,965,1440.3,1398.1,762.8,458.5,67.7,1377.0,904,748,66
8_SM_002582,M,1824,72.4,404.8,920.0,841,979,1562.5,1491.5,824.8,496.2,73.8,1450.0,962,819,72
8_SM_002583,M,1764,76.5,410.7,1022.0,903,996,1488.7,1432.6,784.7,452.8,67.4,1385.0,926,772,65
8_SM_002584,M,1817,66.0,415.4,831.0,807,969,1540.1,1481.0,820.3,474.4,77.4,1445.0,968,808,77
8_SM_002585,M,1719,77.7,400.9,983.0,913,1008,1455.6,1411.0,782.9,467.3,78.3,1390.0,937,774,78
8_SM_002586,M,1841,83.9,424.7,1057.0,898,1019,1569.2,1502.5,830.1,494.9,74.1,1503.0,987,819,71
8_SM_002587,M,1918,84.7,424.4,1010.0,870,1051,1660.2,1567.7,942.0,544.3,76.8,1544.0,1096,929,76
8_SM_002588,M,1692,76.9,413.6,999.0,912,978,1423.0,1377.9,756.7,451.8,69.4,1353.0,904,741,71
8_SM_002589,M,1714,67.4,377.4,910.0,814,945,1446.5,1396.6,803.5,471.5,76.5,1384.0,931,785,73
8_SM_002590,M,1663,62.1,389.1,912.0,800,932,1410.6,1363.1,740.9,430.5,67.1,1323.0,867,733,62
8_SM_002591,M,1732,57.7,399.9,878.0,695,896,1470.9,1395.7,747.2,461.9,70.0,1363.0,898,737,66
8_SM_002592,M,1828,92.1,419.8,1051.0,926,1075,1560.2,1495.3,836.3,493.9,76.8,1475.0,985,815,76
8_SM_002593,M,1835,100.1,396.7,1130.0,986,1067,1581.6,1509.8,865.5,520.5,78.4,1503.0,980,847,74
8_SM_002594,M,1778,70.4,405.6,929.0,801,970,1551.0,1455.1,807.5,485.9,78.7,1421.0,952,792,75
8_SM_002595,M,1794,91.4,418.5,1026.0,914,1046,1562.5,1472.8,828.4,492.4,68.5,1465.0,961,810,65
8_SM_002596,M,1753,73.3,408.4,973.0,809,921,1513.6,1432.3,825.4,486.3,71.4,1404.0,941,809,68
8_SM_002597,M,1822,92.0,416.5,1009.0,949,1048,1578.3,1488.1,833.3,494.6,78.1,1504.0,960,794,73
8_SM_002598,M,1763,78.6,390.7,961.0,854,1011,1507.8,1452.2,764.4,480.6,78.5,1434.0,943,802,76
8_SM_002599,M,1715,67.6,382.1,891.0,801,938,1483.4,1400.4,813.2,478.6,68.5,1384.0,920,775,69
8_SM_002600,M,1682,84.3,397.6,1058.0,982,1051,1441.2,1377.7,699.7,467.7,65.3,1344.0,889,749,74
8_SM_002601,M,1675,63.8,384.5,880.0,789,943,1448.4,1365.5,728.4,476.2,72.1,1357.0,902,752,66
8_SM_002602,M,1715,57.6,371.3,844.0,763,882,1477.2,1446.8,802.5,488.0,80.0,1375.0,920,785,75
8_SM_002603,M,1786,85.1,430.5,1008.0,849,1011,1543.8,1464.7,768.0,479.5,68.9,1447.0,945,796,67
8_SM_002604,M,1738,73.6,408.1,996.0,792,970,1491.5,1416.3,826.0,473.4,66.5,1392.0,952,814,65
8_SM_002605,M,1802,72.8,425.0,974.0,796,961,1548.6,1450.8,822.8,463.9,71.6,1451.0,964,821,74
8_SM_002606,M,1738,73.9,,906.0,775,998,,,,,,1403.0,944,804,74
8_SM_002607,M,1742,67.6,,931.0,801,939,,,,,,1395.0,931,791,62
8_SM_002608,M,1754,92.8,420.0,1057.0,975,1067,1506.1,1435.6,787.7,496.4,79.8,1420.0,950,769,74
8_SM_002609,M,1791,78.7,415.0,1007.0,851,1003,1553.9,1452.7,822.8,501.1,77.7,1437.0,954,815,71
8_SM_002610,M,1766,72.2,373.8,967.0,818,957,1519.4,1436.9,835.1,487.3,78.9,1441.0,959,826,73
8_SM_002611,M,1793,73.3,454.9,954.0,763,990,1546.1,1454.6,834.5,488.6,71.4,1420.0,968,815,66
8_SM_002612,M,1745,65.0,410.5,870.0,777,945,1510.7,1399.0,789.1,461.7,62.8,1369.0,921,780,59
8_SM_002613,M,1676,49.3,380.4,804.0,657,814,1453.4,1335.8,702.8,436.4,59.35,1358.0,882,737,52
8_SM_002614,M,1731,74.1,400.5,955.0,852,982,1484.4,1399.2,802.3,483.9,73.4,1380.0,930,789,62
8_SM_002615,M,1781,73.6,401.6,882.0,792,980,1545.2,1453.2,808.4,478.3,79.7,1436.0,925,788,72
8_SM_002616,M,1771,80.4,421.1,1062.0,913,1000,1526.8,1442.6,836.6,476.7,75.0,1436.0,964,808,70
8_SM_002617,M,1684,71.8,399.4,952.0,843,991,1433.1,1348.7,743.7,445.1,69.4,1338.0,881,725,66
8_SM_002618,M,1762,69.1,415.2,927.0,802,964,1530.4,1437.8,809.0,495.9,71.2,1424.0,959,799,69
8_SM_002619,M,1784,70.9,375.2,909.0,803,967,1547.1,1478.1,856.3,511.3,74.7,1462.0,963,836,72
8_SM_002620,M,1755,72.6,411.8,944.0,808,996,1522.2,1436.9,796.2,491.2,72.6,1411.0,950,785,71
8_SM_002621,M,1734,65.4,376.1,871.0,769,983,1515.4,1401.9,805.3,453.9,73.1,1404.0,908,771,67
8_SM_002622,M,1773,72.1,424.2,906.0,805,981,1542.2,1435.7,778.3,497.6,74.9,1420.0,929,766,67
8_SM_002623,M,1781,69.7,403.9,908.0,827,944,1536.1,1462.4,850.8,513.2,71.8,1421.0,984,832,70
8_SM_002624,M,1710,71.4,403.1,944.0,850,919,1470.0,1406.2,776.5,466.7,66.4,1365.0,914,743,65
8_SM_002625,M,1807,68.9,414.1,947.0,726,918,1552.8,1471.8,861.3,486.2,75.6,1451.0,966,835,70
8_SM_002626,M,1734,77.0,414.7,976.0,876,1018,1494.9,1412.4,752.8,460.0,70.5,1395.0,935,781,51
8_SM_002627,M,1709,81.0,397.1,1046.0,901,995,1464.5,1410.4,789.5,482.7,71.2,1390.0,921,780,67
8_SM_002628,M,1699,65.6,396.5,910.0,780,958,1462.0,1377.3,795.5,451.3,69.3,1353.0,923,776,66
8_SM_002629,M,1784,69.5,382.7,895.0,801,979,1527.0,1446.4,821.6,475.8,71.9,1434.0,957,811,64
8_SM_002630,M,1765,85.8,443.9,1024.0,939,1077,1523.2,1437.8,808.4,483.1,68.7,1417.0,954,790,61
8_SM_002631,M,1704,66.1,400.1,950.0,757,929,1460.4,1389.6,808.7,477.7,69.3,1367.0,948,795,70
8_SM_002632,M,1804,76.6,396.4,909.0,842,1002,1559.1,1474.7,862.4,509.1,81.4,1447.0,980,830,72
8_SM_002633,M,1811,75.0,423.4,923.0,886,974,1568.7,1483.3,845.3,510.7,80.8,1470.0,987,827,69
8_SM_002634,M,1706,71.2,372.4,952.0,801,968,1478.6,1397.1,817.5,479.2,75.4,1394.0,934,787,76
8_SM_002635,M,1831,89.8,411.6,1064.0,874,1046,1579.0,1503.7,865.8,512.4,76.9,1490.0,983,842,77
8_SM_002636,M,1818,75.0,394.8,950.0,772,977,1584.0,1497.2,879.4,511.3,72.1,1467.0,984,863,73
8_SM_002637,M,1638,58.6,383.5,906.0,766,886,1414.4,1331.1,758.0,452.9,75.8,1308.0,874,733,69
8_SM_002638,M,1694,59.0,370.1,863.0,681,901,1457.0,1384.0,792.8,455.3,70.8,1361.0,890,767,60
8_SM_002639,M,1802,79.3,412.8,986.0,807,995,1555.7,1460.3,844.6,485.7,79.4,1456.0,978,826,72
8_SM_002640,M,1718,61.6,406.4,885.0,738,906,1540.4,1441.7,805.3,495.6,76.6,1363.0,921,777,66
8_SM_002641,M,1801,67.9,418.5,882.0,751,994,1532.8,1443.1,804.4,498.0,72.1,1413.0,944,789,64
8_SM_002642,M,1671,64.7,390.0,920.0,790,930,1427.3,1352.6,768.3,445.7,72.0,1346.0,914,761,71
8_SM_002643,M,1745,72.0,400.6,937.0,788,982,1484.5,1420.3,787.9,485.2,75.9,1393.0,938,776,70
8_SM_002644,M,1798,96.5,395.1,1097.0,1074,1080,1547.1,1464.7,786.3,480.8,72.7,1475.0,967,791,79
8_SM_002645,M,1721,62.9,406.2,860.0,716,929,1468.5,1393.3,762.2,451.3,73.4,1376.0,910,750,71
8_SM_002646,M,1758,82.1,388.3,1060.0,923,1025,1508.9,1424.4,784.2,466.4,71.1,1429.0,953,780,70
8_SM_002647,M,1754,68.6,395.7,938.0,772,958,1494.8,1420.1,796.8,452.5,70.1,1393.0,922,776,64
8_SM_002648,M,1746,77.3,380.7,968.0,885,1007,1475.9,1400.8,756.3,448.6,77.6,1376.0,919,747,74
8_SM_002649,M,1732,67.7,399.7,925.0,790,944,1483.9,1392.3,773.1,454.2,73.5,1381.0,935,772,73
8_SM_002650,M,1831,86.0,399.9,1023.0,822,1015,1593.9,1498.9,832.4,500.1,83.1,1498.0,995,814,79
8_SM_002651,M,1697,71.6,403.7,963.0,850,995,1447.7,1373.9,749.5,446.0,66.9,1351.0,900,735,66
8_SM_002652,M,1757,67.4,366.5,910.0,791,960,1510.2,1426.3,801.1,464.3,71.93,1426.0,948,787,70
8_SM_002653,M,1852,117.5,420.3,1173.0,1030,1137,1589.8,1539.4,866.1,520.3,84.5,1531.0,1023,855,83
8_SM_002654,M,1843,82.8,370.5,958.0,867,1025,1580.2,1512.1,831.8,501.4,77.6,1505.0,989,830,74
8_SM_002655,M,1779,96.6,420.3,1104.0,1028,1075,1514.1,1455.1,785.9,485.4,72.0,1459.0,961,784,74
8_SM_002656,M,1799,75.2,408.9,972.0,832,990,1543.3,1478.5,885.5,499.5,74.4,1459.0,1016,875,72
8_SM_002657,M,1721,65.2,364.8,940.0,823,946,1479.4,1380.3,763.6,456.8,68.4,1396.0,918,753,66
8_SM_002658,M,1714,66.7,383.8,951.0,800,940,1464.7,1384.2,817.5,475.7,73.6,1370.0,935,799,73
8_SM_002659,M,1855,79.7,415.3,987.0,840,1022,1602.2,1513.0,826.0,477.7,75.1,1489.0,981,807,73
8_SM_002660,M,1822,75.6,429.9,984.0,800,984,1562.1,1487.9,845.1,489.6,64.1,1466.0,988,835,64
8_SM_002661,M,1872,68.2,427.0,889.0,763,937,1628.6,1530.3,874.6,518.4,71.8,1506.0,1041,863,71
8_SM_002662,M,1785,86.8,406.8,1080.0,930,1016,1515.5,1443.1,792.0,463.7,76.7,1409.0,944,780,74
8_SM_002663,M,1699,68.9,356.3,915.0,800,960,1460.9,1399.9,753.4,450.0,72.4,1379.0,912,746,69
8_SM_002664,M,1643,64.7,376.4,922.0,802,945,1405.3,1325.2,733.3,432.3,70.2,1320.0,880,717,70
8_SM_002665,M,1703,72.0,354.3,963.0,827,970,1451.8,1390.9,765.6,452.8,73.0,1376.0,911,751,74
8_SM_002666,M,1794,88.3,376.1,1054.0,939,1035,1523.7,1472.4,809.4,479.5,76.9,1455.0,962,797,76
8_SM_002667,M,1727,52.2,356.0,765.0,652,858,1460.2,1392.8,776.5,450.7,71.1,1384.0,900,764,71
8_SM_002668,M,1800,70.0,398.4,962.0,802,958,1542.8,1443.9,829.6,482.7,73.6,1420.0,969,813,71
8_SM_002669,M,1738,80.6,382.1,973.0,918,1022,1492.5,1419.1,808.1,470.7,63.9,1407.0,950,791,57
8_SM_002670,M,1677,69.8,398.2,961.0,774,942,1439.1,1359.9,787.0,478.2,70.1,1348.0,903,763,68
8_SM_002671,M,1745,76.2,415.2,993.0,847,972,1492.1,1422.1,809.8,479.8,79.4,1412.0,958,793,75
8_SM_002672,M,1763,74.6,414.3,947.0,852,1007,1540.2,1449.9,853.9,498.5,73.8,1439.0,981,824,68
8_SM_002673,M,1774,81.9,402.5,1003.0,870,1048,1533.2,1453.2,815.1,493.4,82.4,1437.0,974,815,75
8_SM_002674,M,1754,77.7,354.4,976.0,847,1031,1515.5,1406.7,802.9,482.7,74.2,1402.0,952,798,67
8_SM_002675,M,1705,60.3,383.9,843.0,698,900,1468.5,1390.9,808.4,481.1,74.9,1383.0,924,785,69
8_SM_002676,M,1677,63.6,369.7,924.0,762,925,1419.3,1372.7,796.7,475.6,68.9,1367.0,903,766,63
8_SM_002677,M,1824,72.4,409.8,929.0,786,961,1578.4,1486.9,858.8,518.5,74.6,1476.0,1022,848,71
8_SM_002678,M,1720,73.2,405.9,945.0,849,987,1468.3,1371.9,771.2,463.6,65.7,1363.0,925,765,65
8_SM_002679,M,1775,74.9,394.7,967.0,870,974,1524.7,1443.4,845.3,506.9,65.1,1448.0,992,827,63
8_SM_002680,M,1691,66.4,401.5,922.0,800,949,1531.3,1444.0,845.6,509.8,65.8,1355.0,913,768,60
8_SM_002681,M,1746,61.4,405.8,861.0,766,910,1497.4,1383.1,807.8,456.2,65.4,1381.0,924,783,60
8_SM_002682,M,1623,49.9,392.7,832.0,708,855,1380.2,1302.7,761.6,441.0,68.0,1291.0,871,736,61
8_SM_002683,M,1742,83.2,391.3,1012.0,949,1037,1484.8,1420.1,777.2,477.5,74.9,1407.0,923,763,72
8_SM_002684,M,1721,74.4,387.2,964.0,874,984,1493.0,1411.9,811.7,482.4,77.4,1401.0,940,787,74
8_SM_002685,M,1702,76.1,406.3,945.0,936,1037,1459.8,1384.9,781.0,455.0,76.7,1357.0,909,766,71
8_SM_002686,M,1710,60.5,380.1,864.0,725,916,1473.7,1388.1,804.6,467.6,61.3,1373.0,911,767,58
8_SM_002687,M,1869,111.8,417.5,1106.0,1038,1137,1611.4,1539.8,854.5,518.2,87.3,1530.0,1014,845,81
8_SM_002688,M,1743,84.1,425.2,1034.0,902,1045,1499.8,1417.3,836.9,487.0,70.2,1401.0,949,808,66
8_SM_002689,M,1782,66.3,405.3,890.0,743,928,1561.5,1460.3,844.1,483.4,71.8,1460.0,974,832,68
8_SM_002690,M,1790,70.4,421.8,952.0,774,954,1538.5,1442.9,837.9,482.6,70.9,1419.0,980,815,62
8_SM_002691,M,1757,67.5,387.5,968.0,744,933,1513.3,1441.4,856.4,499.3,70.2,1428.0,980,837,63
8_SM_002692,M,1666,62.4,392.4,939.0,760,898,1436.3,1358.8,761.0,450.2,68.7,1332.0,910,744,65
8_SM_002693,M,1681,106.9,395.2,1228.0,1198,1151,1449.4,1382.7,753.1,454.9,79.6,1386.0,887,741,76
8_SM_002694,M,1688,82.6,387.6,1028.0,930,1058,1442.1,1368.1,801.8,452.1,77.5,1370.0,924,779,73
8_SM_002695,M,1669,68.5,376.6,949.0,818,963,1425.4,1341.1,787.3,450.5,72.1,1344.0,916,811,68
8_SM_002696,M,1742,71.8,408.2,923.0,832,989,1495.6,1408.6,803.9,465.5,75.6,1379.0,930,794,70
8_SM_002697,M,1734,76.3,420.4,959.0,849,994,1494.9,1417.7,870.3,500.9,74.4,1412.0,978,844,69
8_SM_002698,M,1896,80.4,424.9,940.0,841,1021,1651.1,1545.1,867.9,517.9,77.9,1522.0,983,847,73
8_SM_002699,M,1771,87.8,409.8,1081.0,964,1046,1507.4,1436.4,799.8,473.9,72.5,1450.0,941,786,71
8_SM_002700,M,1690,69.7,397.0,916.0,816,955,1439.8,1359.6,751.5,439.5,77.5,1341.0,872,730,76
8_SM_002701,M,1678,89.9,399.9,1107.0,959,1051,1446.8,1357.3,759.6,454.7,62.7,1371.0,892,744,62
8_SM_002702,M,1741,67.1,372.2,922.0,794,944,1508.2,1417.1,786.3,463.6,72.0,1431.0,930,772,71
8_SM_002703,M,1710,77.6,420.6,982.0,816,1011,1469.7,1404.8,839.1,479.0,72.7,1387.0,957,811,69
8_SM_002704,M,1803,64.1,409.8,929.0,769,916,1569.2,1488.1,865.2,495.7,62.4,1466.0,1000,843,59
8_SM_002705,M,1795,74.0,415.6,956.0,799,982,1555.7,1461.3,861.5,512.7,72.3,1440.0,974,823,66
8_SM_002706,M,1874,87.0,427.2,1009.0,860,1049,1627.9,1526.5,911.3,525.0,78.9,1534.0,1045,891,74
8_SM_002707,M,1750,82.9,372.7,1041.0,914,1012,1495.6,1426.8,836.3,501.4,74.8,1426.0,959,814,70
8_SM_002708,M,1765,68.8,405.1,990.0,776,946,1534.2,1436.9,830.6,499.8,73.8,1414.0,974,813,70
8_SM_002709,M,1721,56.5,378.1,876.0,702,885,1485.3,1409.1,810.8,471.0,62.7,1396.0,934,805,59
8_SM_002710,M,1797,97.4,370.5,1069.0,1000,1127,1559.5,1497.6,850.6,531.8,82.6,1492.0,1003,840,78
8_SM_002711,M,1788,63.4,402.1,887.0,724,927,1540.9,1455.5,812.0,490.1,73.8,1436.0,960,792,64
8_SM_002712,M,1670,60.9,386.1,872.0,769,948,1453.9,1367.9,792.5,462.4,64.5,1347.0,915,780,63
8_SM_002713,M,1706,68.5,374.2,917.0,820,945,1469.7,1398.1,815.0,485.5,73.2,1388.0,923,793,71
8_SM_002714,M,1806,88.6,389.1,1009.0,872,1034,1579.2,1492.4,856.3,503.0,72.0,1489.0,993,835,70
8_SM_002715,M,1777,83.3,415.5,990.0,870,1037,1534.2,1457.9,839.7,479.3,72.4,1448.0,958,799,69
8_SM_002716,M,1785,73.4,392.7,948.0,836,978,1549.0,1466.1,843.6,512.4,85.9,1460.0,989,833,81
8_SM_002717,M,1821,81.8,440.8,1004.0,849,984,1562.6,1477.1,879.8,509.8,78.7,1468.0,1022,860,80
8_SM_002718,M,1799,104.5,400.7,1119.0,1096,1136,1542.8,1476.3,832.1,503.8,79.0,1487.0,943,808,74
8_SM_002719,M,1695,57.9,379.4,872.0,711,902,1452.3,1375.0,808.4,469.9,58.9,1372.0,928,780,60
8_SM_002720,M,1620,62.6,380.2,903.0,789,935,1379.8,1304.7,737.8,436.4,70.6,1285.0,853,722,69
8_SM_002721,M,1744,77.2,409.7,1016.0,786,899,1500.8,1418.9,745.6,483.4,67.8,1424.0,947,785,63
8_SM_002722,M,1775,79.5,393.4,976.0,917,1024,1531.8,1449.2,815.1,492.7,73.7,1435.0,963,800,76
8_SM_002723,M,1706,110.4,356.8,1176.0,1260,1145,1441.4,1374.9,706.5,426.2,68.7,1387.0,874,713,73
8_SM_002724,M,1751,74.0,401.4,909.0,836,994,1501.7,1428.6,778.1,469.4,76.6,1402.0,935,772,74
8_SM_002725,M,1699,58.8,369.4,886.0,757,912,1453.4,1387.0,763.9,457.3,71.3,1360.0,915,755,68
8_SM_002726,M,1795,68.3,370.5,906.0,799,958,1545.3,1461.4,821.2,490.4,92.24,1441.0,980,809,60
8_SM_002727,M,1761,101.2,381.3,1065.0,1084,1153,1498.4,1450.9,787.6,492.8,80.6,1434.0,960,785,79
8_SM_002728,M,1853,78.6,395.4,965.0,814,1006,1607.0,1536.3,873.8,505.8,80.3,1517.0,1018,854,80
8_SM_002729,M,1836,80.9,395.1,988.0,828,988,1579.0,1502.0,858.2,523.5,80.3,1488.0,1022,852,77
8_SM_002730,M,1773,56.8,375.4,793.0,720,901,1537.1,1463.2,864.9,510.3,74.5,1436.0,1014,858,75
8_SM_002731,M,1761,84.5,393.2,994.0,955,1048,1514.3,1432.8,768.0,466.8,84.0,1421.0,950,754,80
8_SM_002732,M,1750,74.4,390.3,965.0,890,945,1506.3,1421.7,775.6,463.8,72.4,1410.0,944,768,71
8_SM_002733,M,1728,64.8,366.9,888.0,768,925,1485.5,1424.2,786.3,466.1,66.5,1430.0,940,767,63
8_SM_002734,M,1713,81.5,399.4,1101.0,910,1033,1454.4,1391.5,757.5,449.0,64.7,1390.0,944,753,62
8_SM_002735,M,1672,75.1,368.2,1040.0,965,998,1406.0,1377.1,756.9,459.3,74.0,1345.0,925,761,73
8_SM_002736,M,1807,65.7,371.3,888.0,692,910,1549.7,1486.2,836.2,477.5,74.1,1467.0,994,826,73
8_SM_002737,M,1830,67.2,390.6,873.0,735,931,1577.4,1493.1,820.9,492.3,70.4,1480.0,974,813,67
8_SM_002738,M,1804,78.4,405.1,950.0,955,998,1554.6,1470.7,793.4,479.5,79.3,1460.0,962,782,78
8_SM_002739,M,1869,81.6,370.2,999.0,821,990,1619.4,1539.6,887.1,533.1,83.4,1545.0,1048,876,83
8_SM_002740,M,1694,66.3,364.2,961.0,844,922,1445.9,1383.7,755.7,454.2,68.8,1368.0,922,746,66
8_SM_002741,M,1711,79.7,403.0,1047.0,850,1016,1461.6,1386.8,751.6,447.3,72.9,1372.0,932,743,68
8_SM_002742,M,1746,69.0,364.4,881.0,869,951,1501.4,1424.5,767.5,461.5,69.4,1427.0,957,761,64
8_SM_002743,M,1724,64.0,353.2,880.0,720,907,1488.7,1418.2,795.0,482.4,78.6,1418.0,940,779,75
8_SM_002744,M,1738,67.5,399.1,886.0,807,955,1494.6,1420.0,795.5,467.8,68.0,1385.0,947,779,67
8_SM_002745,M,1780,59.8,383.8,950.0,709,875,1518.2,1448.7,777.4,465.5,71.9,1436.0,951,762,69
8_SM_002746,M,1659,53.9,365.5,830.0,705,892,1412.6,1347.0,711.4,447.8,70.5,1323.0,867,705,67
8_SM_002747,M,1798,81.1,387.7,1013.0,913,1029,1531.4,1469.4,772.5,488.0,72.0,1477.0,968,774,71
8_SM_002748,M,1730,68.9,408.3,965.0,767,934,1489.2,1405.6,809.3,475.7,64.9,1381.0,931,778,62
8_SM_002749,M,1750,65.8,395.2,907.0,723,917,1512.0,1431.8,835.4,502.2,70.6,1446.0,969,813,69
8_SM_002750,M,1812,69.4,426.7,878.0,804,949,1575.8,1466.2,848.7,496.1,78.2,1436.0,968,817,73
8_SM_002751,M,1746,73.1,398.1,961.0,803,974,1497.7,1421.5,807.5,483.9,72.2,1422.0,945,787,67
8_SM_002752,M,1746,70.3,384.9,944.0,805,961,1575.4,1465.9,849.5,497.1,76.7,1428.0,957,810,68
8_SM_002753,M,1747,75.9,403.8,974.0,817,986,1499.0,1404.6,797.9,460.3,73.7,1410.0,932,719,70
8_SM_002754,M,1732,64.3,399.6,881.0,777,927,1478.7,1399.0,827.5,488.4,72.5,1386.0,964,810,70
8_SM_002755,M,1776,77.1,415.4,964.0,850,985,1528.4,1447.2,821.0,485.4,79.0,1446.0,959,808,76
8_SM_002756,M,1788,75.3,380.7,949.0,823,972,1548.3,1466.1,821.1,498.4,71.6,1454.0,960,825,68
8_SM_002757,M,1684,74.4,385.9,975.0,878,989,1438.5,1365.1,779.7,462.1,66.5,1361.0,913,761,62
8_SM_002758,M,1739,62.8,404.2,898.0,734,914,1503.1,1412.5,803.8,471.5,70.9,1385.0,938,778,68
8_SM_002759,M,1691,67.2,405.7,904.0,806,978,1461.6,1378.9,789.5,445.4,68.4,1348.0,924,781,67
8_SM_002760,M,1761,69.6,400.0,922.0,808,976,1517.9,1429.0,805.5,475.2,68.7,1390.0,940,786,67
8_SM_002761,M,1806,79.7,427.8,990.0,858,970,1551.3,1472.2,861.0,508.6,81.1,1429.0,1000,853,70
8_SM_002762,M,1754,70.9,415.4,954.0,882,974,1497.1,1426.7,820.6,483.5,71.0,1416.0,944,797,69
8_SM_002763,M,1716,66.9,395.1,830.0,849,955,1478.9,1383.0,798.9,471.7,73.7,1381.0,925,777,70
8_SM_002764,M,1716,77.8,400.5,1019.0,918,1021,1468.0,1398.3,761.0,467.9,80.6,1388.0,925,771,78
8_SM_002765,M,1840,77.4,417.7,937.0,808,977,1602.4,1508.9,848.3,493.3,79.1,1478.0,990,834,74
8_SM_002766,M,1798,69.7,410.8,907.0,808,951,1565.9,1462.2,875.2,501.1,74.0,1463.0,989,853,70
8_SM_002767,M,1687,64.3,395.2,923.0,757,825,1449.5,1372.7,772.4,458.8,68.2,1341.0,916,760,63
8_SM_002768,M,1755,72.9,407.7,960.0,783,956,1523.1,1423.4,811.8,500.0,70.8,1430.0,967,817,69
8_SM_002769,M,1746,67.6,416.6,909.0,788,938,1503.3,1417.2,802.9,472.6,87.5,1419.0,934,789,81
8_SM_002770,M,1718,71.3,377.9,1004.0,873,962,1477.5,1399.0,767.7,474.1,67.4,1413.0,926,774,64
8_SM_002771,M,1744,65.3,396.7,918.0,764,948,1512.9,1407.1,798.8,486.2,72.6,1397.0,942,791,69
8_SM_002772,M,1713,77.4,419.6,1011.0,910,1008,1483.2,1391.3,776.4,483.3,81.6,1368.0,919,777,69
8_SM_002773,M,1632,89.2,398.9,1144.0,1057,1073,1391.8,1328.9,703.2,440.0,68.2,1336.0,865,703,66
8_SM_002774,M,1828,80.4,400.8,1001.0,864,1018,1586.0,1499.3,820.4,497.2,78.8,1489.0,966,813,63
8_SM_002775,M,1756,75.2,395.1,979.0,855,971,1516.4,1426.4,836.6,502.5,76.8,1425.0,970,826,71
8_SM_002776,M,1750,80.8,411.6,997.0,908,984,1508.1,1424.0,758.7,481.1,79.7,1412.0,929,758,74
8_SM_002777,M,1706,65.8,395.4,901.0,789,942,1481.4,1394.5,786.9,466.2,65.2,1471.0,921,778,60
8_SM_002778,M,1776,73.3,422.0,967.0,852,985,1539.4,1453.0,820.5,503.3,70.1,1429.0,965,825,67
8_SM_002779,M,1813,66.0,362.5,901.0,702,928,1561.2,1464.7,834.4,489.8,83.0,1463.0,965,826,78
8_SM_002780,M,1770,71.5,374.8,937.0,799,963,1530.3,1446.6,820.3,498.4,68.3,1464.0,972,836,66
8_SM_002781,M,1805,69.8,411.4,799.0,805,939,1569.2,1460.1,848.3,512.1,80.2,1452.0,999,842,77
8_SM_002782,M,1722,76.9,378.9,986.0,858,1022,1492.1,1414.5,810.8,496.2,72.3,1414.0,960,816,71
8_SM_002783,M,1723,57.2,385.2,856.0,718,906,1482.6,1398.8,778.9,466.4,63.2,1385.0,935,775,60
8_SM_002784,M,1799,100.6,422.7,1179.0,921,1062,1547.8,1491.2,814.8,486.1,70.4,1460.0,967,818,67
8_SM_002785,M,1613,57.1,347.8,894.0,824,889,1365.0,1289.1,691.6,424.9,62.8,1273.0,818,703,61
8_SM_002786,M,1746,85.1,388.9,1006.0,939,1068,1516.2,1435.1,820.2,498.7,75.3,1423.0,959,813,72
8_SM_002787,M,1692,77.1,380.2,986.0,914,1000,1437.3,1372.3,767.5,444.6,72.7,1367.0,897,767,67
8_SM_002788,M,1727,78.9,404.2,1048.0,878,990,1479.0,1406.8,794.1,496.7,63.7,1399.0,946,806,61
8_SM_002789,M,1703,80.6,379.7,1025.0,969,997,1466.8,1388.7,755.8,456.5,66.1,1383.0,916,757,62
8_SM_002790,M,1857,73.4,397.6,971.0,746,962,1600.5,1531.0,845.9,513.3,84.0,1514.0,986,846,80
8_SM_002791,M,1686,76.4,399.3,949.0,894,1032,1437.1,1375.8,762.0,460.2,65.6,1350.0,912,763,57
8_SM_002792,M,1732,60.1,378.7,847.0,702,899,1485.8,1409.1,791.9,488.0,71.1,1403.0,946,797,68
8_SM_002793,M,1856,82.4,425.2,980.0,855,1030,1605.3,1516.5,859.1,510.4,78.9,1500.0,1016,852,79
8_SM_002794,M,1641,58.9,385.0,920.0,779,903,1408.5,1328.6,756.9,456.0,63.5,1296.0,872,740,62
8_SM_002795,M,1815,83.1,426.0,1062.0,881,1053,1562.5,1457.6,830.3,489.8,75.7,1458.0,983,832,72
8_SM_002796,M,1761,68.5,411.7,898.0,822,960,1520.6,1415.3,800.9,475.8,70.3,1422.0,942,794,67
8_SM_002797,M,1897,77.0,414.7,962.0,780,954,1649.3,1543.5,888.7,539.6,71.4,1522.0,1042,894,71
8_SM_002798,M,1684,72.1,406.1,947.0,900,971,1457.4,1371.0,767.2,474.3,74.4,1353.0,906,759,73
8_SM_002799,M,1857,86.0,399.2,1024.0,870,1043,1604.8,1518.7,829.7,481.2,66.3,1484.0,977,820,69
8_SM_002800,M,1755,71.1,408.1,952.0,758,953,1501.5,1428.0,789.4,461.1,74.7,1394.0,931,773,70
8_SM_002801,M,1733,83.9,394.1,1095.0,894,968,1482.3,1420.8,760.7,481.9,75.7,1413.0,937,750,75
8_SM_002802,M,1755,67.9,385.1,956.0,830,942,1512.1,1429.6,788.2,460.2,72.0,1401.0,943,773,70
8_SM_002803,M,1660,93.1,370.3,1125.0,1069,1090,1397.7,1344.1,702.4,437.8,68.0,1330.0,887,692,71
8_SM_002804,M,1858,87.9,397.6,1009.0,852,1031,1600.8,1517.8,839.0,499.6,81.4,1507.0,993,820,80
8_SM_002805,M,1765,67.7,404.9,930.0,803,956,1528.9,1449.2,806.1,469.6,62.1,1416.0,962,795,61
8_SM_002806,M,1724,66.2,365.8,938.0,774,920,1491.5,1413.6,792.5,460.3,70.8,1383.0,952,786,67
8_SM_002807,M,1834,87.4,407.4,1007.0,869,1002,1579.4,1484.5,832.8,509.8,81.2,1464.0,995,817,77
8_SM_002808,M,1770,86.3,376.4,1065.0,802,1045,1533.3,1463.7,803.7,476.0,70.3,1452.0,953,788,68
8_SM_002809,M,1765,76.0,399.5,976.0,838,980,1516.5,1438.8,786.2,463.2,67.8,1426.0,934,777,65
8_SM_002810,M,1803,83.6,416.9,1004.0,875,1018,1539.6,1465.0,806.2,488.6,78.6,1453.0,960,795,74
8_SM_002811,M,1751,73.0,385.2,970.0,805,968,1503.4,1427.1,806.3,478.9,71.1,1412.0,960,804,70
8_SM_002812,M,1812,90.0,400.8,1035.0,936,1050,1541.3,1468.2,805.9,467.8,75.3,1444.0,972,806,72
8_SM_002813,M,1713,67.6,358.4,935.0,765,954,1463.9,1390.7,784.3,448.1,74.9,1376.0,917,774,71
8_SM_002814,M,1803,76.2,390.7,965.0,845,1004,1550.6,1470.6,824.7,489.6,74.3,1450.0,966,809,68
8_SM_002815,M,1660,66.7,385.4,940.0,760,920,1409.5,1348.7,744.1,431.5,67.9,1336.0,855,723,65
8_SM_002816,M,1735,77.7,385.1,978.0,858,1020,1466.5,1411.5,811.4,474.7,67.2,1412.0,968,803,65
8_SM_002817,M,1742,76.1,361.1,909.0,860,1015,1490.9,1422.6,792.5,461.3,72.0,1418.0,948,782,67
8_SM_002818,M,1681,76.1,366.1,970.0,901,1015,1444.2,1370.0,731.8,445.5,77.7,1368.0,877,723,73
8_SM_002819,M,1714,68.8,364.1,914.0,786,984,1455.9,1391.3,765.0,440.8,74.8,1380.0,905,755,71
8_SM_002820,M,1783,94.6,412.6,1106.0,1038,1084,1553.2,1458.2,773.1,486.9,79.5,1447.0,975,770,78
8_SM_002821,M,1751,73.6,384.2,958.0,872,954,1488.0,1414.0,768.0,444.6,77.5,1420.0,914,769,72
8_SM_002822,M,1701,81.0,401.7,1015.0,927,1029,1458.4,1396.6,769.8,460.6,76.6,1380.0,936,769,70
8_SM_002823,M,1795,90.5,371.1,1040.0,960,1040,1555.5,1483.1,823.2,487.1,72.5,1493.0,992,816,69
8_SM_002824,M,1800,74.6,411.3,952.0,883,983,1551.7,1468.5,846.3,507.5,77.4,1467.0,978,843,74
8_SM_002825,M,1739,70.0,427.6,979.0,849,958,1511.3,1440.2,808.2,493.1,77.5,1405.0,954,804,73
8_SM_002826,M,1678,84.9,397.2,1105.0,983,1030,1429.9,1369.8,720.3,460.6,69.9,1372.0,894,726,66
8_SM_002827,M,1807,81.2,410.0,1029.0,854,1016,1561.6,1481.6,845.7,511.8,70.1,1469.0,996,840,68
8_SM_002828,M,1718,83.6,409.2,1041.0,948,1034,1463.5,1384.0,728.5,460.2,78.7,1369.0,883,734,74
8_SM_002829,M,1801,69.8,421.5,952.0,748,983,1555.0,1442.6,810.3,473.9,71.2,1411.0,960,809,70
8_SM_002830,M,1656,69.0,382.6,949.0,880,976,1422.2,1336.2,765.8,447.5,68.7,1348.0,900,768,67
8_SM_002831,M,1725,74.8,396.5,978.0,864,1002,1499.0,1422.5,806.8,482.7,71.0,1407.0,942,802,67
8_SM_002832,M,1732,81.6,397.7,1014.0,902,1036,1505.7,1412.2,764.0,455.5,80.6,1406.0,919,765,71
8_SM_002833,M,1694,66.2,385.5,972.0,840,900,1476.1,1395.8,782.2,482.7,63.1,1377.0,931,779,61
8_SM_002834,M,1802,74.8,415.8,972.0,858,971,1584.3,1488.4,831.2,499.0,80.0,1492.0,972,831,77
8_SM_002835,M,1741,72.2,406.9,1011.0,843,944,1491.8,1410.2,767.7,463.9,73.6,1400.0,918,769,71
8_SM_002836,M,1716,73.7,418.9,978.0,868,985,1467.1,1390.5,783.4,489.8,71.5,1361.0,933,780,68
8_SM_002837,M,1747,69.5,398.0,899.0,791,968,1497.2,1419.0,813.6,483.4,74.4,1412.0,938,805,70
8_SM_002838,M,1691,66.4,420.2,952.0,757,943,1460.5,1357.2,750.9,443.3,64.4,1341.0,902,749,69
8_SM_002839,M,1812,73.0,376.9,908.0,789,964,1573.3,1497.0,841.4,493.0,75.9,1480.0,990,844,75
8_SM_002840,M,1725,63.9,399.9,885.0,736,976,1482.2,1404.2,779.4,451.4,71.6,1408.0,909,780,69
8_SM_002841,M,1820,79.9,398.0,1021.0,832,1017,1551.5,1461.7,834.1,498.3,79.5,1466.0,959,835,75
8_SM_002842,M,1791,95.3,419.9,1053.0,1020,1115,1538.5,1469.4,806.6,494.6,74.6,1447.0,976,811,71
8_SM_002843,M,1707,56.8,391.0,880.0,710,885,1468.2,1377.0,787.2,466.5,67.6,1345.0,928,774,67
8_SM_002844,M,1694,64.8,378.5,918.0,789,911,1455.9,1376.6,779.9,464.2,73.9,1360.0,923,781,71
8_SM_002845,M,1794,85.2,417.0,1011.0,883,1065,1566.3,1461.8,818.2,487.7,73.8,1451.0,954,815,73
8_SM_002846,M,1761,66.9,406.1,962.0,800,936,1522.7,1441.5,838.7,475.5,66.8,1429.0,961,827,63
8_SM_002847,M,1799,87.3,414.6,1015.0,967,1044,1580.9,1495.7,801.0,494.1,80.1,1469.0,959,803,72
8_SM_002848,M,1779,88.8,397.8,1069.0,968,1033,1535.0,1451.3,844.2,483.1,72.0,1435.0,983,840,65
8_SM_002849,M,1862,81.8,436.7,1006.0,872,1014,1619.7,1513.0,864.9,525.0,74.5,1506.0,1043,859,69
8_SM_002850,M,1705,71.8,383.5,938.0,807,1010,1473.1,1382.1,777.8,460.4,72.1,1373.0,925,783,66
8_SM_002851,M,1763,77.1,410.1,1039.0,853,1010,1537.8,1443.0,816.7,502.7,81.8,1442.0,968,816,76
8_SM_002852,M,1795,77.9,416.9,991.0,809,994,1560.9,1472.9,829.3,496.7,74.9,1473.0,967,829,72
8_SM_002853,M,1697,83.2,397.9,1026.0,926,1022,1466.4,1392.3,721.4,444.4,66.7,1381.0,880,734,61
8_SM_002854,M,1770,66.4,412.9,890.0,752,934,1519.0,1430.0,792.8,458.6,75.0,1398.0,930,797,74
8_SM_002855,M,1707,59.1,359.5,865.0,733,884,1472.5,1390.4,758.9,469.9,68.4,1368.0,904,755,64
8_SM_002856,M,1769,84.4,398.8,1002.0,921,1071,1535.4,1447.9,761.5,492.7,77.7,1440.0,952,786,73
8_SM_002857,M,1821,81.3,383.5,970.0,870,1017,1582.8,1475.7,794.9,499.4,76.0,1467.0,966,797,73
8_SM_002858,M,1686,85.4,411.6,1074.0,944,1030,1434.1,1384.7,726.4,454.7,77.7,1374.0,895,734,75
8_SM_002859,M,1730,80.1,402.2,1014.0,913,977,1492.5,1404.7,765.2,459.2,73.1,1405.0,924,768,62
8_SM_002860,M,1811,71.7,385.7,964.0,835,926,1569.0,1468.7,840.7,520.4,79.0,1480.0,1008,848,71
8_SM_002861,M,1710,81.6,400.9,1006.0,937,1043,1481.8,1386.4,765.7,459.9,69.7,1361.0,900,748,66
8_SM_002862,M,1818,93.7,385.0,1053.0,952,1102,1569.6,1489.1,799.7,491.6,78.8,1477.0,968,820,75
8_SM_002863,M,1763,81.5,411.7,1021.0,866,1034,1520.5,1443.8,768.2,480.8,60.9,1426.0,936,788,59
8_SM_002864,M,1731,79.0,411.4,1020.0,832,987,1495.1,1399.8,775.4,469.4,74.5,1390.0,925,769,70
8_SM_002865,M,1862,93.1,440.1,1048.0,897,1032,1607.0,1523.1,872.6,529.2,79.5,1312.0,1040,878,76
8_SM_002866,M,1737,69.8,383.5,972.0,775,944,1502.8,1433.1,803.9,490.8,74.9,1430.0,940,792,73
8_SM_002867,M,1805,77.3,395.9,1007.0,782,950,1561.2,1468.2,827.4,514.8,80.4,1473.0,987,837,78
8_SM_002868,M,1709,74.3,401.9,996.0,810,939,1478.2,1390.4,786.3,455.9,68.3,1389.0,905,785,63
8_SM_002869,M,1672,57.8,371.7,853.0,739,895,1445.5,1355.9,761.8,464.4,67.6,1340.0,908,762,63
8_SM_002870,M,1785,88.2,383.2,1062.0,983,1032,1544.9,1462.4,792.1,490.9,73.7,1478.0,943,795,70
8_SM_002871,M,1743,65.1,427.2,899.0,798,905,1488.1,1398.4,782.6,458.7,65.2,1387.0,929,775,63
8_SM_002872,M,1722,77.3,395.5,963.0,889,990,1471.3,1391.7,785.1,480.6,70.4,1398.0,946,789,68
8_SM_002873,M,1787,88.7,387.4,1036.0,965,1050,1548.4,1461.2,798.2,504.2,88.5,1442.0,964,813,83
8_SM_002874,M,1762,82.0,389.9,1019.0,965,970,1525.8,1449.6,789.2,473.4,77.1,1437.0,936,787,72
8_SM_002875,M,1699,56.0,378.4,845.0,685,875,1467.8,1390.9,796.1,471.8,67.9,1359.0,917,784,64
8_SM_002876,M,1744,80.8,393.0,964.0,895,1052,1504.8,1424.0,778.9,479.1,78.0,1399.0,940,771,73
8_SM_002877,M,1825,96.5,408.1,1055.0,969,1068,1564.4,1485.7,818.8,491.5,79.7,1476.0,969,810,76
8_SM_002878,M,1733,63.6,349.1,865.0,727,910,1485.6,1421.2,804.9,468.0,78.8,1415.0,944,787,77
8_SM_002879,M,1754,72.8,376.6,937.0,772,960,1495.7,1431.0,797.9,481.9,77.1,1425.0,953,779,77
8_SM_002880,M,1807,85.6,431.0,987.0,879,1064,1559.3,1467.3,785.2,474.4,73.4,1432.0,946,776,68
8_SM_002881,M,1753,81.6,384.1,1002.0,896,1001,1510.0,1435.8,787.9,488.3,75.3,1421.0,956,781,73
8_SM_002882,M,1781,56.8,390.0,826.0,675,867,1535.3,1453.2,811.6,484.9,74.7,1429.0,963,798,73
8_SM_002883,M,1757,73.0,375.0,1002.0,826,967,1512.3,1430.7,805.5,490.5,81.8,1403.0,950,798,80
8_SM_002884,M,1751,77.7,390.9,998.0,908,1019,1490.4,1428.6,796.2,471.7,74.9,1426.0,964,795,72
8_SM_002885,M,1637,71.3,319.5,977.0,982,979,1408.0,1344.6,750.4,456.3,69.1,1337.0,886,734,68
8_SM_002886,M,1656,65.2,349.8,884.0,793,945,1406.6,1346.5,746.7,449.3,75.9,1328.0,903,729,70
8_SM_002887,M,1759,81.3,362.3,1024.0,952,972,1508.0,1434.2,815.5,470.0,78.9,1447.0,965,803,76
8_SM_002888,M,1775,67.5,353.5,967.0,730,930,1528.0,1461.3,812.0,473.1,71.4,1466.0,968,794,68
8_SM_002889,M,1752,87.4,375.2,1020.0,924,1046,1489.7,1413.7,758.3,445.5,73.9,1413.0,918,752,79
8_SM_002890,M,1799,97.3,353.5,1074.0,1010,1115,1553.3,1477.2,813.8,476.9,77.4,1464.0,969,808,76
8_SM_002891,M,1725,92.4,371.2,1048.0,1017,1076,1459.8,1407.4,768.8,449.1,80.4,1421.0,939,766,71
8_SM_002892,M,1677,85.5,391.9,1039.0,947,1081,1438.8,1379.0,738.7,444.2,76.1,1350.0,888,727,75
8_SM_002893,M,1782,76.8,374.6,931.0,835,1004,1531.8,1456.8,797.9,467.1,77.2,1455.0,967,796,78
8_SM_002894,M,1689,67.5,367.9,940.0,821,924,1454.4,1386.3,763.6,454.2,73.5,1365.0,927,754,72
8_SM_002895,M,1714,70.0,365.2,920.0,833,950,1463.4,1404.6,770.0,464.1,79.2,1383.0,923,760,79
8_SM_002896,M,1636,52.2,328.4,802.0,693,892,1412.4,1315.4,746.8,439.6,65.9,1285.0,866,720,67
8_SM_002897,M,1751,62.4,391.2,872.0,756,912,1501.1,1443.1,794.8,475.7,73.5,1420.0,944,783,73
8_SM_002898,M,1840,86.6,403.4,990.0,825,1003,1599.5,1508.0,833.2,479.2,81.7,1480.0,976,820,81
8_SM_002899,M,1801,89.8,376.6,1045.0,959,1027,1546.7,1470.4,835.8,486.6,85.2,1472.0,997,827,78
8_SM_002900,M,1752,69.8,374.4,955.0,817,965,1510.6,1417.0,777.0,454.3,76.1,1397.0,927,760,73
8_SM_002901,M,1729,72.2,359.5,945.0,829,981,1508.1,1431.3,774.6,478.3,72.1,1409.0,944,755,72
8_SM_002902,M,1672,63.3,350.6,935.0,798,915,1428.8,1360.7,759.1,437.4,71.4,1342.0,895,745,69
8_SM_002903,M,1685,62.9,371.9,893.0,750,890,1441.1,1363.3,743.9,425.3,64.6,1352.0,895,730,67
8_SM_002904,M,1781,91.3,393.2,1032.0,918,1049,1545.0,1455.1,781.0,472.9,81.8,1437.0,936,770,76
8_SM_002905,M,1818,81.5,425.8,1000.0,813,1006,1566.9,1487.7,829.1,486.9,75.4,1458.0,977,815,76
8_SM_002906,M,1807,69.3,388.1,966.0,822,925,1560.3,1490.2,848.9,515.5,74.6,1490.0,1010,862,71
8_SM_002907,M,1790,73.2,421.5,970.0,807,988,1556.2,1465.5,813.4,494.5,72.7,1446.0,973,816,70
8_SM_002908,M,1720,76.9,410.6,995.0,803,1009,1480.7,1384.7,765.5,465.9,74.0,1395.0,910,773,63
8_SM_002909,M,1676,51.3,383.8,802.0,684,834,1445.3,1354.0,779.5,465.9,66.6,1343.0,930,793,64
8_SM_002910,M,1653,74.5,393.3,955.0,880,1020,1426.7,1340.6,733.7,442.3,72.9,1331.0,890,733,67
8_SM_002911,M,1732,85.8,421.5,1023.0,965,1020,1502.9,1422.7,784.0,480.2,70.9,1416.0,947,786,66
8_SM_002912,M,1698,55.4,381.9,837.0,715,865,1466.8,1376.4,768.7,459.9,74.2,1370.0,909,763,70
8_SM_002913,M,1832,86.5,398.6,1034.0,920,1000,1586.2,1495.8,846.3,492.7,76.2,1493.0,985,846,74
8_SM_002914,M,1742,83.3,409.0,1065.0,920,1016,1499.9,1433.3,797.2,494.5,67.8,1413.0,972,816,62
8_SM_002915,M,1768,75.5,387.7,922.0,878,988,1528.4,1447.8,795.3,486.1,75.9,1436.0,958,800,73
8_SM_002916,M,1715,80.2,400.0,969.0,955,1005,1471.7,1388.3,772.3,454.1,76.6,1378.0,937,781,70
8_SM_002917,M,1738,75.2,398.1,985.0,866,999,1481.7,1415.5,810.1,471.6,72.8,1408.0,967,815,71
8_SM_002918,M,1750,66.8,388.8,880.0,797,967,1510.9,1426.7,791.2,478.2,71.5,1423.0,932,775,68
8_SM_002919,M,1676,65.5,396.5,907.0,775,942,1450.0,1375.0,794.9,468.7,67.9,1353.0,941,789,64
8_SM_002920,M,1753,63.7,385.5,888.0,749,925,1513.0,1447.6,814.8,508.9,80.2,1419.0,963,809,77
8_SM_002921,M,1748,76.1,407.8,985.0,785,974,1502.6,1414.8,819.9,497.3,79.0,1411.0,964,825,75
8_SM_002922,M,1684,86.8,378.8,1047.0,936,1084,1449.6,1370.5,761.8,463.8,72.1,1384.0,916,758,71
8_SM_002923,M,1787,79.3,396.9,965.0,844,1055,1545.6,1455.5,805.4,479.1,76.7,1440.0,949,790,75
8_SM_002924,M,1756,74.5,414.5,958.0,844,967,1504.2,1425.6,775.4,453.9,70.7,1430.0,910,766,67
8_SM_002925,M,1745,66.0,383.1,932.0,764,919,1517.6,1441.5,808.5,481.8,75.3,1419.0,930,805,71
8_SM_002926,M,1735,76.0,410.4,960.0,867,973,1499.8,1412.0,776.2,481.2,71.1,1393.0,936,778,69
8_SM_002927,M,1764,114.1,402.1,1194.0,1139,1176,1522.0,1465.5,794.1,489.5,80.5,1480.0,945,800,78
8_SM_002928,M,1828,83.6,413.0,949.0,863,1041,1585.1,1493.3,817.2,505.9,71.7,1491.0,985,824,68
8_SM_002929,M,1680,66.9,395.2,882.0,832,943,1439.6,1354.8,752.4,474.3,75.2,1333.0,985,745,66
8_SM_002930,M,1843,80.9,424.3,1024.0,886,1040,1607.7,1516.4,879.1,502.8,72.5,1503.0,1014,860,67
8_SM_002931,M,1837,90.7,410.2,1050.0,916,1028,1602.1,1514.6,833.3,529.7,87.1,1526.0,985,834,83
8_SM_002932,M,1701,95.4,397.3,1132.0,1095,1061,1457.9,1392.4,761.4,479.5,72.9,1398.0,893,760,69
8_SM_002933,M,1814,62.3,407.8,887.0,666,881,1575.6,1474.8,864.9,516.2,66.7,1455.0,1005,853,65
8_SM_002934,M,1754,92.4,406.9,1061.0,976,1064,1506.0,1442.0,766.6,476.8,77.2,1439.0,935,785,70
8_SM_002935,M,1809,77.9,423.8,956.0,814,982,1566.3,1490.8,840.5,505.3,73.8,1469.0,995,850,70
8_SM_002936,M,1645,65.9,384.5,957.0,836,942,1417.4,1335.6,744.4,460.5,70.4,1325.0,899,796,63
8_SM_002937,M,1672,58.5,398.9,877.0,738,895,1427.9,1349.4,750.8,455.9,63.9,1321.0,894,745,60
8_SM_002938,M,1779,75.4,418.3,985.0,782,969,1530.9,1459.8,816.9,492.4,78.1,1437.0,945,804,77
8_SM_002939,M,1736,59.3,383.3,895.0,737,870,1484.0,1415.2,812.6,485.9,66.1,1412.0,956,803,65
8_SM_002940,M,1795,87.2,419.6,1038.0,945,1047,1561.6,1464.8,829.1,491.6,80.3,1470.0,985,825,74
8_SM_002941,M,1720,62.2,397.7,896.0,806,956,1478.7,1371.5,769.0,440.8,67.7,1383.0,909,766,65
8_SM_002942,M,1822,75.1,415.6,951.0,855,968,1568.3,1485.9,793.9,495.3,79.6,1483.0,984,805,76
8_SM_002943,M,1881,100.5,447.0,1045.0,1045,1070,1636.7,1535.0,835.5,512.1,81.1,1534.0,1010,829,75
8_SM_002944,M,1732,72.1,389.9,933.0,793,965,1488.1,1419.1,803.6,482.5,73.5,1415.0,957,784,72
8_SM_002945,M,1716,85.1,383.0,1022.0,929,1083,1485.9,1409.9,790.7,484.0,78.1,1401.0,959,801,74
8_SM_002946,M,1632,71.3,387.6,927.0,892,987,1393.2,1317.8,746.1,460.0,67.5,1301.0,894,759,64
8_SM_002947,M,1752,82.6,404.7,998.0,888,1007,1515.3,1434.6,794.9,471.4,67.1,1433.0,955,801,64
8_SM_002948,M,1742,73.4,372.3,954.0,834,963,1512.4,1417.2,791.6,487.7,76.5,1426.0,944,787,72
8_SM_002949,M,1801,88.7,392.9,1007.0,915,1077,1565.9,1472.6,834.8,505.9,83.2,1470.0,999,846,79
8_SM_002950,M,1689,61.9,383.3,887.0,746,951,1468.7,1373.3,769.3,473.8,72.7,1375.0,924,783,69
8_SM_002951,M,1787,75.3,419.4,1006.0,788,970,1523.4,1448.5,828.2,485.2,68.4,1455.0,977,823,63
8_SM_002952,M,1713,75.3,378.2,952.0,812,1001,1480.2,1404.4,807.1,475.0,73.9,1407.0,942,790,72
8_SM_002953,M,1636,65.4,371.2,931.0,798,945,1399.1,1341.3,730.4,441.0,69.9,1329.0,887,725,72
8_SM_002954,M,1748,67.5,380.2,920.0,785,948,1500.5,1418.0,810.3,491.7,74.2,1431.0,949,801,69
8_SM_002955,M,1733,56.1,390.5,856.0,664,895,1512.3,1409.6,788.1,459.7,70.4,1394.0,929,785,68
8_SM_002956,M,1707,65.8,394.4,880.0,728,950,1469.2,1393.1,781.5,464.6,66.8,1369.0,930,775,65
8_SM_002957,M,1786,85.7,410.5,982.0,870,1061,1529.6,1453.6,824.2,480.0,74.8,1433.0,984,813,72
8_SM_002958,M,1787,73.2,389.5,1024.0,778,965,1531.3,1464.1,824.4,474.8,79.4,1454.0,973,805,75
8_SM_002959,M,1644,55.5,364.9,844.0,745,880,1415.0,1339.1,764.7,450.8,72.7,1330.0,904,760,70
8_SM_002960,M,1671,57.4,349.0,851.0,704,873,1423.4,1367.5,786.3,460.6,73.2,1347.0,917,773,71
8_SM_002961,M,1734,82.2,375.8,1046.0,772,998,1490.2,1414.1,803.3,453.6,71.9,1408.0,929,785,73
8_SM_002962,M,1692,69.9,369.2,954.0,802,968,1442.1,1383.9,775.1,455.8,68.0,1377.0,916,759,65
8_SM_002963,M,1745,74.1,395.9,970.0,832,974,1490.6,1427.0,798.6,465.0,74.9,1421.0,946,786,71
8_SM_002964,M,1738,76.0,407.6,1025.0,851,971,1484.1,1426.3,786.1,476.8,77.3,1397.0,957,775,74
8_SM_002965,M,1790,80.7,384.9,982.0,918,1023,1549.6,1472.4,819.1,493.6,77.0,1475.0,978,809,75
8_SM_002966,M,1734,70.8,374.0,905.0,775,950,1485.2,1411.9,811.7,463.2,70.6,1413.0,947,796,69
8_SM_002967,M,1791,82.8,404.8,1035.0,877,1021,1546.2,1470.4,827.6,479.6,77.3,1454.0,970,812,74
8_SM_002968,M,1728,80.5,365.9,982.0,905,1026,1486.6,1418.5,764.0,444.4,69.0,1397.0,928,757,70
8_SM_002969,M,1790,66.6,379.1,890.0,729,893,1549.2,1453.9,824.8,484.3,83.5,1443.0,982,813,80
8_SM_002970,M,1695,79.4,354.2,988.0,899,1038,1456.3,1399.7,793.5,462.1,77.6,1390.0,930,765,75
8_SM_002971,M,1797,72.6,369.4,953.0,783,942,1554.7,1470.6,815.1,474.6,78.9,1467.0,954,812,78
8_SM_002972,M,1778,60.5,383.9,810.0,665,905,1539.0,1448.7,816.9,479.8,69.3,1408.0,961,805,68
8_SM_002973,M,1777,80.8,,1062.0,836,993,,,,,,1458.0,953,794,65
8_SM_002974,M,1765,73.2,372.5,952.0,840,972,1520.0,1446.9,804.9,470.6,74.9,1428.0,940,780,71
8_SM_002975,M,1760,79.6,384.7,970.0,911,994,1514.0,1448.0,817.8,480.7,79.8,1436.0,970,798,79
8_SM_002976,M,1922,119.8,405.4,1225.0,1135,1135,1657.1,1561.5,854.2,515.9,77.0,1584.0,1030,850,80
8_SM_002977,M,1763,70.3,380.8,925.0,785,953,1512.9,1439.5,829.8,493.3,74.0,1441.0,963,808,74
8_SM_002978,M,1750,48.1,391.9,764.0,656,838,1509.9,1405.8,802.7,476.8,71.9,1394.0,954,792,69
8_SM_002979,M,1637,91.3,448.7,1129.0,1102,1082,1380.4,1305.8,704.9,439.0,57.4,1319.0,876,696,56
8_SM_002980,M,1686,68.5,400.2,922.0,762,947,1424.7,1353.0,760.3,442.2,66.6,1346.0,903,759,63
8_SM_002981,M,1832,86.4,402.3,1051.0,867,1040,1585.5,1485.2,847.3,504.7,80.6,1487.0,1007,844,76
8_SM_002982,M,1776,76.2,411.5,959.0,840,997,1539.4,1445.9,802.7,467.1,64.2,1434.0,961,812,63
8_SM_002983,M,1706,69.1,367.3,924.0,772,977,1474.3,1388.5,738.7,453.7,67.7,1386.0,910,765,61
8_SM_002984,M,1753,73.2,379.9,944.0,800,966,1501.3,1416.7,818.6,477.4,72.4,1413.0,952,811,68
8_SM_002985,M,1755,70.4,400.3,922.0,757,946,1502.9,1429.6,811.5,474.9,74.2,1425.0,940,801,74
8_SM_002986,M,1843,71.1,420.6,937.0,745,918,1597.5,1507.6,893.2,523.6,72.4,1520.0,1038,888,68
8_SM_002987,M,1811,78.7,409.3,963.0,872,995,1567.8,1479.7,855.2,519.0,71.1,1483.0,1012,843,66
8_SM_002988,M,1774,74.8,416.6,966.0,902,979,1509.6,1424.8,806.1,475.3,69.8,1417.0,943,806,62
8_SM_002989,M,1734,77.9,433.1,956.0,809,1024,1487.4,1405.3,734.2,461.6,66.1,1396.0,896,739,63
8_SM_002990,M,1776,100.9,408.9,1113.0,1024,1106,1533.7,1445.2,812.4,494.9,67.4,1451.0,980,825,63
8_SM_002991,M,1745,84.9,398.0,1083.0,892,1005,1507.6,1442.0,786.2,473.8,75.6,1448.0,930,779,70
8_SM_002992,M,1695,66.0,383.2,928.0,813,948,1467.2,1389.6,757.7,463.8,68.8,1379.0,897,751,64
8_SM_002993,M,1791,76.3,390.2,965.0,858,987,1557.8,1465.5,811.9,463.1,73.3,1455.0,957,895,70
8_SM_002994,M,1720,72.3,399.5,935.0,792,1003,1471.5,1397.3,771.8,468.3,75.3,1371.0,967,763,70
8_SM_002995,M,1651,63.2,367.0,927.0,776,922,1436.1,1360.7,771.4,467.4,68.5,1362.0,910,759,65
8_SM_002996,M,1693,69.2,390.2,930.0,817,922,1469.4,1392.7,770.0,452.9,69.4,1389.0,920,760,63
8_SM_002997,M,1744,64.9,389.8,900.0,766,912,1499.5,1432.4,814.3,475.8,70.1,1440.0,944,810,68
8_SM_002998,M,1910,77.1,416.6,922.0,790,989,1664.5,1566.7,878.2,534.1,74.3,1530.0,1004,879,73
8_SM_002999,M,1735,63.9,397.8,906.0,757,931,1484.3,1396.6,771.3,473.8,76.3,1389.0,934,778,71
8_SM_003000,M,1765,85.2,415.3,1066.0,894,1003,1523.4,1449.1,819.9,480.5,67.9,1420.0,977,827,64
8_SM_003001,M,1820,66.5,417.7,895.0,763,923,1574.1,1480.3,887.9,529.5,65.7,1476.0,1013,881,64
8_SM_003002,M,1824,85.7,436.7,1041.0,850,1012,1569.5,1497.6,824.1,478.9,77.1,1475.0,977,830,71
8_SM_003003,M,1573,58.1,365.6,896.0,844,931,1335.1,1264.8,725.2,452.5,67.7,1240.0,866,720,65
8_SM_003004,M,1757,87.1,411.4,1049.0,939,1036,1506.3,1435.5,782.9,481.6,72.3,1431.0,943,784,70
8_SM_003005,M,1770,72.3,404.3,973.0,757,987,1518.7,1436.7,811.7,483.3,70.1,1438.0,963,818,67
8_SM_003006,M,1825,65.5,389.3,847.0,718,922,1576.1,1491.3,829.9,517.6,71.1,1473.0,993,835,69
8_SM_003007,M,1636,65.8,385.1,930.0,802,924,1399.6,1318.0,722.6,465.5,70.6,1311.0,880,731,66
8_SM_003008,M,1788,94.6,410.3,1047.0,989,1047,1553.0,1485.9,799.6,485.8,77.6,1484.0,958,795,76
8_SM_003009,M,1757,69.5,391.1,880.0,787,947,1528.5,1442.0,830.9,487.1,70.6,1415.0,952,818,66
8_SM_003010,M,1734,78.0,407.2,858.0,908,994,1497.5,1421.6,767.2,477.4,73.4,1414.0,924,764,71
8_SM_003011,M,1806,69.4,427.5,957.0,730,955,1542.9,1463.9,797.4,476.9,78.4,1441.0,963,798,73
8_SM_003012,M,1749,82.8,401.1,1009.0,917,1038,1500.4,1442.1,829.3,489.1,73.5,1408.0,970,820,68
8_SM_003013,M,1664,71.2,373.2,985.0,852,970,1425.0,1348.9,762.2,451.9,70.5,1334.0,890,753,65
8_SM_003014,M,1702,63.2,363.7,890.0,755,935,1474.6,1406.9,791.1,461.7,74.5,1400.0,929,790,72
8_SM_003015,M,1649,51.4,364.7,828.0,734,886,1422.1,1320.0,761.8,460.6,63.6,1332.0,893,759,59
8_SM_003016,M,1713,58.4,381.6,832.0,737,892,1480.3,1383.1,792.0,472.6,78.6,1379.0,951,792,74
8_SM_003017,M,1711,58.3,395.7,839.0,720,880,1481.6,1397.6,800.6,470.0,66.0,1365.0,928,794,64
8_SM_003018,M,1750,72.9,406.2,985.0,786,961,1509.4,1416.6,798.5,484.5,74.0,1413.0,957,788,70
8_SM_003019,M,1675,77.2,361.3,1002.0,927,970,1437.2,1381.1,778.3,471.9,76.4,1366.0,912,766,70
8_SM_003020,M,1759,67.8,422.5,938.0,750,958,1520.6,1437.1,810.9,485.1,62.7,1414.0,946,812,60
8_SM_003021,M,1886,77.3,418.6,965.0,865,958,1630.0,1524.4,857.4,524.9,86.4,1527.0,999,858,81
8_SM_003022,M,1708,65.6,423.1,922.0,770,928,1468.2,1377.5,774.2,459.7,64.0,1359.0,913,768,62
8_SM_003023,M,1727,81.9,397.0,985.0,884,1008,1492.1,1407.2,779.2,465.0,73.0,1397.0,918,779,69
8_SM_003024,M,1693,67.6,351.1,914.0,820,968,1468.1,1405.9,814.4,492.6,69.8,1387.0,945,805,67
8_SM_003025,M,1709,76.9,396.8,952.0,938,995,1481.9,1379.9,739.1,460.5,80.6,1365.0,907,747,71
8_SM_003026,M,1714,69.5,390.0,958.0,760,925,1470.0,1401.3,774.9,466.9,79.5,1377.0,913,784,74
8_SM_003027,M,1826,89.1,390.3,1043.0,850,1047,1565.5,1502.8,829.6,509.4,74.6,1478.0,1001,820,71
8_SM_003028,M,1820,78.7,397.8,994.0,788,980,1564.1,1493.4,836.7,494.5,78.6,1467.0,996,817,78
8_SM_003029,M,1786,76.5,394.8,970.0,837,969,1524.8,1467.7,807.0,484.2,67.8,1446.0,987,803,69
8_SM_003030,M,1773,76.0,398.1,967.0,816,973,1518.0,1458.0,831.9,493.0,71.8,1435.0,1001,825,71
8_SM_003031,M,1650,61.6,380.2,873.0,799,950,1410.8,1341.0,737.8,443.1,68.1,1317.0,917,733,66
8_SM_003032,M,1707,76.5,374.5,1027.0,909,1004,1460.7,1403.0,777.4,471.6,75.9,1380.0,945,764,75
8_SM_003033,M,1697,79.9,373.7,1041.0,887,1008,1444.6,1387.5,758.2,445.3,75.5,1379.0,906,747,76
8_SM_003034,M,1712,66.7,365.0,926.0,813,921,1476.2,1406.7,782.2,467.0,74.4,1387.0,932,763,75
8_SM_003035,M,1762,76.4,384.7,985.0,869,954,1495.9,1423.4,799.3,482.9,74.2,1430.0,974,790,76
8_SM_003036,M,1746,87.0,384.6,985.0,952,1064,1493.1,1439.4,767.8,457.7,71.7,1415.0,931,750,73
8_SM_003037,M,1720,63.7,376.9,935.0,730,936,1473.9,1408.5,769.7,453.3,74.9,1388.0,932,767,74
8_SM_003038,M,1716,60.8,389.3,853.0,708,907,1470.5,1417.2,790.8,466.9,69.8,1389.0,942,785,67
8_SM_003039,M,1689,75.1,391.1,1003.0,876,954,1438.4,1374.1,720.2,437.4,73.7,1350.0,892,710,70
8_SM_003040,M,1714,62.5,366.3,925.0,713,892,1457.8,1376.0,764.7,446.5,71.5,1388.0,929,753,70
8_SM_003041,M,1749,94.5,379.7,1093.0,988,1100,1504.5,1448.8,813.6,455.9,70.8,1439.0,968,788,71
8_SM_003042,M,1823,81.2,396.1,970.0,825,1014,1568.5,1504.8,861.5,500.3,74.5,1473.0,1015,837,73
8_SM_003043,M,1821,79.4,423.9,998.0,772,952,1559.1,1485.3,827.6,483.7,77.9,1448.0,986,827,74
8_SM_003044,M,1632,60.3,347.3,921.0,772,904,1379.4,1315.6,740.4,435.0,67.7,1307.0,878,716,65
8_SM_003045,M,1779,80.1,395.3,984.0,865,1014,1528.0,1442.5,799.9,454.1,70.9,1426.0,973,792,74
8_SM_003046,M,1751,90.4,376.9,1105.0,1018,1024,1501.1,1468.8,765.6,484.7,75.4,1460.0,978,790,74
8_SM_003047,M,1688,71.9,371.7,926.0,852,992,1441.0,1362.9,760.1,450.8,66.6,1339.0,927,748,63
8_SM_003048,M,1726,65.0,381.9,865.0,777,942,1468.0,1403.3,779.7,472.4,68.5,1388.0,945,763,68
8_SM_003049,M,1774,82.2,397.1,1016.0,923,1024,1524.6,1450.9,774.4,482.5,73.8,1417.0,965,763,74
8_SM_003050,M,1816,92.2,411.6,1007.0,905,1051,1565.8,1479.0,807.5,492.6,74.0,1460.0,978,823,68
8_SM_003051,M,1896,95.3,418.1,1024.0,928,1077,1650.9,1545.3,882.8,518.8,78.5,1551.0,1033,876,76
8_SM_003052,M,1703,75.9,384.4,966.0,794,1021,1541.4,1465.6,806.9,483.6,73.2,1440.0,967,823,68
8_SM_003053,M,1711,70.4,382.1,998.0,797,970,1457.5,1381.2,774.4,476.3,66.4,1364.0,910,760,59
8_SM_003054,M,1818,90.5,446.6,1057.0,905,1075,1566.6,1485.4,847.2,514.8,73.3,1453.0,996,830,69
8_SM_003055,M,1731,64.9,385.4,904.0,790,947,1489.7,1404.0,810.3,481.6,71.5,1371.0,954,792,66
8_SM_003056,M,1727,66.5,397.2,918.0,790,959,1477.8,1418.2,782.7,465.8,71.3,1401.0,932,770,66
8_SM_003057,M,1706,69.0,396.4,945.0,848,945,1473.8,1389.4,794.1,474.7,66.3,1353.0,953,782,67
8_SM_003058,M,1682,60.3,372.8,860.0,789,924,1455.8,1364.9,763.2,452.6,69.3,1349.0,903,752,68
8_SM_003059,M,1695,66.6,393.4,867.0,773,991,1454.3,1398.5,778.1,468.0,70.7,1395.0,930,779,66
8_SM_003060,M,1725,64.1,383.3,941.0,746,935,1482.9,1406.7,794.1,480.1,69.9,1399.0,930,786,70
8_SM_003061,M,1769,74.9,367.8,944.0,832,974,1526.5,1450.8,806.6,477.0,71.5,1420.0,945,804,65
8_SM_003062,M,1747,64.3,388.2,878.0,730,918,1508.3,1414.8,778.0,464.4,73.9,1399.0,933,775,63
8_SM_003063,M,1644,61.4,383.4,913.0,782,904,1411.1,1328.6,760.4,457.4,65.5,1314.0,864,752,62
8_SM_003064,M,1634,60.7,359.0,905.0,803,937,1393.6,1315.5,726.7,450.6,68.7,1320.0,863,709,66
8_SM_003065,M,1735,64.2,407.0,918.0,765,945,1492.4,1411.6,813.3,473.8,69.0,1378.0,950,810,66
8_SM_003066,M,1753,77.1,415.3,917.0,862,976,1501.6,1417.2,761.6,469.2,68.2,1401.0,930,763,65
8_SM_003067,M,1731,72.1,395.4,930.0,786,954,1488.4,1409.3,808.6,482.9,81.4,1403.0,936,800,77
8_SM_003068,M,1778,79.8,416.0,988.0,868,999,1543.7,1459.9,841.8,496.2,67.7,1437.0,994,843,66
8_SM_003069,M,1787,56.0,390.9,791.0,689,884,1528.9,1450.5,808.9,482.1,67.9,1424.0,961,811,67
8_SM_003070,M,1836,58.1,417.1,789.0,683,902,1590.2,1486.2,834.0,493.4,74.7,1454.0,995,830,72
8_SM_003071,M,1864,103.3,441.3,1082.0,1018,1082,1616.1,1516.6,803.1,501.8,76.1,1537.0,970,814,73
8_SM_003072,M,1747,83.0,420.6,1002.0,869,1014,1522.2,1432.1,775.6,461.7,66.4,1405.0,934,779,62
8_SM_003073,M,1767,65.8,398.5,909.0,825,955,1516.9,1444.5,867.7,502.2,57.35,1416.0,1024,860,53
8_SM_003074,M,1826,87.7,394.4,1008.0,970,1048,1602.7,1516.9,833.3,511.8,75.7,1520.0,1018,830,72
8_SM_003075,M,1714,82.8,402.2,1045.0,985,1012,1477.7,1416.7,794.4,473.4,70.5,1415.0,924,796,68
8_SM_003076,M,1734,69.8,402.5,920.0,831,965,1493.9,1411.0,796.7,474.7,62.4,1427.0,953,782,63
8_SM_003077,M,1738,79.1,391.5,962.0,932,974,1484.4,1403.8,721.2,436.1,67.3,1406.0,895,737,64
8_SM_003078,M,1841,87.7,433.4,1003.0,882,1060,1589.3,1503.5,837.2,494.7,75.9,1490.0,1006,832,77
8_SM_003079,M,1712,82.5,365.9,1009.0,915,1020,1482.3,1410.7,793.7,474.7,72.9,1427.0,950,792,68
8_SM_003080,M,1725,74.1,397.5,934.0,810,988,1485.8,1410.5,805.9,466.2,74.1,1422.0,950,800,70
8_SM_003081,M,1720,75.1,400.3,926.0,814,980,1483.9,1409.0,771.0,472.1,70.1,1388.0,935,774,66
8_SM_003082,M,1711,85.2,395.3,959.0,938,1054,1463.5,1381.3,715.7,428.7,74.4,1365.0,884,717,69
8_SM_003083,M,1720,71.8,423.6,972.0,790,961,1482.5,1409.5,787.6,483.7,69.7,1376.0,940,788,65
8_SM_003084,M,1719,70.0,405.3,940.0,829,951,1483.9,1417.2,786.3,474.1,73.0,1412.0,932,779,67
8_SM_003085,M,1686,87.6,405.9,1061.0,1001,1068,1446.5,1363.1,749.4,442.7,64.0,1348.0,887,733,62
8_SM_003086,M,1702,65.6,423.0,866.0,758,928,1465.6,1378.9,736.9,460.6,64.4,1365.0,883,740,62
8_SM_003087,M,1670,67.1,393.7,944.0,792,920,1428.5,1353.5,743.8,443.9,68.6,1335.0,897,746,65
8_SM_003088,M,1725,72.9,378.7,958.0,801,977,1473.8,1396.7,766.3,478.0,70.8,1367.0,931,770,66
8_SM_003089,M,1700,77.5,425.4,1037.0,846,984,1465.7,1387.0,761.0,466.6,67.2,1364.0,926,766,66
8_SM_003090,M,1738,65.2,413.3,914.0,810,904,1505.0,1402.8,852.7,495.3,63.8,1391.0,993,853,65
8_SM_003091,M,1780,73.7,406.2,925.0,858,955,1530.2,1465.2,814.0,497.6,72.4,1453.0,997,814,70
8_SM_003092,M,1739,78.7,415.2,982.0,940,984,1493.5,1423.4,758.8,476.5,70.8,1405.0,920,756,72
8_SM_003093,M,1746,75.2,390.7,959.0,812,980,1509.3,1416.7,796.8,459.0,64.7,1392.0,938,779,64
8_SM_003094,M,1725,71.0,382.9,911.0,814,960,1471.6,1412.8,760.0,454.9,78.9,1404.0,913,742,75
8_SM_003095,M,1681,62.7,378.3,896.0,724,918,1440.8,1375.3,760.8,430.8,76.4,1379.0,898,746,70
8_SM_003096,M,1754,70.9,356.4,960.0,830,990,1517.9,1435.2,795.6,471.2,71.7,1433.0,938,787,69
8_SM_003097,M,1776,56.3,396.2,825.0,715,858,1532.8,1445.4,817.0,488.1,62.5,1423.0,975,807,63
8_SM_003098,M,1738,75.2,392.5,950.0,897,1028,1496.3,1414.3,816.0,474.3,72.5,1392.0,944,787,67
8_SM_003099,M,1818,80.3,401.5,1010.0,862,1014,1560.6,1492.1,824.8,485.9,66.6,1471.0,982,814,64
8_SM_003100,M,1779,63.8,371.5,872.0,710,915,1518.5,1441.7,806.9,468.3,78.9,1443.0,955,793,74
8_SM_003101,M,1797,80.4,405.2,952.0,784,1009,1551.0,1471.4,832.1,475.0,69.2,1462.0,980,814,69
8_SM_003102,M,1867,92.2,378.8,1017.0,953,1083,1612.8,1545.1,916.4,529.5,77.7,1559.0,1045,895,77
8_SM_003103,M,1715,57.6,354.5,869.0,714,876,1480.3,1399.9,793.6,455.0,66.9,1378.0,925,783,64
8_SM_003104,M,1785,79.1,,990.0,805,987,,,,,,1448.0,972,838,74
8_SM_003105,M,1711,74.0,,917.0,838,987,,,,,,1353.0,954,792,73
8_SM_003106,M,1749,71.6,,925.0,806,969,,,,,,1440.0,964,788,69
8_SM_003107,M,1647,74.8,,1017.0,913,998,,,,,,1328.0,902,733,66
8_SM_003108,M,1739,79.1,,997.0,845,1004,,,,,,1396.0,937,765,74
8_SM_003109,M,1771,70.3,,903.0,821,967,,,,,,1462.0,995,818,74
8_SM_003110,M,1733,94.4,,1124.0,1065,1057,,,,,,1426.0,946,755,75
8_SM_003111,M,1752,86.3,,1053.0,920,1062,,,,,,1417.0,957,800,69
8_SM_003112,M,1711,78.7,,1000.0,884,998,,,,,,1366.0,917,736,73
8_SM_003113,M,1695,67.1,,937.0,858,989,,,,,,1335.0,936,780,65
8_SM_003114,M,1884,98.8,,1045.0,944,1065,,,,,,1528.0,1033,845,76
8_SM_003115,M,1667,70.8,399.7,958.0,894,983,1418.3,1355.3,729.6,455.9,63.7,1344.0,903,748,62
8_SM_003116,M,1815,90.0,411.7,1025.0,897,1075,1573.5,1492.4,846.5,507.5,73.4,1477.0,1004,846,75
8_SM_003117,M,1721,82.5,395.5,990.0,921,999,1475.3,1394.2,787.3,481.0,74.5,1383.0,945,788,69
8_SM_003118,M,1748,65.9,374.0,930.0,768,936,1518.4,1431.2,815.0,495.8,67.9,1411.0,953,807,64
8_SM_003119,M,1821,82.2,400.4,969.0,859,1026,1580.2,1489.1,841.2,504.0,72.9,1487.0,991,834,72
8_SM_003120,M,1765,68.5,409.2,926.0,769,933,1520.3,1419.1,781.6,466.0,66.7,1422.0,950,792,69
8_SM_003121,M,1695,61.8,367.3,889.0,790,909,1461.4,1384.2,786.5,464.5,69.2,1366.0,922,780,63
8_SM_003122,M,1775,77.7,392.8,983.0,910,995,1542.8,1454.2,818.7,498.7,73.2,1440.0,994,826,71
8_SM_003123,M,1769,78.1,429.1,961.0,829,965,1523.3,1452.0,786.0,481.2,63.4,1429.0,951,788,62
8_SM_003124,M,1794,84.8,404.0,1008.0,957,1000,1540.4,1470.8,792.2,473.4,78.2,1463.0,964,788,74
8_SM_003125,M,1842,94.3,410.9,1080.0,946,1121,1602.1,1519.0,856.6,510.7,72.2,1510.0,1030,857,67
8_SM_003126,M,1793,127.1,451.3,1270.0,1185,1205,1548.6,1460.8,751.9,490.8,65.8,1455.0,947,785,65
8_SM_003127,M,1823,84.3,395.5,979.0,838,1019,1583.1,1507.8,847.9,502.0,72.9,1520.0,1029,859,72
8_SM_003128,M,1670,71.5,400.7,968.0,868,960,1423.1,1365.1,697.4,443.9,72.5,1353.0,895,730,70
8_SM_003129,M,1728,73.7,413.8,988.0,862,973,1483.4,1404.8,795.6,466.0,70.0,1384.0,948,787,66
8_SM_003130,M,1702,68.2,408.9,952.0,890,935,1447.3,1368.8,776.5,457.2,65.8,1348.0,923,771,65
8_SM_003131,M,1847,95.1,402.2,1101.0,885,1046,1464.7,1383.7,785.3,466.0,69.2,1494.0,1032,860,68
8_SM_003132,M,1737,71.7,398.4,942.0,811,955,1505.9,1419.1,764.6,463.7,62.8,1414.0,927,768,66
8_SM_003133,M,1724,63.9,364.0,922.0,780,920,1474.4,1409.2,818.1,498.7,70.2,1398.0,961,819,66
8_SM_003134,M,1760,103.5,391.4,1168.0,1032,1099,1512.1,1451.7,798.0,469.6,72.5,1444.0,928,794,71
8_SM_003135,M,1749,106.7,404.0,1146.0,1171,1115,1502.1,1423.0,740.9,491.1,69.6,1430.0,918,760,69
8_SM_003136,M,1769,81.2,417.7,980.0,899,1012,1538.9,1436.0,795.4,497.1,67.9,1428.0,955,793,68
8_SM_003137,M,1724,59.0,391.5,829.0,777,879,1493.8,1400.4,785.0,482.0,62.5,1392.0,950,795,61
8_SM_003138,M,1791,83.2,404.8,990.0,897,1018,1535.6,1446.4,786.5,472.3,72.5,1426.0,972,790,71
8_SM_003139,M,1712,72.1,399.2,960.0,886,973,1461.8,1387.2,775.6,474.0,73.0,1389.0,912,774,70
8_SM_003140,M,1821,81.3,406.6,1005.0,873,981,1559.1,1492.9,855.0,513.2,75.7,1490.0,1014,862,71
8_SM_003141,M,1716,63.4,415.9,932.0,765,920,1481.4,1392.8,809.6,483.1,63.5,1370.0,944,790,62
8_SM_003142,M,1727,63.3,409.4,901.0,760,937,1494.9,1404.8,801.7,494.9,67.6,1379.0,964,805,62
8_SM_003143,M,1769,64.9,414.7,910.0,754,915,1532.8,1435.7,810.1,495.3,63.8,1405.0,930,799,64
8_SM_003144,M,1791,69.5,431.1,957.0,785,950,1546.2,1469.0,822.7,497.0,67.6,1417.0,993,834,68
8_SM_003145,M,1747,90.4,438.6,1068.0,942,1080,1501.0,1411.9,777.8,472.6,70.0,1397.0,953,775,62
8_SM_003146,M,1757,64.2,385.7,924.0,802,902,1537.5,1436.4,839.0,498.4,68.6,1440.0,980,827,72
8_SM_003147,M,1741,74.3,420.5,1022.0,786,971,1506.4,1405.2,769.1,461.8,71.0,1384.0,917,763,69
8_SM_003148,M,1743,74.7,400.9,944.0,858,975,1492.8,1416.1,785.7,465.4,70.3,1411.0,941,788,68
8_SM_003149,M,1745,68.8,409.8,984.0,787,913,1503.0,1419.6,780.4,459.6,63.1,1401.0,930,781,61
8_SM_003150,M,1824,92.6,426.9,1064.0,966,1030,1582.1,1501.1,813.8,518.6,80.0,1501.0,1010,831,72
8_SM_003151,M,1820,76.4,415.7,951.0,818,1015,1567.7,1475.2,833.3,512.5,72.88,1465.0,988,827,69
8_SM_003152,M,1726,64.9,411.0,914.0,765,945,1487.1,1381.3,724.4,441.4,65.2,1370.0,915,855,52
8_SM_003153,M,1656,58.8,373.9,880.0,745,901,1420.4,1341.5,734.3,443.3,65.6,1333.0,882,740,65
8_SM_003154,M,1736,67.4,402.9,894.0,763,951,1503.5,1412.4,780.7,479.1,70.1,1380.0,957,784,67
8_SM_003155,M,1717,75.5,381.6,950.0,852,1020,1480.0,1392.8,729.4,472.9,62.1,1369.0,913,747,58
8_SM_003156,M,1729,65.6,379.7,915.0,838,907,1481.1,1399.1,777.2,451.5,68.3,1394.0,927,783,67
8_SM_003157,M,1706,96.3,413.8,1120.0,1005,1095,1454.8,1383.9,715.5,432.0,73.6,1373.0,884,719,71
8_SM_003158,M,1834,72.3,386.5,934.0,813,956,1569.6,1495.7,835.6,513.7,75.6,1485.0,1001,829,73
8_SM_003159,M,1715,73.3,399.4,962.0,894,998,1473.8,1392.8,775.0,454.6,70.1,1381.0,921,759,66
8_SM_003160,M,1729,69.5,421.3,968.0,806,931,1485.9,1411.6,790.1,464.6,74.2,1376.0,935,779,71
8_SM_003161,M,1738,67.4,368.3,957.0,805,908,1489.1,1415.8,791.0,466.6,74.4,1405.0,939,783,69
8_SM_003162,M,1814,77.3,373.4,970.0,889,964,1568.5,1490.4,809.0,491.7,72.8,1508.0,980,798,74
8_SM_003163,M,1771,72.3,393.2,1013.0,750,928,1508.3,1426.8,805.6,457.9,71.7,1433.0,949,797,68
8_SM_003164,M,1832,94.3,436.3,1126.0,977,1052,1566.8,1496.0,805.2,492.6,73.7,1503.0,998,809,73
8_SM_003165,M,1748,76.6,420.6,990.0,865,996,1489.4,1405.7,776.2,437.1,65.9,1403.0,914,761,65
8_SM_003166,M,1729,87.2,407.3,1039.0,968,1040,1480.4,1423.9,774.8,473.3,75.2,1413.0,941,768,73
8_SM_003167,M,1789,83.7,408.5,1035.0,900,1001,1542.9,1465.6,832.5,486.0,79.3,1466.0,974,823,77
8_SM_003168,M,1733,90.4,417.8,1110.0,978,1059,1480.9,1398.1,787.4,453.6,69.9,1389.0,951,771,70
8_SM_003169,M,1664,70.1,404.1,975.0,823,963,1456.6,1370.7,775.3,467.9,71.5,1335.0,919,759,72
8_SM_003170,M,1786,82.9,406.1,1070.0,849,1003,1540.4,1473.3,835.1,493.2,72.8,1480.0,994,822,68
8_SM_003171,M,1701,65.0,394.8,953.0,784,923,1447.4,1370.3,784.1,467.8,63.0,1376.0,940,775,62
8_SM_003172,M,1794,94.2,427.0,1137.0,1007,1089,1538.5,1454.8,815.1,489.0,68.3,1459.0,985,813,73
8_SM_003173,M,1782,74.3,382.6,947.0,836,984,1539.0,1460.6,835.4,494.2,75.9,1430.0,1009,824,73
8_SM_003174,M,1646,52.1,358.5,876.0,723,870,1407.2,1340.1,772.3,441.4,63.9,1326.0,898,758,66
8_SM_003175,M,1771,75.4,394.7,985.0,835,978,1509.7,1429.9,788.1,476.5,76.2,1418.0,948,787,72
8_SM_003176,M,1746,77.6,413.4,976.0,848,1005,1488.5,1426.1,796.2,462.4,70.3,1419.0,935,776,68
8_SM_003177,M,1756,73.7,395.4,967.0,825,965,1491.2,1427.6,824.3,482.9,76.1,1418.0,961,794,64
8_SM_003178,M,1824,71.1,418.8,912.0,801,957,1588.8,1518.8,887.6,517.9,71.5,1497.0,1036,873,73
8_SM_003179,M,1768,85.9,428.1,1026.0,923,1078,1507.9,1435.9,783.5,472.7,77.0,1424.0,971,774,73
8_SM_003180,M,1708,67.5,394.6,963.0,780,925,1469.6,1392.8,791.2,471.9,63.1,1398.0,939,784,64
8_SM_003181,M,1730,78.5,426.8,1002.0,865,995,1483.4,1406.7,788.9,455.6,70.1,1383.0,949,768,71
8_SM_003182,M,1708,78.2,386.4,1005.0,917,978,1462.2,1398.5,770.7,474.4,65.8,1397.0,909,767,65
8_SM_003183,M,1757,77.0,404.1,953.0,854,1004,1519.9,1432.8,822.5,492.8,79.4,1409.0,978,817,75
8_SM_003184,M,1769,66.2,408.9,895.0,763,921,1540.4,1457.6,824.1,497.7,69.7,1448.0,993,824,67
8_SM_003185,M,1751,61.8,392.8,840.0,736,916,1516.7,1435.7,783.7,495.3,69.1,1400.0,962,794,69
8_SM_003186,M,1768,70.4,406.8,928.0,819,972,1540.9,1445.0,781.0,474.5,75.2,1449.0,942,780,70
8_SM_003187,M,1718,60.6,411.6,888.0,774,909,1490.1,1406.2,783.1,491.9,73.9,1398.0,936,785,72
8_SM_003188,M,1702,81.8,422.6,993.0,905,1006,1456.2,1386.2,736.6,473.7,74.4,1356.0,916,729,71
8_SM_003189,M,1742,76.2,377.4,945.0,835,969,1508.9,1422.4,798.4,489.1,75.6,1445.0,963,792,77
8_SM_003190,M,1756,88.3,406.7,1045.0,972,1050,1501.6,1445.0,776.5,482.2,74.9,1429.0,937,778,73
8_SM_003191,M,1744,82.5,397.9,1011.0,972,993,1512.2,1422.7,765.3,480.8,65.8,1417.0,913,767,60
8_SM_003192,M,1699,63.2,383.7,845.0,913,947,1452.3,1365.0,738.5,461.1,58.3,1363.0,869,735,52
8_SM_003193,M,1742,69.6,390.4,962.0,824,955,1496.4,1425.2,783.0,482.1,68.6,1400.0,949,788,68
8_SM_003194,M,1749,71.5,397.3,952.0,831,960,1512.8,1422.7,780.5,498.8,66.7,1400.0,963,810,66
8_SM_003195,M,1723,74.9,435.3,999.0,817,984,1475.7,1401.9,785.9,462.5,69.1,1388.0,928,777,67
8_SM_003196,M,1754,103.6,442.5,1145.0,1039,1113,1506.7,1430.2,766.9,489.7,77.4,1413.0,945,793,76
8_SM_003197,M,1735,74.7,404.7,961.0,886,970,1493.9,1425.9,786.5,487.3,65.9,1414.0,955,732,64
8_SM_003198,M,1775,77.0,406.0,984.0,874,989,1526.9,1458.4,804.1,499.7,67.3,1431.0,975,800,64
8_SM_003199,M,1698,64.4,394.3,907.0,797,958,1443.9,1371.7,742.1,442.2,75.8,1431.0,901,739,75
8_SM_003200,M,1698,84.2,397.1,1032.0,969,1020,1456.6,1381.0,726.7,450.8,72.9,1367.0,897,727,72
8_SM_003201,M,1877,86.7,419.2,1037.0,840,1027,1622.3,1524.1,836.3,507.5,77.0,1510.0,1013,851,72
8_SM_003202,M,1704,85.7,375.9,1101.0,971,1036,1477.9,1405.1,758.7,452.8,76.5,1396.0,903,744,70
8_SM_003203,M,1747,67.3,403.0,920.0,760,930,1498.1,1410.5,812.9,479.3,72.9,1403.0,955,805,69
8_SM_003204,M,1823,67.6,436.7,875.0,732,940,1578.0,1466.5,833.8,485.2,79.1,1465.0,971,832,78
8_SM_003205,M,1783,68.1,404.7,875.0,725,950,1542.8,1447.8,790.9,477.5,69.4,1435.0,945,785,68
8_SM_003206,M,1694,80.0,420.7,1008.0,920,1007,1454.6,1376.4,742.5,452.7,65.1,1354.0,889,741,60
8_SM_003207,M,1743,83.5,,992.0,898,1011,,,,,,1396.0,922,773,72
8_SM_003208,M,1807,87.1,,993.0,899,1054,,,,,,1450.0,953,798,68
8_SM_003209,M,1769,82.0,,974.0,888,1004,,,,,,1422.0,920,765,68
8_SM_003210,M,1742,61.6,383.4,890.0,796,895,1503.4,1407.5,795.2,492.7,71.2,1392.0,936,770,65
8_SM_003211,M,1793,65.8,423.5,890.0,781,897,1545.3,1475.0,866.2,512.4,70.8,1454.0,1000,851,65
8_SM_003212,M,1786,75.6,426.9,957.0,851,988,1552.2,1468.1,795.1,489.3,67.1,1447.0,963,788,67
8_SM_003213,M,1702,60.7,410.3,905.0,754,888,1468.1,1385.4,774.9,469.1,64.9,1380.0,930,783,59
8_SM_003214,M,1634,64.7,387.7,899.0,806,942,1407.9,1325.2,746.9,455.6,64.9,1306.0,885,738,64
8_SM_003215,M,1657,67.2,381.3,909.0,834,969,1416.8,1357.5,718.2,439.6,71.0,1315.0,868,719,66
8_SM_003216,M,1743,70.8,405.4,956.0,805,973,1494.3,1403.6,766.2,490.7,72.1,1400.0,937,760,70
8_SM_003217,M,1669,59.8,391.1,844.0,751,888,1448.8,1375.2,702.2,437.6,69.8,1338.0,865,697,66
8_SM_003218,M,1787,78.2,419.8,964.0,888,979,1530.2,1449.7,821.0,481.4,69.0,1425.0,970,807,66
8_SM_003219,M,1867,92.8,432.2,1015.0,932,1072,1611.6,1531.7,837.4,499.8,75.2,1475.0,1004,840,69
8_SM_003220,M,1700,72.0,393.9,982.0,876,970,1481.1,1389.7,772.6,463.4,68.3,1387.0,927,772,65
8_SM_003221,M,1758,68.7,383.1,916.0,820,979,1506.3,1422.5,781.7,477.0,76.3,1403.0,953,787,73
8_SM_003222,M,1731,74.5,388.2,1010.0,862,964,1499.5,1407.5,763.3,445.4,74.4,1410.0,911,755,67
8_SM_003223,M,1808,76.7,395.7,965.0,779,967,1563.9,1476.8,861.0,501.9,72.4,1487.0,1006,851,71
8_SM_003224,M,1803,78.8,396.9,933.0,839,1014,1555.4,1479.5,831.5,490.3,79.1,1458.0,981,832,76
8_SM_003225,M,1713,69.0,389.5,916.0,781,942,1488.3,1414.6,785.0,482.8,72.7,1405.0,942,777,72
8_SM_003226,M,1800,81.5,446.5,1007.0,922,988,1564.1,1460.1,853.4,517.3,69.7,1465.0,995,838,68
8_SM_003227,M,1780,57.2,405.4,835.0,714,860,1567.9,1455.2,808.7,484.0,65.4,1451.0,963,810,59
8_SM_003228,M,1829,79.9,413.7,945.0,847,1012,1571.7,1487.0,849.4,523.8,81.0,1483.0,1004,843,78
8_SM_003229,M,1767,67.2,404.1,880.0,778,937,1525.4,1435.2,843.9,491.6,75.4,1427.0,998,837,70
8_SM_003230,M,1798,64.2,396.6,893.0,754,903,1531.4,1446.5,810.1,470.2,70.1,1442.0,985,815,70
8_SM_003231,M,1685,59.3,376.3,883.0,744,903,1435.0,1365.5,767.1,438.0,68.5,1342.0,908,761,65
8_SM_003232,M,1787,79.4,367.7,967.0,866,990,1544.7,1471.8,850.9,496.4,75.8,1478.0,995,838,74
8_SM_003233,M,1704,62.7,393.3,914.0,775,929,1456.5,1384.3,754.7,456.6,62.1,1374.0,906,745,60
8_SM_003234,M,1751,71.5,426.0,934.0,754,938,1510.4,1423.4,823.6,484.9,70.4,1408.0,966,810,68
8_SM_003235,M,1590,62.9,383.9,946.0,845,953,1349.7,1277.8,718.5,433.6,72.5,1276.0,858,712,68
8_SM_003236,M,1711,68.2,416.7,990.0,805,928,1468.8,1390.3,787.3,452.5,59.0,1360.0,936,770,59
8_SM_003237,M,1762,66.0,430.3,959.0,777,938,1523.2,1433.2,826.6,493.8,82.7,1418.0,957,800,76
8_SM_003238,M,1732,69.4,394.6,965.0,851,947,1479.3,1400.4,759.1,449.5,73.4,1401.0,919,750,70
8_SM_003239,M,1680,65.6,396.9,941.0,764,965,1450.8,1373.1,788.1,452.0,64.6,1376.0,913,759,65
8_SM_003240,M,1830,82.7,437.6,976.0,857,1001,1567.2,1484.7,805.9,481.2,71.1,1476.0,977,793,71
8_SM_003241,M,1765,69.7,414.3,931.0,802,943,1529.7,1450.2,778.3,473.8,79.5,1414.0,952,768,74
8_SM_003242,M,1778,92.1,394.3,1041.0,972,1028,1521.1,1453.7,794.3,475.2,82.9,1457.0,963,789,78
8_SM_003243,M,1756,69.1,396.8,917.0,787,952,1505.3,1419.1,793.8,464.9,70.0,1420.0,938,791,69
8_SM_003244,M,1657,64.0,393.0,936.0,739,901,1428.1,1353.5,782.2,464.4,68.4,1326.0,926,774,70
8_SM_003245,M,1770,71.3,407.7,996.0,807,954,1531.3,1450.3,818.9,473.9,70.9,1447.0,988,807,68
8_SM_003246,M,1769,94.4,444.2,1072.0,1012,1068,1485.2,1417.8,773.9,472.8,80.8,1411.0,947,765,78
8_SM_003247,M,1753,79.7,400.7,1041.0,909,1012,1518.6,1445.7,828.7,488.1,74.9,1431.0,990,819,72
8_SM_003248,M,1707,91.0,405.8,1132.0,981,1041,1444.8,1363.8,747.1,462.6,68.2,1372.0,907,742,76
8_SM_003249,M,1767,85.7,411.7,1058.0,1000,1045,1509.7,1439.7,780.1,484.9,73.3,1414.0,947,774,73
8_SM_003250,M,1798,80.4,427.8,999.0,879,995,1550.0,1474.3,811.4,483.6,64.4,1464.0,983,807,58
8_SM_003251,M,1772,85.4,414.6,1090.0,945,1030,1521.2,1435.8,791.0,475.3,77.3,1421.0,973,778,72
8_SM_003252,M,1697,70.7,407.0,932.0,810,954,1456.5,1376.0,758.6,454.1,71.1,1346.0,915,749,72
8_SM_003253,M,1689,71.6,397.5,939.0,801,950,1452.3,1382.7,769.0,450.5,79.8,1380.0,912,752,74
8_SM_003254,M,1640,66.2,382.8,950.0,852,960,1410.9,1325.2,733.0,437.4,69.9,1317.0,877,740,66
8_SM_003255,M,1728,64.5,370.7,923.0,815,902,1485.3,1409.1,771.1,474.7,64.3,1420.0,929,772,62
8_SM_003256,M,1725,69.0,386.6,934.0,792,935,1480.2,1406.0,787.4,461.3,65.7,1400.0,947,781,67
8_SM_003257,M,1737,55.6,398.9,820.0,702,863,1486.8,1407.6,797.4,457.9,72.1,1304.0,954,704,67
8_SM_003258,M,1729,75.2,410.5,994.0,883,968,1486.3,1400.4,753.7,469.1,67.9,1395.0,923,751,63
8_SM_003259,M,1693,67.9,398.3,903.0,788,950,1456.5,1370.1,751.1,456.2,72.7,1363.0,914,757,70
8_SM_003260,M,1741,66.8,385.8,911.0,755,916,1519.9,1430.1,815.5,495.8,71.7,1421.0,951,809,70
8_SM_003261,M,1722,83.8,410.0,991.0,911,1020,1493.0,1411.9,762.6,477.4,64.9,1405.0,943,768,62
8_SM_003262,M,1757,74.8,418.3,967.0,866,965,1524.7,1432.7,755.4,485.3,64.6,1408.0,947,760,66
8_SM_003263,M,1700,71.0,386.4,957.0,838,960,1465.2,1381.3,752.2,462.0,69.7,1385.0,932,780,66
8_SM_003264,M,1865,95.2,445.0,1045.0,892,1115,1607.5,1517.5,809.1,520.6,78.9,1508.0,1032,835,74
8_SM_003265,M,1788,75.2,401.9,972.0,774,958,1540.4,1456.8,835.7,502.4,68.9,1460.0,1002,837,67
8_SM_003266,M,1700,64.8,384.5,885.0,722,928,1450.8,1370.3,761.1,471.2,66.9,1372.0,912,765,66
8_SM_003267,M,1746,79.8,422.3,1002.0,910,991,1521.1,1418.0,793.6,482.0,67.2,1397.0,940,790,67
8_SM_003268,M,1675,70.3,374.3,970.0,797,975,1451.4,1358.9,767.7,447.0,72.2,1351.0,900,756,69
8_SM_003269,M,1620,54.5,368.9,850.0,738,885,1387.7,1305.2,737.1,460.9,57.5,1302.0,887,733,55
8_SM_003270,M,1752,72.4,408.7,998.0,812,944,1500.5,1413.7,787.9,457.2,75.3,1411.0,916,780,72
8_SM_003271,M,1736,77.3,419.4,925.0,812,1008,1506.5,1419.9,789.6,489.5,69.6,1405.0,940,785,68
8_SM_003272,M,1764,84.4,386.5,994.0,899,1022,1522.8,1456.8,791.7,469.8,80.6,1441.0,959,790,78
8_SM_003273,M,1775,74.9,401.5,935.0,895,992,1525.8,1435.5,809.6,510.5,75.8,1426.0,959,808,70
8_SM_003274,M,1734,78.0,389.0,996.0,887,1005,1488.2,1419.1,784.7,493.0,80.5,1420.0,918,770,77
8_SM_003275,M,1771,72.2,415.6,929.0,798,971,1512.4,1452.2,852.0,500.6,65.3,1450.0,1012,838,60
8_SM_003276,M,1720,64.1,389.7,884.0,770,935,1481.9,1388.6,765.3,459.7,69.6,1376.0,920,777,68
8_SM_003277,M,1781,89.9,386.7,1043.0,992,1096,1541.0,1475.9,857.4,501.2,78.7,1460.0,991,844,72
8_SM_003278,M,1781,80.3,410.4,964.0,880,1029,1533.3,1440.9,785.3,463.0,67.0,1422.0,935,778,66
8_SM_003279,M,1789,89.5,403.9,1054.0,916,1044,1535.4,1462.8,816.8,505.5,68.5,1447.0,952,814,66
8_SM_003280,M,1700,65.3,402.7,919.0,746,897,1444.7,1360.3,767.1,469.9,67.6,1355.0,910,769,62
8_SM_003281,M,1751,68.1,396.9,892.0,774,935,1509.1,1421.7,811.7,504.0,69.4,1404.0,968,812,67
8_SM_003282,M,1664,70.8,387.4,908.0,821,973,1420.1,1351.6,745.7,468.4,67.4,1353.0,906,760,69
8_SM_003283,M,1691,77.6,374.5,946.0,879,993,1446.9,1372.4,771.3,468.8,67.6,1372.0,928,777,61
8_SM_003284,M,1790,74.5,399.1,952.0,840,972,1550.9,1465.1,803.2,504.9,76.0,1433.0,985,819,71
8_SM_003285,M,1720,68.8,399.2,954.0,833,916,1476.6,1368.8,766.8,453.4,71.2,1368.0,922,767,68
8_SM_003286,M,1837,94.2,393.6,1070.0,960,1039,1589.5,1514.9,832.7,507.1,78.5,1506.0,1010,839,76
8_SM_003287,M,1804,68.6,402.0,924.0,785,940,1568.6,1487.4,862.8,495.9,71.4,1453.0,988,840,72
8_SM_003288,M,1868,89.6,389.0,995.0,902,1065,1632.9,1544.9,826.6,520.6,81.9,1514.0,1030,837,78
8_SM_003289,M,1725,85.7,392.7,977.0,837,1058,1476.6,1409.8,762.8,463.0,71.6,1380.0,930,767,70
8_SM_003290,M,1808,76.0,408.9,968.0,853,977,1570.8,1482.2,824.2,510.7,77.4,1473.0,994,835,78
8_SM_003291,M,1698,52.7,367.4,824.0,732,867,1455.1,1387.0,791.0,492.0,67.7,1374.0,937,785,65
8_SM_003292,M,1830,77.0,435.4,980.0,783,964,1581.8,1493.1,842.5,494.3,68.5,1484.0,985,835,68
8_SM_003293,M,1742,89.6,394.0,1091.0,955,1089,1492.9,1431.7,795.7,505.7,80.9,1424.0,957,786,80
8_SM_003294,M,1708,79.4,399.0,1012.0,895,1013,1470.5,1395.0,785.9,474.7,69.3,1354.0,915,770,64
8_SM_003295,M,1786,54.2,389.9,790.0,705,854,1541.4,1449.9,819.8,498.2,71.4,1447.0,982,823,70
8_SM_003296,M,1720,71.7,417.8,1008.0,778,969,1474.0,1404.4,787.5,467.5,69.8,1370.0,908,764,64
8_SM_003297,M,1841,89.6,401.7,1085.0,876,1013,1599.8,1515.1,872.9,521.0,79.1,1495.0,1009,860,74
8_SM_003298,M,1727,63.7,402.4,882.0,777,924,1495.9,1394.7,800.7,484.0,67.4,1390.0,931,780,65
8_SM_003299,M,1825,78.7,448.0,970.0,825,990,1588.3,1491.1,869.6,499.7,70.8,1458.0,1011,866,65
8_SM_003300,M,1684,61.3,384.8,910.0,790,896,1458.2,1389.1,795.5,478.3,67.1,1388.0,935,788,64
8_SM_003301,M,1790,63.0,414.9,865.0,701,924,1530.3,1435.1,778.1,467.2,74.5,1411.0,932,784,73
8_SM_003302,M,1760,61.4,410.7,912.0,691,889,1519.0,1430.1,790.8,480.8,68.9,1416.0,936,789,69
8_SM_003303,M,1756,64.9,388.8,882.0,760,908,1522.9,1435.7,808.7,475.9,73.0,1406.0,950,793,71
8_SM_003304,M,1708,70.6,407.4,980.0,818,970,1448.4,1377.1,782.1,451.2,66.7,1362.0,917,760,67
8_SM_003305,M,1808,80.5,404.0,1022.0,838,981,1552.3,1462.3,830.6,485.4,82.7,1463.0,968,811,77
8_SM_003306,M,1742,68.6,400.3,960.0,796,978,1511.0,1438.8,806.9,476.0,69.3,1428.0,969,800,72
8_SM_003307,M,1850,76.9,440.1,1019.0,798,972,1606.6,1521.8,812.0,507.7,72.4,1478.0,1000,834,73
8_SM_003308,M,1721,69.1,400.4,1044.0,778,939,1399.5,1454.9,798.3,458.4,65.9,1373.0,929,769,67
8_SM_003309,M,1726,76.0,401.0,1014.0,892,949,1485.9,1389.2,770.6,465.8,72.3,1380.0,917,758,69
8_SM_003310,M,1783,121.0,446.8,1219.0,1196,1158,1540.4,1479.5,802.7,488.2,86.6,1470.0,978,791,87
8_SM_003311,M,1643,77.5,402.9,1019.0,922,1002,1417.0,1348.1,752.0,452.3,75.7,1326.0,882,738,72
8_SM_003312,M,1737,76.6,425.9,974.0,890,998,1490.8,1412.5,755.9,448.2,70.1,1343.0,926,741,70
8_SM_003313,M,1798,91.7,424.5,1079.0,926,1051,1557.3,1475.1,836.7,491.3,82.2,1467.0,982,821,82
8_SM_003314,M,1743,61.0,402.9,856.0,711,885,1497.6,1422.5,820.9,478.2,69.3,1406.0,968,804,71
8_SM_003315,M,1749,67.2,411.6,948.0,794,932,1524.1,1421.2,813.4,471.2,76.0,1411.0,958,797,74
8_SM_003316,M,1691,66.3,396.2,935.0,804,936,1451.0,1369.7,778.9,453.6,77.8,1365.0,904,750,78
8_SM_003317,M,1638,56.2,388.3,858.0,768,894,1407.8,1332.6,756.5,448.3,64.1,1313.0,892,743,67
8_SM_003318,M,1773,108.1,400.0,1154.0,1074,1158,1510.2,1446.2,795.1,461.4,72.1,1451.0,978,787,75
8_SM_003319,M,1776,79.8,395.3,1020.0,929,985,1524.8,1458.0,794.4,473.2,70.6,1436.0,966,783,70
8_SM_003320,M,1697,96.1,398.7,1112.0,1030,1095,1453.7,1392.7,749.4,460.6,74.9,1410.0,923,752,74
8_SM_003321,M,1760,65.2,398.5,905.0,776,918,1523.0,1436.1,823.4,480.9,71.1,1443.0,967,807,71
8_SM_003322,M,1776,69.4,404.7,948.0,833,950,1524.4,1454.7,803.1,482.6,73.0,1449.0,977,795,71
8_SM_003323,M,1601,68.2,389.0,965.0,828,965,1369.4,1351.6,716.4,423.3,67.6,1300.0,860,702,67
8_SM_003324,M,1810,78.3,440.6,1018.0,796,997,1566.2,1483.8,870.2,508.1,67.9,1456.0,1008,856,70
8_SM_003325,M,1761,94.9,417.5,1080.0,1033,1047,1495.8,1442.8,792.0,490.3,73.5,1465.0,968,793,71
8_SM_003326,M,1806,84.6,396.4,978.0,887,1008,1556.1,1496.7,862.3,507.7,79.7,1479.0,1001,839,77
8_SM_003327,M,1674,61.6,394.6,934.0,708,868,1422.0,1355.2,775.5,450.9,70.7,1361.0,908,761,72
8_SM_003328,M,1785,83.5,429.9,1048.0,862,1017,1524.4,1461.0,850.5,496.4,76.5,1439.0,974,811,72
8_SM_003329,M,1758,68.9,390.2,925.0,742,935,1516.0,1427.8,840.7,487.5,66.0,1417.0,970,837,62
8_SM_003330,M,1711,67.9,389.4,911.0,788,960,1471.8,1401.6,799.4,465.3,75.3,1405.0,921,785,71
8_SM_003331,M,1756,78.7,404.8,978.0,862,985,1521.3,1442.0,873.1,517.2,73.3,1442.0,983,846,72
8_SM_003332,M,1853,85.8,419.2,1014.0,850,1030,1604.9,1525.7,873.8,532.3,68.3,1508.0,1030,882,66
8_SM_003333,M,1795,81.1,420.3,995.0,821,1000,1547.3,1466.2,835.4,511.0,74.5,1480.0,946,805,66
8_SM_003334,M,1820,97.6,401.2,1054.0,960,1120,1577.4,1498.3,797.6,527.0,79.2,1501.0,991,800,72
8_SM_003335,M,1702,63.0,395.9,951.0,777,930,1457.2,1372.6,813.0,471.7,73.9,1343.0,921,786,70
8_SM_003336,M,1820,75.6,393.2,967.0,787,968,1580.4,1493.4,855.1,489.4,70.8,1484.0,1000,840,67
8_SM_003337,M,1804,91.9,428.5,1070.0,840,1064,1568.0,1479.6,836.4,509.2,78.4,1461.0,981,815,70
8_SM_003338,M,1718,78.4,417.7,970.0,842,1013,1491.2,1393.9,796.8,476.1,74.8,1370.0,914,780,66
8_SM_003339,M,1737,70.9,390.4,962.0,814,937,1487.3,1422.0,786.6,468.1,77.9,1413.0,925,766,70
8_SM_003340,M,1759,77.7,395.8,975.0,840,999,1515.9,1434.6,798.6,477.3,68.9,1431.0,951,786,63
8_SM_003341,M,1764,67.6,421.4,960.0,816,919,1517.6,1439.8,823.6,498.4,67.4,1419.0,961,803,68
8_SM_003342,M,1756,94.4,393.3,1028.0,1048,1075,1527.4,1442.5,806.4,501.0,73.0,1447.0,939,787,69
8_SM_003343,M,1768,70.4,393.0,948.0,803,957,1504.7,1436.1,818.1,476.5,72.0,1435.0,974,808,70
8_SM_003344,M,1733,65.6,407.3,948.0,777,895,1491.4,1400.7,801.1,481.8,66.4,1392.0,942,789,65
8_SM_003345,M,1818,82.3,412.9,1008.0,857,1004,1564.4,1475.9,855.1,507.1,80.2,1469.0,983,818,78
8_SM_003346,M,1713,75.7,370.5,945.0,845,983,1464.1,1396.3,813.7,483.2,69.5,1364.0,931,776,64
8_SM_003347,M,1665,63.8,365.6,915.0,785,907,1415.7,1343.6,755.6,448.5,64.8,1350.0,891,740,60
8_SM_003348,M,1674,68.7,372.0,930.0,835,946,1438.8,1361.9,729.4,457.9,62.2,1355.0,878,705,59
8_SM_003349,M,1733,68.8,410.9,977.0,792,927,1487.5,1414.7,825.1,488.3,73.2,1410.0,945,798,68
8_SM_003350,M,1772,76.4,424.8,1058.0,770,940,1519.4,1444.9,842.0,498.0,68.5,1431.0,954,811,69
8_SM_003351,M,1761,82.2,385.2,1020.0,865,995,1527.2,1452.6,820.1,497.9,82.7,1433.0,949,792,80
8_SM_003352,M,1646,56.3,403.1,872.0,728,848,1411.4,1338.5,766.4,450.8,63.2,1326.0,878,750,60
8_SM_003353,M,1682,61.8,385.1,868.0,751,914,1452.0,1368.4,801.0,469.8,66.3,1353.0,902,769,63
8_SM_003354,M,1759,78.5,384.2,1007.0,880,1005,1533.6,1457.4,838.7,506.9,70.1,1450.0,971,811,66
8_SM_003355,M,1831,82.7,448.2,988.0,807,1020,1583.7,1492.6,843.2,485.4,75.6,1467.0,979,835,70
8_SM_003356,M,1740,65.5,386.9,950.0,760,917,1495.1,1432.6,804.7,497.3,73.0,1420.0,954,795,70
8_SM_003357,M,1699,70.3,390.4,955.0,811,953,1466.0,1404.7,769.3,493.7,70.4,1394.0,935,787,63
8_SM_003358,M,1833,99.0,402.2,1049.0,956,1131,1594.7,1516.1,847.6,532.3,76.3,1520.0,1023,846,73
8_SM_003359,M,1695,74.2,400.8,996.0,888,977,1452.5,1387.6,724.7,475.4,73.5,1367.0,898,723,71
8_SM_003360,M,1650,73.0,382.9,973.0,886,991,1409.1,1342.1,730.4,460.5,71.9,1329.0,890,748,66
8_SM_003361,M,1856,87.4,427.7,975.0,894,1073,1615.7,1526.8,829.1,504.9,72.9,1502.0,990,835,68
8_SM_003362,M,1569,74.2,375.5,973.0,928,1049,1330.8,1263.6,670.0,408.5,60.7,1261.0,823,671,56
8_SM_003363,M,1677,59.6,369.6,870.0,732,890,1447.2,1359.7,742.4,470.1,67.2,1342.0,841,742,51
8_SM_003364,M,1700,61.0,383.8,840.0,728,925,1481.9,1391.0,761.9,464.0,66.2,1380.0,903,759,63
8_SM_003365,M,1738,77.7,416.6,1037.0,877,955,1509.1,1420.6,775.1,486.8,85.0,1393.0,942,785,80
8_SM_003366,M,1771,71.1,424.5,922.0,795,967,1516.7,1439.0,787.8,491.5,76.5,1435.0,947,792,68
8_SM_003367,M,1834,63.1,416.6,860.0,747,915,1600.0,1492.1,823.6,500.1,66.4,1479.0,963,830,64
8_SM_003368,M,1640,58.8,403.2,907.0,756,878,1402.9,1322.0,725.4,449.1,68.1,1299.0,888,725,66
8_SM_003369,M,1728,72.7,396.9,949.0,822,970,1481.6,1408.4,772.3,490.7,80.4,1378.0,937,785,74
8_SM_003370,M,1780,94.6,421.0,1090.0,943,1050,1527.4,1463.2,807.0,491.9,74.6,1463.0,956,808,71
8_SM_003371,M,1748,72.5,411.1,946.0,880,960,1510.4,1437.4,809.4,514.4,65.3,1414.0,991,803,59
8_SM_003372,M,1751,78.9,423.6,965.0,870,1036,1504.2,1429.3,806.3,474.5,68.6,1412.0,959,798,67
8_SM_003373,M,1765,106.3,404.8,1113.0,1044,1172,1515.7,1468.4,810.8,519.4,86.7,1456.0,966,798,81
8_SM_003374,M,1758,66.0,396.6,910.0,720,918,1518.3,1437.1,798.1,482.1,76.4,1419.0,956,808,74
8_SM_003375,M,1772,73.4,394.1,901.0,845,987,1544.5,1457.7,812.1,509.0,78.6,1445.0,979,810,75
8_SM_003376,M,1827,90.1,445.4,1013.0,908,1057,1603.6,1491.1,822.0,520.5,76.9,1482.0,1025,837,72
8_SM_003377,M,1788,81.5,418.5,968.0,790,1001,1555.0,1485.9,819.1,517.3,81.0,1461.0,977,812,76
8_SM_003378,M,1790,102.6,401.9,1100.0,1068,1140,1553.5,1464.9,794.5,487.2,78.2,1456.0,945,805,74
8_SM_003379,M,1735,89.0,400.8,1016.0,960,1080,1516.7,1432.3,751.6,480.0,81.6,1421.0,926,762,77
8_SM_003380,M,1746,78.0,402.8,1022.0,822,962,1501.5,1426.9,800.1,484.5,79.3,1413.0,960,797,76
8_SM_003381,M,1765,86.0,437.5,1046.0,923,1009,1525.2,1448.8,830.2,488.0,77.6,1418.0,973,813,74
8_SM_003382,M,1648,61.0,376.6,951.0,712,894,1420.4,1344.4,765.3,427.7,70.9,1315.0,878,739,69
8_SM_003383,M,1765,69.3,412.8,943.0,841,952,1533.4,1439.6,812.0,482.6,72.0,1423.0,966,803,72
8_SM_003384,M,1771,72.5,429.2,945.0,769,967,1524.3,1440.3,832.1,484.2,72.5,1422.0,967,813,68
8_SM_003385,M,1634,62.6,390.1,986.0,769,895,1405.0,1330.8,766.2,443.8,70.9,1311.0,904,756,68
8_SM_003386,M,1673,70.7,399.7,957.0,825,1007,1447.1,1353.4,735.5,437.7,68.9,1349.0,888,735,69
8_SM_003387,M,1746,60.3,382.6,919.0,785,882,1525.6,1421.0,796.7,450.8,68.1,1443.0,938,784,69
8_SM_003388,M,1711,74.6,393.9,973.0,888,976,1466.8,1391.1,756.4,449.8,67.3,1395.0,920,752,68
8_SM_003389,M,1740,56.1,385.2,839.0,698,893,1501.8,1425.2,815.7,478.8,72.1,1396.0,960,799,70
8_SM_003390,M,1747,66.2,394.9,941.0,799,952,1499.8,1430.3,817.7,480.2,65.9,1413.0,966,797,66
8_SM_003391,M,1732,79.3,413.3,1021.0,883,1003,1486.6,1411.0,785.3,463.9,75.2,1389.0,946,781,71
8_SM_003392,M,1715,66.5,393.2,943.0,825,946,1474.4,1393.4,751.9,448.5,69.4,1370.0,906,742,68
8_SM_003393,M,1861,80.4,414.0,955.0,854,988,1647.8,1539.7,871.6,523.6,81.4,1525.0,1021,857,83
8_SM_003394,M,1689,98.5,415.8,1160.0,1161,1064,1436.7,1389.2,732.4,465.1,73.8,1386.0,923,723,71
8_SM_003395,M,1621,64.0,370.3,899.0,762,937,1388.2,1302.5,695.4,429.0,73.3,1295.0,829,681,69
8_SM_003396,M,1761,70.9,410.5,932.0,797,965,1525.9,1444.4,805.3,478.7,80.6,1418.0,961,795,78
8_SM_003397,M,1765,84.1,434.0,1056.0,910,974,1522.8,1441.4,828.4,495.3,75.5,1430.0,983,816,72
8_SM_003398,M,1686,60.3,389.5,877.0,764,923,1450.1,1367.6,773.1,454.6,65.7,1350.0,917,759,65
8_SM_003399,M,1720,70.6,396.0,971.0,859,957,1470.7,1387.0,763.4,476.3,73.0,1379.0,923,757,73
8_SM_003400,M,1716,64.0,385.2,890.0,815,898,1483.6,1387.5,748.2,454.9,76.8,1372.0,915,738,76
8_SM_003401,M,1660,73.8,419.1,1008.0,905,1011,1434.9,1348.2,759.0,448.5,66.3,1336.0,908,741,68
8_SM_003402,M,1747,82.3,404.6,1007.0,947,1000,1506.7,1445.8,800.5,506.2,69.0,1438.0,956,800,69
8_SM_003403,M,1784,68.4,443.1,913.0,770,936,1537.8,1430.2,795.7,474.7,75.2,1407.0,947,789,74
8_SM_003404,M,1766,66.6,430.0,980.0,724,904,1519.9,1413.4,771.8,437.1,65.1,1403.0,904,757,66
8_SM_003405,M,1830,83.6,427.3,999.0,830,1007,1572.4,1474.6,839.5,494.2,74.7,1464.0,984,824,73
8_SM_003406,M,1754,71.7,403.8,938.0,822,956,1516.3,1426.8,804.1,472.9,70.7,1414.0,945,807,64
8_SM_003407,M,1664,72.6,398.9,940.0,874,994,1411.5,1360.1,764.8,464.0,77.9,1321.0,928,768,70
8_SM_003408,M,1718,77.6,418.3,1003.0,890,977,1474.6,1419.6,790.1,493.3,74.3,1383.0,925,768,68
8_SM_003409,M,1763,88.3,410.4,1082.0,939,1031,1521.1,1445.0,813.6,505.0,73.5,1421.0,960,814,69
8_SM_003410,M,1766,90.8,421.3,1055.0,914,1061,1503.0,1436.0,811.4,481.8,73.5,1400.0,964,790,67
8_SM_003411,M,1828,86.4,433.4,977.0,882,1027,1585.3,1521.7,815.2,508.4,72.7,1517.0,997,818,70
8_SM_003412,M,1660,63.5,384.4,950.0,811,900,1429.7,1358.3,778.0,463.0,67.2,1322.0,915,770,62
8_SM_003413,M,1852,75.5,406.5,938.0,843,981,1626.9,1529.3,833.9,527.0,69.5,1510.0,1012,838,64
8_SM_003414,M,1673,69.9,376.6,955.0,870,964,1452.3,1365.2,767.7,481.1,71.9,1364.0,918,752,67
8_SM_003415,M,1841,75.4,416.5,934.0,824,974,1609.0,1498.4,860.0,508.1,81.7,1496.0,1011,847,78
8_SM_003416,M,1707,73.6,380.3,939.0,828,1020,1471.7,1397.8,777.8,466.1,68.3,1367.0,913,759,65
8_SM_003417,M,1758,78.1,412.4,1046.0,867,951,1505.6,1433.8,824.2,499.2,76.9,1416.0,973,825,72
8_SM_003418,M,1693,92.3,405.3,1080.0,1035,1079,1476.8,1397.5,736.1,460.3,72.4,1375.0,879,725,70
8_SM_003419,M,1703,60.5,374.7,869.0,741,924,1460.2,1382.4,775.2,466.6,65.7,1390.0,900,764,62
8_SM_003420,M,1616,58.1,376.6,867.0,762,905,1394.0,1309.8,719.1,442.9,72.1,1301.0,858,700,77
8_SM_003421,M,1665,49.3,395.4,811.0,691,820,1439.0,1341.9,765.2,458.7,70.6,1313.0,909,766,64
8_SM_003422,M,1804,92.2,414.5,1050.0,950,1073,1556.6,1467.5,771.6,502.2,76.6,1452.0,942,772,72
8_SM_003423,M,1796,88.0,406.8,1017.0,936,1059,1563.3,1473.2,761.6,487.5,77.2,1436.0,935,763,72
8_SM_003424,M,1709,62.6,409.0,892.0,768,935,1478.5,1385.9,740.3,456.5,71.2,1360.0,907,741,64
8_SM_003425,M,1786,57.3,416.1,859.0,655,845,1544.4,1457.1,808.4,501.6,75.3,1416.0,935,805,65
8_SM_003426,M,1765,92.5,390.2,1077.0,994,1009,1509.5,1442.2,809.8,511.0,76.5,1451.0,979,804,70
8_SM_003427,M,1692,71.2,381.0,939.0,830,944,1449.8,1379.1,766.9,458.6,74.5,1369.0,907,748,66
8_SM_003428,M,1789,87.5,395.8,1050.0,928,1026,1537.0,1444.2,803.6,486.4,78.5,1456.0,964,801,73
8_SM_003429,M,1814,91.4,425.0,1035.0,980,1038,1560.8,1500.5,823.3,523.3,80.0,1498.0,977,829,77
8_SM_003430,M,1727,69.1,363.9,940.0,816,940,1475.3,1409.2,791.2,483.8,72.5,1400.0,925,780,69
8_SM_003431,M,1768,80.6,,927.0,830,1026,,,,,,1429.0,937,787,65
8_SM_003432,M,1744,76.3,,967.0,819,990,,,,,,1439.0,908,778,71
8_SM_003433,M,1664,64.7,,930.0,792,935,,,,,,1345.0,912,754,68
8_SM_003434,M,1734,59.8,,935.0,758,848,,,,,,1385.0,955,810,68
8_SM_003435,M,1877,87.4,,1003.0,875,1003,,,,,,1544.0,1033,860,73
8_SM_003436,M,1668,58.7,,894.0,699,889,,,,,,1329.0,872,744,63
8_SM_003437,M,1758,75.2,,970.0,844,955,,,,,,1425.0,930,777,70
8_SM_003438,M,1736,67.9,,915.0,798,955,,,,,,1389.0,939,790,67
8_SM_003439,M,1769,63.5,,877.0,755,926,,,,,,1427.0,944,816,68
8_SM_003440,M,1741,81.7,,1033.0,951,983,,,,,,1421.0,932,784,76
8_SM_003441,M,1744,89.7,,1035.0,961,1041,,,,,,1429.0,955,799,71
8_SM_003442,M,1696,62.7,,851.0,737,953,,,,,,1351.0,900,767,60
8_SM_003443,M,1790,76.8,,921.0,855,1010,,,,,,1450.0,975,822,69
8_SM_003444,M,1736,71.8,,944.0,817,945,,,,,,1415.0,965,797,62
8_SM_003445,M,1671,63.1,,874.0,780,933,,,,,,1357.0,903,762,73
8_SM_003446,M,1691,81.5,,1055.0,931,1001,,,,,,1341.0,885,745,65
8_SM_003447,M,1764,89.7,,1037.0,965,1059,,,,,,1452.0,949,794,63
8_SM_003448,M,1712,66.2,,960.0,790,905,,,,,,1397.0,887,749,61
8_SM_003449,M,1779,72.5,,883.0,797,964,,,,,,1447.0,980,826,72
8_SM_003450,M,1842,90.7,399.1,1028.0,964,1075,1575.7,1502.5,840.8,503.8,78.8,1495.0,1028,839,77
8_SM_003451,M,1756,67.7,412.9,973.0,794,924,1524.0,1428.9,818.6,477.9,71.5,1411.0,957,793,68
8_SM_003452,M,1731,90.7,395.1,1106.0,984,1054,1488.7,1409.0,739.6,466.1,77.2,1421.0,896,734,69
8_SM_003453,M,1701,75.1,408.4,1038.0,836,966,1462.1,1389.2,783.7,464.0,74.0,1364.0,934,772,72
8_SM_003454,M,1851,83.6,395.6,980.0,880,1020,1580.9,1514.8,858.5,504.4,72.8,1505.0,1021,848,71
8_SM_003455,M,1703,65.3,403.1,932.0,796,958,1462.7,1374.6,764.5,453.5,75.0,1369.0,906,745,72
8_SM_003456,M,1795,118.8,421.1,1186.0,1171,1167,1547.5,1475.9,800.2,477.6,74.2,1473.8999999999999,956,792,71
8_SM_003457,M,1843,71.1,416.5,990.0,731,931,1594.2,1504.6,841.5,496.8,67.9,1486.0,1004,828,65
8_SM_003458,M,1679,67.3,387.9,993.0,814,936,1438.3,1356.0,741.7,430.2,65.9,1340.0,891,726,63
8_SM_003459,M,1777,72.0,377.0,989.0,860,928,1549.2,1461.1,816.7,489.4,78.6,1450.0,987,812,76
8_SM_003460,M,1754,75.3,405.5,1015.0,837,956,1521.3,1437.6,789.3,480.1,77.3,1440.0,936,773,74
8_SM_003461,M,1715,76.8,396.9,975.0,884,1029,1460.1,1376.8,763.1,455.8,74.5,1386.0,905,745,69
8_SM_003462,M,1710,89.3,408.0,1108.0,977,1034,1471.3,1413.2,771.4,480.6,83.0,1423.0,936,756,76
8_SM_003463,M,1770,86.4,408.2,1057.0,943,1005,1528.1,1452.5,785.2,488.8,73.0,1431.0,951,780,67
8_SM_003464,M,1781,69.2,416.9,943.0,777,947,1532.1,1446.8,826.6,492.3,77.1,1427.0,963,816,73
8_SM_003465,M,1732,72.2,402.8,980.0,812,952,1488.2,1419.9,795.3,470.7,75.4,1400.0,925,773,71
8_SM_003466,M,1794,72.1,427.2,902.0,799,967,1542.5,1444.1,814.7,482.0,81.8,1456.0,970,809,74
8_SM_003467,M,1737,77.1,403.5,1011.0,868,958,1502.1,1422.6,824.0,471.2,73.5,1412.0,972,808,67
8_SM_003468,M,1910,117.1,445.7,1259.0,1170,1120,1633.6,1546.1,857.1,523.0,82.6,1556.0,1032,854,77
8_SM_003469,M,1741,70.9,406.1,970.0,823,1010,1507.4,1423.7,811.8,480.7,76.8,1413.0,972,797,75
8_SM_003470,M,1681,60.0,391.9,904.0,767,914,1440.8,1362.1,770.7,453.4,74.6,1341.0,926,753,66
8_SM_003471,M,1810,73.9,432.0,995.0,799,937,1571.0,1494.5,860.7,495.5,76.1,1484.0,1000,849,74
8_SM_003472,M,1809,69.1,416.8,940.0,830,938,1551.5,1482.8,853.1,501.5,69.0,1451.0,1009,845,66
8_SM_003473,M,1844,74.8,440.0,937.0,785,951,1598.8,1507.2,876.5,524.0,85.1,1474.0,1023,867,76
8_SM_003474,M,1691,65.3,390.0,949.0,833,945,1452.5,1363.5,727.1,431.4,70.0,1360.0,878,718,65
8_SM_003475,M,1745,59.8,387.4,865.0,788,917,1510.7,1419.9,778.1,466.4,71.3,1415.0,939,768,65
8_SM_003476,M,1829,76.8,396.2,949.0,832,960,1593.4,1506.6,820.3,485.9,72.6,1485.0,950,807,69
8_SM_003477,M,1678,69.3,377.9,958.0,884,961,1434.5,1363.0,759.5,472.5,71.2,1370.0,896,756,65
8_SM_003478,M,1819,70.7,425.0,948.0,768,930,1571.8,1491.4,842.4,515.4,71.2,1465.0,968,832,67
8_SM_003479,M,1826,95.0,399.0,1079.0,963,1080,1565.5,1497.5,828.6,517.1,67.2,1495.0,995,829,63
8_SM_003480,M,1706,79.4,415.2,1005.0,870,995,1461.6,1401.3,779.0,482.7,75.9,1381.0,941,788,70
8_SM_003481,M,1762,92.2,396.8,1096.0,1006,1033,1514.3,1463.3,776.0,510.1,75.4,1450.0,953,797,70
8_SM_003482,M,1586,66.9,363.9,906.0,880,948,1352.8,1292.9,697.5,435.5,67.1,1283.0,834,693,62
8_SM_003483,M,1774,75.8,399.7,983.0,795,1002,1530.5,1449.6,812.1,480.3,72.8,1411.0,958,808,70
8_SM_003484,M,1799,81.8,396.8,1012.0,878,980,1563.1,1491.1,862.5,513.8,78.8,1471.0,1023,860,76
8_SM_003485,M,1724,79.0,389.0,1009.0,889,995,1496.0,1396.4,763.4,471.7,69.7,1397.0,894,736,65
8_SM_003486,M,1635,63.3,378.7,907.0,845,903,1397.4,1333.0,724.8,456.8,74.4,1323.0,864,722,70
8_SM_003487,M,1794,99.9,402.8,1069.0,1043,1108,1543.8,1477.8,796.4,512.7,69.5,1492.0,976,815,65
8_SM_003488,M,1910,101.2,425.7,1054.0,956,1079,1661.7,1569.9,864.8,548.8,75.1,1557.0,1035,865,69
8_SM_003489,M,1640,53.2,382.5,833.0,687,847,1412.4,1315.7,730.0,435.0,72.8,1307.0,864,721,67
8_SM_003490,M,1730,70.7,390.5,897.0,799,958,1480.2,1395.8,762.9,456.5,75.9,1372.0,903,756,69
8_SM_003491,M,1726,73.1,414.6,930.0,809,973,1479.6,1399.2,772.3,469.6,78.4,1376.0,931,769,74
8_SM_003492,M,1743,66.2,398.3,944.0,784,854,1500.4,1423.9,812.0,505.6,76.1,1413.0,966,811,68
8_SM_003493,M,1769,95.4,396.4,1048.0,991,1099,1515.3,1451.1,757.5,481.4,71.7,1419.0,936,770,67
8_SM_003494,M,1803,84.2,405.4,957.0,890,1008,1550.5,1479.1,831.6,500.4,76.4,1480.0,969,823,70
8_SM_003495,M,1819,86.8,422.1,1000.0,900,1033,1564.2,1491.6,832.8,514.4,78.1,1495.0,1004,830,72
8_SM_003496,M,1695,78.5,391.2,1038.0,884,989,1438.3,1377.2,751.3,464.7,73.9,1371.0,915,765,70
8_SM_003497,M,1765,71.7,390.0,930.0,789,968,1512.2,1451.7,808.9,479.4,73.4,1432.0,975,810,70
8_SM_003498,M,1749,75.0,405.5,1001.0,868,943,1510.9,1435.5,815.6,476.8,70.4,1409.0,938,798,66
8_SM_003499,M,1750,78.0,349.9,997.0,870,1009,1513.2,1451.2,797.0,505.8,73.6,1417.0,964,803,69
8_SM_003500,M,1711,63.5,378.0,899.0,742,917,1465.6,1391.3,815.5,483.5,78.2,1382.0,912,787,77
8_SM_003501,M,1692,63.8,374.2,863.0,807,923,1452.6,1383.3,746.4,474.9,71.4,1368.0,902,754,70
8_SM_003502,M,1817,82.1,435.0,1002.0,927,1015,1570.2,1464.8,829.4,514.6,84.0,1455.0,992,821,79
8_SM_003503,M,1726,62.3,376.1,860.0,757,922,1499.1,1410.6,797.9,484.5,74.5,1409.0,947,793,73
8_SM_003504,M,1613,67.8,363.6,946.0,864,935,1363.7,1302.0,741.4,446.9,74.0,1301.0,843,710,70
8_SM_003505,M,1854,89.2,419.7,1103.0,902,1024,1616.3,1524.1,860.1,512.0,74.8,1510.0,1012,849,71
8_SM_003506,M,1720,84.7,409.5,1033.0,939,1023,1465.8,1409.9,756.7,487.1,80.7,1400.0,935,774,76
8_SM_003507,M,1829,89.2,406.7,1033.0,939,1017,1584.4,1509.5,839.2,528.3,75.9,1493.0,1003,856,69
8_SM_003508,M,1800,68.8,391.7,902.0,775,941,1552.8,1480.6,853.5,500.3,76.7,1473.0,999,856,61
8_SM_003509,M,1730,67.3,425.9,930.0,782,949,1490.5,1402.1,796.5,471.1,67.7,1361.0,933,788,65
8_SM_003510,M,1713,72.7,400.9,990.0,775,946,1474.1,1397.8,801.0,473.2,76.2,1379.0,913,784,70
8_SM_003511,M,1873,84.0,383.1,964.0,839,1015,1615.1,1549.0,890.9,533.5,71.5,1539.0,1048,891,68
8_SM_003512,M,1736,66.5,379.6,867.0,786,940,1499.6,1421.3,828.2,492.6,67.3,1395.0,960,823,62
8_SM_003513,M,1809,79.3,426.0,958.0,827,990,1559.0,1481.6,819.4,485.9,66.3,1454.0,968,813,63
8_SM_003514,M,1761,88.3,378.8,1038.0,965,1008,1541.3,1443.5,770.8,467.5,80.3,1454.0,916,770,75
8_SM_003515,M,1626,61.5,383.0,905.0,782,911,1394.1,1322.5,724.1,444.5,71.1,1292.0,866,720,66
8_SM_003516,M,1714,87.1,391.0,1128.0,905,1014,1491.4,1418.6,758.4,481.3,71.4,1392.0,943,778,67
8_SM_003517,M,1783,76.9,431.6,964.0,837,961,1540.9,1523.6,773.4,483.2,74.0,1438.0,958,789,71
8_SM_003518,M,1735,72.1,382.7,1005.0,832,926,1480.1,1412.7,804.1,479.6,70.8,1406.0,947,802,66
8_SM_003519,M,1642,75.0,380.4,981.0,967,955,1405.2,1327.9,712.5,436.0,77.5,1347.0,853,706,74
8_SM_003520,M,1731,63.8,407.7,972.0,735,878,1492.9,1421.5,841.3,486.5,79.5,1395.0,965,824,74
8_SM_003521,M,1667,69.2,393.5,930.0,848,944,1425.3,1362.9,754.0,456.6,65.1,1330.0,895,756,62
8_SM_003522,M,1764,70.4,424.0,961.0,827,955,1510.9,1443.5,811.6,492.8,67.9,1419.0,946,796,64
8_SM_003523,M,1719,62.3,382.6,890.0,802,927,1472.1,1396.7,784.0,483.6,72.1,1396.0,936,778,70
8_SM_003524,M,1775,75.3,390.9,922.0,829,969,1534.7,1472.4,816.9,498.4,79.4,1454.0,965,811,73
8_SM_003525,M,1696,55.9,363.6,807.0,742,865,1453.1,1391.6,799.3,472.4,73.6,1381.0,920,789,63
8_SM_003526,M,1711,60.9,386.1,905.0,738,874,1474.7,1385.9,802.5,475.1,72.1,1384.0,937,791,69
8_SM_003527,M,1782,63.3,376.6,898.0,816,907,1558.5,1464.0,803.4,492.0,72.5,1454.0,939,805,70
8_SM_003528,M,1760,65.5,407.5,900.0,796,932,1522.8,1453.5,836.9,498.9,70.8,1442.0,979,830,64
8_SM_003529,M,1749,64.3,403.2,907.0,764,918,1508.5,1428.1,818.0,483.5,74.9,1410.0,935,797,72
8_SM_003530,M,1786,73.7,400.7,988.0,850,967,1541.6,1483.3,860.7,513.4,75.2,1486.0,989,854,72
8_SM_003531,M,1746,78.1,380.0,977.0,824,985,1505.9,1436.4,789.8,477.9,67.9,1418.0,953,787,63
8_SM_003532,M,1693,67.2,412.1,921.0,804,946,1464.8,1373.1,759.0,453.4,69.3,1328.0,914,747,65
8_SM_003533,M,1790,67.2,409.6,879.0,748,930,1531.0,1464.2,806.9,480.2,74.3,1411.0,953,796,69
8_SM_003534,M,1811,80.7,419.2,985.0,878,1023,1566.2,1492.4,830.0,511.1,89.7,1472.0,953,805,84
8_SM_003535,M,1694,75.3,405.4,990.0,839,980,1445.0,1386.8,764.1,489.0,68.9,1334.0,913,748,65
8_SM_003536,M,1764,71.4,408.9,939.0,797,977,1532.0,1430.1,810.1,495.3,69.2,1428.0,985,815,64
8_SM_003537,M,1670,75.1,409.4,974.0,893,979,1423.3,1365.6,733.2,453.4,75.3,1348.0,878,718,72
8_SM_003538,M,1672,65.8,384.9,892.0,801,925,1424.3,1352.5,742.7,451.8,71.2,1336.0,885,741,68
8_SM_003539,M,1887,130.0,420.8,1212.0,1117,1216,1603.5,1544.0,824.8,523.9,78.3,1500.0,999,820,76
8_SM_003540,M,1716,82.5,404.5,1063.0,918,976,1465.6,1404.4,761.0,469.5,79.8,1386.0,912,764,73
8_SM_003541,M,1720,70.1,393.6,984.0,883,940,1478.0,1393.9,826.3,478.4,67.7,1388.0,946,810,62
8_SM_003542,M,1762,117.5,411.7,1267.0,1107,1170,1500.5,1459.8,791.2,502.0,79.2,1498.0,957,798,79
8_SM_003543,M,1751,73.8,374.1,942.0,849,965,1511.8,1447.0,818.5,490.1,76.1,1421.0,959,806,70
8_SM_003544,M,1773,71.4,384.3,958.0,863,930,1527.4,1449.3,780.7,493.5,78.0,1445.0,960,787,74
8_SM_003545,M,1723,92.3,416.2,1120.0,998,1050,1486.9,1421.1,793.1,464.9,67.5,1388.0,938,783,60
8_SM_003546,M,1794,83.0,399.6,1030.0,913,1005,1550.0,1468.2,816.4,519.8,79.4,1475.0,997,832,74
8_SM_003547,M,1743,66.7,369.3,899.0,778,966,1503.8,1427.3,819.8,503.6,70.9,1408.0,947,801,64
8_SM_003548,M,1684,82.9,392.9,1038.0,882,1027,1450.4,1381.7,759.8,477.4,75.7,1366.0,927,773,70
8_SM_003549,M,1820,90.3,416.9,1037.0,951,991,1574.0,1499.8,855.7,523.0,69.1,1469.0,998,847,66
8_SM_003550,M,1760,97.9,423.0,1135.0,1028,1099,1513.9,1428.9,750.0,476.3,65.8,1410.0,922,756,63
8_SM_003551,M,1760,85.2,422.0,994.0,892,1033,1531.5,1460.0,792.8,504.0,72.6,1442.0,954,815,67
8_SM_003552,M,1661,87.8,398.7,1010.0,988,1055,1408.4,1355.7,699.3,446.2,79.8,1342.0,863,705,72
8_SM_003553,M,1719,55.9,392.5,843.0,699,863,1481.9,1398.7,817.0,456.3,68.2,1365.0,924,807,65
8_SM_003554,M,1774,77.6,397.2,971.0,883,961,1550.9,1476.1,835.0,505.1,78.7,1459.0,981,831,74
8_SM_003555,M,1788,87.1,400.0,987.0,880,1042,1532.3,1469.4,816.3,507.5,71.7,1454.0,977,796,65
8_SM_003556,M,1816,86.8,401.4,970.0,938,1039,1584.1,1494.3,823.6,500.5,83.0,1480.0,967,807,75
8_SM_003557,M,1691,70.8,402.0,939.0,855,966,1439.8,1369.9,765.8,470.1,75.3,1333.0,914,757,68
8_SM_003558,M,1686,90.3,393.4,1063.0,1002,1080,1447.3,1382.8,794.6,493.9,76.2,1400.0,927,777,75
8_SM_003559,M,1715,83.9,404.7,1033.0,963,1045,1494.3,1399.0,780.0,461.9,68.8,1361.0,919,770,59
8_SM_003560,M,1754,66.7,432.1,884.0,768,902,1515.8,1429.2,820.5,487.0,64.0,1385.0,964,810,59
8_SM_003561,M,1765,91.6,429.5,1028.0,927,1104,1508.0,1454.9,792.6,490.8,78.8,1429.0,972,810,73
8_SM_003562,M,1706,60.5,357.3,860.0,751,920,1477.4,1402.8,816.8,487.0,71.2,1374.0,960,798,67
8_SM_003563,M,1756,84.3,412.3,1037.0,930,1050,1503.3,1425.7,785.1,479.7,77.2,1409.0,931,780,70
8_SM_003564,M,1748,69.5,387.0,915.0,807,973,1508.8,1425.1,822.0,492.4,73.8,1419.0,940,810,71
8_SM_003565,M,1758,79.9,400.4,1033.0,910,980,1523.8,1443.5,808.2,491.3,64.9,1414.0,943,800,60
8_SM_003566,M,1691,73.7,422.6,962.0,817,994,1447.0,1380.2,782.6,491.5,68.8,1362.0,933,796,59
8_SM_003567,M,1739,74.8,405.8,927.0,818,1026,1517.6,1432.2,786.1,485.9,74.6,1403.0,944,793,70
8_SM_003568,M,1738,63.9,411.4,915.0,767,917,1491.0,1409.6,785.7,485.3,72.4,1375.0,930,794,67
8_SM_003569,M,1758,72.0,415.5,909.0,773,945,1531.7,1438.0,808.6,498.3,67.0,1414.0,952,794,63
8_SM_003570,M,1720,51.3,370.3,790.0,666,816,1488.0,1419.5,788.6,481.4,66.3,1403.0,929,772,65
8_SM_003571,M,1730,68.1,369.2,925.0,827,965,1483.2,1407.5,815.4,475.3,74.6,1402.0,957,793,67
8_SM_003572,M,1770,77.1,412.3,940.0,849,1011,1524.9,1436.2,785.0,490.9,74.7,1434.0,962,785,71
8_SM_003573,M,1741,67.3,426.4,902.0,749,913,1491.9,1415.3,773.8,486.9,68.2,1363.0,955,770,59
8_SM_003574,M,1825,80.4,404.3,984.0,772,1023,1574.6,1487.6,814.2,495.6,71.4,1470.0,968,804,66
8_SM_003575,M,1696,64.2,383.6,880.0,773,933,1454.4,1374.4,764.7,462.3,75.4,1343.0,909,765,69
8_SM_003576,M,1846,72.2,429.1,917.0,812,960,1602.5,1512.7,851.0,524.3,72.9,1488.0,1033,856,70
8_SM_003577,M,1686,73.0,406.0,967.0,861,993,1443.5,1368.7,743.3,471.4,70.1,1365.0,921,757,66
8_SM_003578,M,1708,73.1,385.6,957.0,864,939,1470.3,1402.8,764.6,470.1,74.7,1380.0,915,759,69
8_SM_003579,M,1693,46.1,394.0,807.0,638,817,1468.4,1363.2,758.1,458.9,77.5,1355.0,893,737,70
8_SM_003580,M,1806,98.3,428.3,1075.0,992,1090,1557.4,1490.9,798.4,491.7,77.7,1471.0,988,810,72
8_SM_003581,M,1850,93.5,417.4,1069.0,937,1054,1596.7,1522.2,815.4,513.5,77.5,1535.0,1008,832,73
8_SM_003582,M,1765,70.8,396.1,945.0,793,963,1518.6,1439.7,815.5,501.1,73.2,1429.0,974,813,69
8_SM_003583,M,1736,65.8,405.9,865.0,742,915,1502.0,1415.1,781.3,466.5,84.7,1393.0,919,773,78
8_SM_003584,M,1795,71.9,377.3,895.0,789,973,1542.3,1444.3,815.8,487.9,77.9,1448.0,965,804,74
8_SM_003585,M,1825,98.6,396.3,1154.0,1094,1090,1570.7,1513.8,806.9,523.5,73.7,1507.0,1000,839,69
8_SM_003586,M,1835,99.9,403.7,1146.0,945,1053,1593.6,1512.6,832.7,517.8,81.5,1517.0,1002,837,76
8_SM_003587,M,1852,74.8,423.3,923.0,775,984,1615.5,1513.7,847.1,511.3,76.7,1490.0,996,841,73
8_SM_003588,M,1735,78.7,412.7,939.0,902,1010,1504.7,1424.3,755.8,488.5,73.8,1381.0,920,740,70
8_SM_003589,M,1698,81.1,387.2,980.0,962,1038,1462.4,1376.6,728.8,480.9,80.0,1376.0,903,746,74
8_SM_003590,M,1761,72.5,403.0,968.0,774,969,1523.7,1439.5,810.0,491.2,81.4,1427.0,949,806,76
8_SM_003591,M,1730,71.1,402.0,917.0,778,995,1498.9,1411.8,780.6,456.2,72.3,1389.0,926,770,69
8_SM_003592,M,1702,73.0,409.9,938.0,832,995,1475.1,1389.4,773.8,465.5,66.6,1372.0,927,769,61
8_SM_003593,M,1740,80.2,383.9,980.0,934,1022,1501.7,1424.2,767.9,487.7,81.6,1421.0,941,760,75
8_SM_003594,M,1710,76.1,382.7,1006.0,875,973,1489.9,1400.7,765.0,482.6,71.4,1384.0,919,770,66
8_SM_003595,M,1793,82.7,432.3,980.0,882,1005,1543.7,1471.1,820.8,494.8,78.4,1446.0,987,848,75
8_SM_003596,M,1639,67.9,370.8,1017.0,892,920,1412.2,1348.1,759.8,481.3,75.3,1334.0,902,750,70
8_SM_003597,M,1753,71.4,418.8,968.0,830,946,1514.9,1416.2,828.5,513.1,78.5,1390.0,989,826,73
8_SM_003598,M,1734,74.5,404.0,1011.0,814,946,1500.0,1403.1,778.2,466.4,69.1,1394.0,933,767,64
8_SM_003599,M,1772,90.8,408.0,1051.0,969,1037,1523.5,1457.4,760.9,480.1,70.5,1457.0,945,780,66
8_SM_003600,M,1772,78.5,398.8,1004.0,858,973,1531.2,1457.9,799.4,485.2,77.2,1443.0,973,797,73
8_SM_003601,M,1758,75.2,416.6,923.0,866,993,1522.0,1439.0,774.5,490.3,68.1,1410.0,947,788,62
8_SM_003602,M,1773,85.4,396.0,1008.0,943,1020,1528.0,1440.5,800.6,496.5,74.9,1432.0,970,809,70
8_SM_003603,M,1772,85.4,405.6,1032.0,938,1041,1539.9,1451.9,834.4,522.3,76.2,1461.0,980,829,69
8_SM_003604,M,1762,67.9,401.1,917.0,757,941,1527.7,1443.2,814.0,496.2,75.6,1418.0,955,815,70
8_SM_003605,M,1765,85.3,388.8,1018.0,954,1017,1531.0,1470.4,825.0,512.2,83.5,1465.0,995,821,80
8_SM_003606,M,1758,82.5,428.9,976.0,829,1018,1518.4,1445.8,800.2,484.9,72.9,1404.0,965,792,65
8_SM_003607,M,1846,90.1,426.6,1080.0,942,1034,1607.6,1510.3,835.9,515.4,76.2,1523.0,1023,839,72
8_SM_003608,M,1779,90.3,394.3,1006.0,1011,1058,1537.5,1457.9,781.1,496.1,84.1,1465.0,930,770,78
8_SM_003609,M,1822,86.3,409.4,1015.0,954,1013,1572.7,1498.5,820.7,510.1,69.8,1505.0,1009,847,66
8_SM_003610,M,1744,76.7,410.0,961.0,835,976,1506.1,1439.3,792.7,492.5,75.8,1433.0,960,796,70
8_SM_003611,M,1761,78.8,402.5,978.0,908,1006,1522.7,1451.0,812.5,487.9,67.4,1437.0,983,808,60
8_SM_003612,M,1664,72.9,373.8,1019.0,819,977,1435.2,1374.1,781.0,474.5,73.6,1344.0,910,775,67
8_SM_003613,M,1766,86.5,396.7,1074.0,957,1044,1527.7,1458.8,840.6,515.2,71.9,1450.0,990,824,65
8_SM_003614,M,1842,92.9,423.8,1035.0,904,1076,1599.3,1511.8,784.2,507.1,78.5,1509.0,970,792,72
8_SM_003615,M,1784,83.9,415.7,977.0,871,1009,1535.2,1459.9,808.8,502.4,87.4,1433.0,987,821,80
8_SM_003616,M,1663,60.9,381.7,864.0,768,938,1433.1,1358.5,731.8,439.8,72.3,1340.0,875,716,61
8_SM_003617,M,1872,82.0,398.2,949.0,788,993,1634.7,1539.2,855.8,506.5,82.6,1548.0,1008,848,75
8_SM_003618,M,1703,66.6,380.7,904.0,790,931,1466.6,1388.6,777.2,466.5,74.6,1386.0,917,776,69
8_SM_003619,M,1786,79.3,402.2,1034.0,807,964,1530.9,1452.1,800.8,480.2,69.3,1443.0,950,797,68
8_SM_003620,M,1755,80.8,426.7,1020.0,902,995,1519.7,1452.5,811.9,510.7,72.6,1430.0,964,815,69
8_SM_003621,M,1799,117.2,426.6,1150.0,1114,1196,1555.7,1461.1,751.0,494.0,85.2,1480.0,944,771,80
8_SM_003622,M,1804,78.5,411.6,975.0,929,975,1558.4,1487.5,847.0,519.8,69.35,1467.0,1018,846,65
8_SM_003623,M,1734,77.2,380.2,975.0,842,963,1511.7,1450.1,815.1,509.9,73.2,1418.0,960,824,70
8_SM_003624,M,1718,83.8,399.7,1018.0,935,1042,1477.6,1417.5,788.7,491.9,71.4,1382.0,948,785,66
8_SM_003625,M,1716,68.7,417.9,967.0,761,941,1498.9,1405.0,792.7,466.7,69.4,1379.0,938,779,65
8_SM_003626,M,1712,67.5,399.2,899.0,779,950,1475.8,1414.0,762.8,487.4,69.9,1387.0,921,772,63
8_SM_003627,M,1668,72.7,401.9,990.0,849,973,1442.7,1364.8,760.7,471.1,73.1,1342.0,897,748,70
8_SM_003628,M,1745,86.5,415.8,1047.0,919,1036,1508.2,1450.8,780.5,495.9,79.7,1415.0,961,790,74
8_SM_003629,M,1765,75.0,414.0,977.0,829,959,1518.2,1445.5,822.2,502.7,71.6,1424.0,961,822,69
8_SM_003630,M,1758,58.9,408.9,882.0,728,865,1509.4,1439.4,807.1,474.5,71.0,1400.0,938,792,63
8_SM_003631,M,1725,82.0,441.0,1032.0,914,1028,1499.6,1419.8,791.2,495.5,72.1,1390.0,946,785,69
8_SM_003632,M,1841,76.0,437.6,962.0,826,940,1589.4,1506.5,886.5,557.8,69.2,1510.0,1048,884,64
8_SM_003633,M,1849,77.0,391.8,996.0,774,968,1599.5,1524.3,857.3,525.7,74.0,1489.0,1027,870,70
8_SM_003634,M,1750,69.3,410.2,932.0,814,927,1512.2,1454.2,806.9,502.8,72.6,1429.0,958,815,65
8_SM_003635,M,1854,113.9,415.3,1105.0,1083,1174,1613.6,1524.5,790.2,514.8,76.4,1517.0,983,794,74
8_SM_003636,M,1788,84.9,386.9,1009.0,945,1021,1559.5,1477.6,805.8,519.7,79.6,1469.0,1009,828,74
8_SM_003637,M,1754,73.1,401.5,947.0,804,963,1513.2,1423.2,783.4,472.7,74.1,1403.0,952,782,71
8_SM_003638,M,1729,81.8,395.0,1012.0,910,1006,1485.3,1408.8,738.3,462.9,72.0,1379.0,915,760,65
8_SM_003639,M,1735,72.9,410.5,994.0,812,990,1490.1,1394.4,788.2,473.6,73.9,1402.0,936,766,71
8_SM_003640,M,1728,87.5,433.6,1039.0,988,1043,1492.2,1402.2,751.7,472.5,74.9,1400.0,930,745,71
8_SM_003641,M,1748,80.6,412.9,1026.0,887,980,1534.1,1442.8,790.3,491.9,73.8,1421.0,956,785,68
8_SM_003642,M,1830,71.4,401.1,883.0,846,957,1608.4,1500.0,834.0,497.8,65.8,1466.0,996,814,60
8_SM_003643,M,1672,63.0,375.7,969.0,854,903,1442.5,1365.0,773.1,472.6,70.4,1372.0,921,763,64
8_SM_003644,M,1876,95.2,419.2,1057.0,963,1097,1613.5,1540.7,866.2,520.3,75.8,1521.0,1033,854,72
8_SM_003645,M,1708,91.4,379.5,1057.0,994,1093,1468.5,1402.6,759.6,464.8,76.5,1389.0,937,741,70
8_SM_003646,M,1661,65.0,395.5,1011.0,745,900,1439.0,1350.1,775.2,463.5,73.0,1339.0,903,755,65
8_SM_003647,M,1793,76.7,398.2,1011.0,882,971,1545.2,1464.1,819.2,498.2,79.1,1462.0,988,810,71
8_SM_003648,M,1732,60.1,388.7,878.0,749,920,1495.0,1412.0,804.9,474.1,72.7,1393.0,930,787,65
8_SM_003649,M,1688,55.3,400.9,857.0,680,885,1448.2,1367.1,777.5,454.8,67.68,1339.0,902,755,62
8_SM_003650,M,1751,65.1,394.8,889.0,743,950,1519.0,1417.1,803.7,458.9,87.2,1399.0,937,783,77
8_SM_003651,M,1700,73.9,391.7,1002.0,764,956,1481.0,1395.7,803.7,473.3,79.3,1394.0,944,792,74
8_SM_003652,M,1727,73.0,395.2,962.0,804,979,1498.8,1407.5,783.9,453.1,76.5,1399.0,921,766,71
8_SM_003653,M,1782,77.6,399.3,978.0,879,980,1541.8,1449.7,795.1,472.4,73.0,1450.0,971,787,66
8_SM_003654,M,1737,70.3,399.5,971.0,775,940,1497.4,1423.4,792.1,478.1,80.4,1403.0,933,781,74
8_SM_003655,M,1684,66.9,383.7,925.0,768,942,1451.3,1360.8,759.5,443.3,74.4,1351.0,880,738,70
8_SM_003656,M,1812,93.3,413.0,1091.0,1059,1045,1561.4,1465.2,753.8,491.4,75.9,1461.0,963,790,71
8_SM_003657,M,1664,69.7,378.3,972.0,907,964,1440.5,1340.5,716.1,431.5,71.8,1347.0,898,713,63
8_SM_003658,M,1670,57.1,396.1,925.0,698,854,1424.1,1356.0,753.9,449.4,71.1,1340.0,864,732,64
8_SM_003659,M,1667,91.8,379.8,1081.0,1058,1091,1438.2,1378.4,734.3,462.1,72.8,1354.0,912,732,69
8_SM_003660,M,1756,76.4,397.4,994.0,916,1019,1526.4,1454.9,821.3,503.5,74.8,1452.0,978,813,68
8_SM_003661,M,1692,63.6,397.3,914.0,795,944,1464.2,1375.4,762.6,460.0,73.4,1381.0,929,753,66
8_SM_003662,M,1719,62.6,358.9,890.0,805,922,1481.9,1390.5,805.3,469.9,69.3,1395.0,940,776,64
8_SM_003663,M,1673,67.5,404.3,963.0,833,924,1440.6,1357.6,770.3,436.8,71.1,1341.0,902,757,69
8_SM_003664,M,1716,60.7,378.6,956.0,738,884,1469.3,1398.1,771.1,455.7,77.9,1380.0,904,754,70
8_SM_003665,M,1773,72.0,399.7,944.0,808,957,1528.0,1461.3,777.5,476.9,73.4,1430.0,959,802,69
8_SM_003666,M,1755,84.7,408.3,1025.0,902,1039,1514.5,1434.1,780.6,492.2,71.7,1450.0,938,771,67
8_SM_003667,M,1770,93.2,390.2,1072.0,987,1074,1526.6,1437.4,771.0,477.4,72.9,1448.0,938,773,68
8_SM_003668,M,1781,87.2,441.0,1037.0,883,1026,1548.5,1458.6,816.8,503.3,77.5,1446.0,955,803,72
8_SM_003669,M,1769,86.5,408.7,1042.0,924,1043,1526.0,1445.7,799.8,495.4,81.2,1448.0,958,795,73
8_SM_003670,M,1771,79.8,420.7,997.0,854,1000,1525.9,1438.5,796.5,492.0,74.0,1425.0,957,788,70
8_SM_003671,M,1754,83.0,433.2,1093.0,860,1025,1509.3,1428.2,767.2,480.1,69.6,1403.0,936,760,65
8_SM_003672,M,1744,70.4,408.4,978.0,819,960,1493.0,1427.0,820.7,498.7,76.9,1403.0,950,809,71
8_SM_003673,M,1721,76.3,423.5,979.0,854,995,1485.5,1404.6,791.1,473.0,68.5,1380.0,937,770,66
8_SM_003674,M,1809,76.3,428.3,895.0,778,987,1556.4,1467.4,794.1,469.4,77.0,1425.0,963,801,72
8_SM_003675,M,1808,99.0,423.2,1144.0,999,1059,1555.9,1486.5,846.1,505.7,70.5,1485.0,991,844,65
8_SM_003676,M,1750,76.6,412.3,939.0,880,976,1506.8,1434.0,771.7,458.0,66.3,1414.0,919,761,61
8_SM_003677,M,1688,64.8,385.8,915.0,770,908,1439.5,1367.8,786.5,475.0,72.9,1361.0,940,787,69
8_SM_003678,M,1761,93.1,410.7,1064.0,978,1084,1509.6,1428.2,764.9,481.6,74.9,1424.0,943,781,70
8_SM_003679,M,1772,82.2,428.2,1045.0,842,1005,1537.3,1455.1,819.2,490.4,75.4,1442.0,969,812,71
8_SM_003680,M,1758,80.3,412.7,998.0,864,996,1521.2,1447.8,828.6,504.8,78.8,1434.0,990,825,73
8_SM_003681,M,1785,82.9,417.2,1038.0,930,1008,1557.3,1468.1,804.4,509.6,76.2,1445.0,968,800,71
8_SM_003682,M,1744,76.3,385.2,953.0,867,995,1498.0,1439.6,830.7,503.5,75.9,1423.0,974,821,73
8_SM_003683,M,1741,65.7,393.4,870.0,775,976,1492.0,1421.9,806.6,501.0,75.3,1414.0,946,798,70
8_SM_003684,M,1773,78.4,398.0,930.0,890,1010,1529.5,1441.3,800.2,501.3,70.4,1431.0,953,793,65
8_SM_003685,M,1743,76.4,416.7,967.0,850,1002,1501.0,1420.4,793.8,480.6,79.5,1413.0,938,783,75
8_SM_003686,M,1696,82.7,407.5,1032.0,926,1035,1474.0,1400.7,771.6,485.6,72.7,1379.0,925,765,72
8_SM_003687,M,1748,72.3,409.3,935.0,825,951,1497.9,1432.4,785.5,475.2,71.9,1413.0,937,783,68
8_SM_003688,M,1836,81.0,417.0,1024.0,853,996,1590.2,1504.9,879.8,520.0,77.5,1482.0,1037,878,76
8_SM_003689,M,1778,78.8,419.4,965.0,892,991,1520.5,1441.1,778.2,486.4,72.7,1438.0,947,781,65
8_SM_003690,M,1759,71.2,412.3,924.0,805,957,1500.1,1426.8,815.7,500.3,66.5,1404.0,965,808,62
8_SM_003691,M,1810,89.1,432.0,1023.0,916,1047,1560.3,1488.0,807.3,494.2,70.7,1468.0,990,815,66
8_SM_003692,M,1746,65.7,419.4,925.0,792,954,1504.0,1414.4,799.5,469.3,81.3,1427.0,944,792,72
8_SM_003693,M,1768,73.3,349.4,958.0,792,926,1530.8,1455.5,837.2,492.9,79.7,1447.0,974,821,71
8_SM_003694,M,1754,72.7,396.9,942.0,832,960,1508.6,1430.3,816.3,496.2,74.3,1423.0,955,808,70
8_SM_003695,M,1840,80.7,416.4,954.0,847,989,1586.0,1516.6,837.8,527.0,87.4,1501.0,1023,851,83
8_SM_003696,M,1759,69.6,396.2,888.0,822,960,1532.0,1447.2,814.0,494.8,75.9,1403.0,966,815,71
8_SM_003697,M,1833,89.0,402.9,1066.0,1004,1045,1590.3,1511.6,850.6,524.4,83.2,1485.0,1016,850,77
8_SM_003698,M,1744,76.5,411.3,948.0,878,1002,1500.0,1423.9,774.6,473.1,75.2,1420.0,930,778,70
8_SM_003699,M,1758,82.8,403.5,1017.0,920,1008,1515.9,1453.0,813.3,516.4,78.9,1429.0,960,814,73
8_SM_003700,M,1776,80.0,417.9,966.0,882,1005,1530.8,1468.2,814.4,497.7,75.7,1432.0,970,825,72
8_SM_003701,M,1724,94.2,410.4,1127.0,1049,1062,1464.1,1389.9,738.7,449.4,70.7,1387.0,892,737,70
8_SM_003702,M,1710,70.0,400.7,904.0,817,986,1469.8,1393.7,757.3,455.6,63.8,1371.0,920,753,63
8_SM_003703,M,1618,65.9,404.1,908.0,813,943,1385.8,1312.1,704.7,426.5,64.0,1278.0,851,690,60
8_SM_003704,M,1736,70.8,410.4,973.0,820,960,1503.7,1440.2,791.6,492.1,66.3,1424.0,958,785,62
8_SM_003705,M,1759,73.7,412.7,930.0,856,971,1521.9,1440.2,793.3,495.5,73.9,1426.0,965,790,67
8_SM_003706,M,1820,77.4,423.4,905.0,855,1004,1590.9,1491.1,806.9,505.9,79.5,1476.0,979,825,74
8_SM_003707,M,1718,79.0,377.0,970.0,939,990,1463.9,1395.3,753.7,462.9,70.4,1391.0,900,744,63
8_SM_003708,M,1876,98.6,406.6,1091.0,983,1068,1614.1,1538.5,855.0,542.9,79.5,1528.0,1023,874,72
8_SM_003709,M,1702,69.8,404.9,1010.0,797,984,1472.6,1386.2,738.0,457.4,73.4,1357.0,890,748,71
8_SM_003710,M,1627,62.2,377.2,915.0,818,897,1396.5,1321.2,715.0,453.5,65.7,1300.0,869,713,61
8_SM_003711,M,1807,89.8,407.3,1025.0,990,1003,1559.1,1471.6,788.1,523.4,79.3,1478.0,968,808,76
8_SM_003712,M,1694,62.2,396.5,916.0,782,909,1460.5,1373.3,806.9,475.0,67.5,1347.0,961,786,60
8_SM_003713,M,1815,102.8,430.4,1115.0,1055,1121,1569.8,1506.7,843.8,536.3,76.2,1478.0,1014,841,72
8_SM_003714,M,1675,61.6,381.8,903.0,802,884,1420.3,1350.4,754.8,460.0,85.8,1351.0,902,747,81
8_SM_003715,M,1729,60.1,392.6,879.0,734,885,1489.0,1411.5,782.5,492.9,69.0,1392.0,938,777,63
8_SM_003716,M,1759,66.5,413.3,903.0,735,924,1507.4,1435.1,797.6,481.4,65.7,1411.0,945,807,63
8_SM_003717,M,1853,94.9,427.1,1088.0,954,1032,1604.4,1529.6,844.9,536.8,75.0,1511.0,1003,850,73
8_SM_003718,M,1759,77.4,400.2,1005.0,843,967,1522.5,1450.2,845.8,513.8,78.8,1439.0,996,842,75
8_SM_003719,M,1753,78.1,417.5,980.0,807,960,1527.0,1440.2,775.5,484.5,79.0,1407.0,942,785,75
8_SM_003720,M,1775,88.0,442.9,1065.0,948,1045,1519.0,1459.7,809.6,498.7,82.4,1439.0,966,803,77
8_SM_003721,M,1809,65.3,425.0,964.0,709,915,1578.5,1462.4,830.0,484.9,71.4,1453.0,970,812,65
8_SM_003722,M,1759,86.5,410.5,1034.0,1003,1021,1512.7,1437.0,786.3,492.1,80.1,1433.0,959,779,71
8_SM_003723,M,1700,79.6,395.8,1013.0,925,1049,1449.4,1378.5,792.7,475.9,73.4,1376.0,934,765,67
8_SM_003724,M,1731,78.1,398.0,1014.0,937,985,1502.9,1418.0,783.9,466.4,77.6,1388.0,928,766,70
8_SM_003725,M,1679,61.7,402.2,897.0,797,925,1441.1,1357.9,752.2,455.2,68.1,1340.0,916,747,62
8_SM_003726,M,1660,66.9,377.9,969.0,786,921,1431.7,1355.6,740.8,440.4,77.8,1335.0,886,729,72
8_SM_003727,M,1768,78.1,420.7,1045.0,836,992,1538.2,1434.0,840.6,490.9,75.9,1426.0,985,830,69
8_SM_003728,M,1682,78.4,381.1,1006.0,983,1023,1461.3,1369.6,722.8,455.2,76.7,1352.0,904,718,71
8_SM_003729,M,1725,57.6,392.6,869.0,710,860,1488.1,1394.9,808.3,480.7,75.9,1382.0,929,789,71
8_SM_003730,M,1895,96.3,431.6,1049.0,942,1090,1646.8,1546.3,855.7,513.2,80.9,1540.0,1031,841,76
8_SM_003731,M,1835,80.6,424.6,1012.0,880,977,1579.1,1501.5,912.0,516.4,71.0,1486.0,1063,894,66
8_SM_003732,M,1785,93.4,405.7,1093.0,1066,1057,1527.7,1470.7,805.9,479.8,77.7,1475.0,971,795,74
8_SM_003733,M,1748,71.5,397.4,940.0,827,978,1509.6,1415.2,788.1,484.5,76.6,1421.0,945,774,69
8_SM_003734,M,1737,91.7,407.3,1088.0,1025,1072,1501.6,1415.0,742.9,459.8,80.5,1385.0,897,731,75
8_SM_003735,M,1771,73.4,399.9,980.0,872,976,1535.6,1448.4,863.3,479.0,72.0,1437.0,1005,836,67
8_SM_003736,M,1721,80.1,407.1,1001.0,908,1035,1475.8,1412.7,800.1,481.9,79.1,1398.0,942,785,74
8_SM_003737,M,1834,90.4,442.5,1085.0,956,1052,1589.7,1500.2,829.3,516.0,78.9,1491.0,1017,828,71
8_SM_003738,M,1745,80.8,408.7,1018.0,916,1039,1503.3,1423.2,807.4,489.6,78.3,1412.0,969,796,71
8_SM_003739,M,1802,80.4,422.9,988.0,883,1005,1558.0,1489.6,833.7,494.8,83.4,1446.0,1001,831,77
8_SM_003740,M,1672,63.0,367.1,944.0,774,925,1435.7,1342.5,721.5,446.7,70.2,1338.0,906,733,65
8_SM_003741,M,1824,82.2,433.7,985.0,870,1010,1567.7,1490.5,878.0,513.0,83.2,1474.0,1039,853,81
8_SM_003742,M,1637,58.3,417.0,867.0,726,913,1401.8,1314.9,690.7,415.0,73.4,1302.0,851,703,69
8_SM_003743,M,1789,86.6,410.0,1060.0,922,1053,1568.3,1482.7,823.2,496.6,70.0,1458.0,996,807,65
8_SM_003744,M,1711,66.7,409.6,918.0,767,940,1472.6,1388.8,791.0,471.3,62.5,1372.0,919,755,58
8_SM_003745,M,1832,69.7,410.6,947.0,757,960,1594.0,1513.9,862.7,506.0,78.4,1497.0,1021,851,73
8_SM_003746,M,1732,62.5,383.8,875.0,822,921,1498.1,1413.8,804.9,485.4,76.6,1408.0,975,800,70
8_SM_003747,M,1781,102.0,421.7,1133.0,1012,1090,1557.9,1457.9,766.4,497.6,71.4,1427.0,954,757,65
8_SM_003748,M,1647,72.1,384.2,984.0,944,960,1411.0,1334.8,745.5,461.3,75.8,1336.0,899,734,72
8_SM_003749,M,1751,85.2,415.5,1022.0,933,1070,1509.5,1434.0,815.4,485.6,87.7,1415.0,963,800,81
8_SM_003750,M,1792,66.4,402.2,897.0,780,915,1564.1,1466.5,853.0,500.7,71.9,1452.0,1002,838,68
8_SM_003751,M,1777,81.4,390.7,1032.0,928,1010,1541.4,1469.8,801.4,515.3,82.7,1456.0,966,822,79
8_SM_003752,M,1731,70.0,404.7,929.0,777,960,1507.7,1427.4,811.2,490.1,82.5,1413.0,947,802,76
8_SM_003753,M,1698,69.4,396.1,956.0,810,925,1454.1,1380.3,765.8,462.2,69.5,1370.0,921,760,64
8_SM_003754,M,1808,76.4,421.0,1002.0,788,971,1570.0,1495.3,873.4,524.6,80.1,1478.0,1032,867,77
8_SM_003755,M,1682,69.4,410.4,986.0,793,950,1440.8,1370.2,785.1,480.2,75.2,1330.0,922,779,71
8_SM_003756,M,1703,76.7,383.9,986.0,964,988,1475.5,1382.8,729.2,477.7,66.3,1386.0,922,725,63
8_SM_003757,M,1749,82.8,410.7,1033.0,867,971,1509.9,1430.2,813.3,492.9,76.4,1437.0,944,801,71
8_SM_003758,M,1723,67.2,414.8,915.0,820,927,1474.6,1400.5,776.5,477.3,67.6,1374.0,899,761,62
8_SM_003759,M,1695,78.2,386.5,1027.0,858,1020,1446.4,1369.5,753.0,469.5,76.9,1356.0,930,762,71
8_SM_003760,M,1738,74.7,388.7,958.0,838,982,1492.9,1421.8,798.0,483.3,74.5,1426.0,944,799,70
8_SM_003761,M,1716,71.5,381.7,975.0,778,961,1485.0,1414.9,784.2,481.9,76.7,1388.0,938,780,70
8_SM_003762,M,1766,80.2,428.8,994.0,875,975,1529.0,1443.4,786.1,480.2,79.2,1419.0,932,779,73
8_SM_003763,M,1745,72.5,434.5,953.0,775,986,1500.7,1418.5,789.5,492.7,77.3,1414.0,944,793,72
8_SM_003764,M,1747,68.6,413.0,934.0,823,939,1509.7,1426.5,826.3,500.0,77.2,1425.0,956,818,74
8_SM_003765,M,1752,89.5,422.7,1022.0,944,1032,1500.1,1432.2,770.5,477.6,74.5,1411.0,953,783,70
8_SM_003766,M,1803,97.9,422.4,1084.0,988,1081,1568.1,1491.6,835.6,514.0,83.1,1484.0,994,836,77
8_SM_003767,M,1738,85.5,420.9,1022.0,878,1045,1495.5,1415.3,747.3,453.5,82.6,1394.0,912,753,77
8_SM_003768,M,1677,62.6,396.5,932.0,776,928,1438.6,1378.2,812.1,493.4,74.5,1349.0,842,804,71
8_SM_003769,M,1761,99.0,425.1,1130.0,974,1119,1523.4,1459.6,792.2,498.8,76.2,1428.0,948,792,74
8_SM_003770,M,1710,62.2,403.4,884.0,741,932,1483.7,1410.6,783.8,467.0,78.7,1373.0,929,769,74
8_SM_003771,M,1720,90.9,385.3,1055.0,1029,1081,1475.5,1424.8,779.7,474.6,76.0,1410.0,936,778,72
8_SM_003772,M,1689,62.4,420.4,924.0,716,925,1459.6,1359.3,765.8,461.5,73.5,1337.0,903,762,68
8_SM_003773,M,1780,66.7,400.7,939.0,749,911,1538.2,1466.6,833.3,516.8,70.0,1431.0,985,825,67
8_SM_003774,M,1762,71.9,392.9,888.0,799,955,1527.8,1432.3,786.0,475.5,68.8,1431.0,945,780,66
8_SM_003775,M,1751,70.9,409.3,925.0,817,958,1507.9,1420.2,787.8,480.3,70.0,1393.0,959,792,65
8_SM_003776,M,1808,121.6,395.4,1240.0,1214,1182,1553.2,1479.2,800.6,522.6,80.0,1467.0,919,816,76
8_SM_003777,M,1795,79.0,417.4,942.0,836,1026,1537.7,1462.7,836.9,505.8,76.6,1447.0,999,834,69
8_SM_003778,M,1755,61.3,410.9,878.0,751,895,1508.3,1440.1,811.6,480.8,74.5,1418.0,952,803,63
8_SM_003779,M,1772,87.7,427.5,1013.0,934,1056,1527.8,1456.8,794.4,484.9,76.6,1419.0,957,807,72
8_SM_003780,M,1737,77.3,391.9,970.0,834,995,1497.6,1412.9,743.9,472.9,72.3,1386.0,920,755,67
8_SM_003781,M,1694,59.2,385.2,857.0,716,911,1471.3,1381.1,769.6,458.9,78.1,1340.0,887,751,73
8_SM_003782,M,1736,64.3,390.2,890.0,779,896,1497.5,1415.9,780.0,476.7,71.4,1397.0,917,775,67
8_SM_003783,M,1797,76.8,426.2,916.0,836,992,1555.8,1460.5,778.7,488.3,75.6,1432.0,959,790,70
8_SM_003784,M,1782,79.1,382.3,932.0,805,1004,1548.5,1470.8,801.1,502.4,72.8,1440.0,976,808,70
8_SM_003785,M,1816,65.2,394.7,940.0,766,923,1569.5,1476.6,865.7,508.3,73.1,1457.0,1023,854,68
8_SM_003786,M,1731,83.2,401.3,1037.0,854,1009,1490.1,1415.0,768.2,466.9,69.7,1402.0,924,766,68
8_SM_003787,M,1791,78.5,401.8,962.0,841,1023,1539.2,1476.7,816.3,504.7,81.4,1453.0,990,825,76
8_SM_003788,M,1770,78.9,413.6,1016.0,767,991,1535.6,1449.4,825.9,499.0,75.0,1453.0,983,823,72
8_SM_003789,M,1676,75.1,408.5,1009.0,900,989,1450.2,1398.2,765.5,469.1,71.9,1375.0,921,757,65
8_SM_003790,M,1804,79.2,412.8,1000.0,812,968,1552.2,1467.0,823.0,511.7,77.9,1454.0,981,812,72
8_SM_003791,M,1692,72.0,405.2,969.0,855,960,1465.0,1377.1,767.0,484.2,77.7,1382.0,912,749,72
8_SM_003792,M,1709,67.9,393.2,934.0,823,963,1480.1,1403.6,762.3,488.9,69.2,1381.0,927,761,69
8_SM_003793,M,1729,74.9,402.2,934.0,830,1025,1497.9,1399.6,776.5,473.0,68.1,1409.0,945,780,66
8_SM_003794,M,1756,68.6,418.9,948.0,825,922,1514.1,1436.1,805.9,495.9,74.0,1426.0,962,808,66
8_SM_003795,M,1775,86.7,391.3,1059.0,927,1031,1534.8,1453.2,806.2,504.0,77.4,1430.0,973,809,72
8_SM_003796,M,1764,68.1,426.8,895.0,757,915,1508.7,1457.3,827.4,485.6,76.6,1424.0,979,824,70
8_SM_003797,M,1710,78.9,390.5,1029.0,934,980,1479.2,1411.9,783.4,488.3,76.7,1395.0,928,784,72
8_SM_003798,M,1726,72.0,419.6,962.0,784,979,1480.9,1402.9,780.8,470.6,66.7,1386.0,934,781,60
8_SM_003799,M,1619,63.1,396.6,920.0,776,901,1378.4,1311.9,723.1,439.7,63.5,1285.0,876,720,60
8_SM_003800,M,1764,67.9,418.7,915.0,743,985,1519.2,1445.1,821.4,480.5,74.4,1421.0,970,810,71
8_SM_003801,M,1794,78.6,408.8,1022.0,900,945,1558.3,1465.3,804.1,486.5,70.7,1453.0,971,807,69
8_SM_003802,M,1775,67.7,405.6,912.0,870,942,1526.1,1450.2,826.6,531.8,70.7,1426.0,987,821,67
8_SM_003803,M,1669,55.9,358.7,868.0,805,850,1439.6,1376.8,779.5,468.5,71.3,1361.0,937,776,65
8_SM_003804,M,1667,78.9,399.4,978.0,865,1013,1431.6,1366.3,746.2,458.0,81.3,1362.0,905,736,75
8_SM_003805,M,1717,78.5,395.2,975.0,885,1000,1483.9,1418.3,804.1,483.1,77.4,1400.0,938,798,70
8_SM_003806,M,1740,62.3,406.8,914.0,809,907,1496.5,1417.8,806.2,491.8,65.2,1400.0,963,804,63
8_SM_003807,M,1790,72.8,376.4,964.0,794,955,1547.4,1451.6,809.8,477.0,77.8,1445.0,953,795,75
8_SM_003808,M,1765,83.8,410.2,1012.0,899,1036,1524.4,1439.8,816.4,483.0,72.0,1413.0,950,788,66
8_SM_003809,M,1760,89.7,402.3,1060.0,986,1065,1527.7,1449.2,777.4,501.6,79.1,1437.0,972,783,72
8_SM_003810,M,1788,64.4,390.0,934.0,725,917,1560.2,1468.7,841.8,503.2,69.5,1453.0,994,828,63
8_SM_003811,M,1828,85.1,422.1,1030.0,912,991,1586.0,1497.7,871.3,524.7,74.7,1504.0,1010,858,70
8_SM_003812,M,1842,105.0,420.5,1162.0,1046,1037,1563.8,1514.1,841.3,529.2,76.3,1514.0,1047,849,72
8_SM_003813,M,1746,81.2,390.5,1007.0,870,1035,1514.8,1425.8,761.1,467.6,76.3,1420.0,923,746,70
8_SM_003814,M,1683,76.5,381.0,1035.0,924,946,1440.0,1370.4,767.0,466.0,74.6,1356.0,932,767,70
8_SM_003815,M,1690,78.1,375.7,1023.0,873,986,1464.4,1383.6,735.2,451.4,76.8,1365.0,905,733,68
8_SM_003816,M,1804,105.6,413.6,1105.0,1118,1147,1546.0,1475.6,771.8,482.0,77.6,1460.0,981,788,72
8_SM_003817,M,1749,84.0,389.5,1043.0,975,1033,1518.0,1437.2,797.6,491.5,73.4,1431.0,953,796,70
8_SM_003818,M,1646,54.9,374.0,868.0,710,881,1429.0,1336.6,772.5,439.6,69.0,1314.0,917,759,62
8_SM_003819,M,1728,72.8,386.7,958.0,872,1005,1423.6,1356.5,737.9,443.0,70.7,1414.0,958,768,66
8_SM_003820,M,1674,62.7,373.3,899.0,766,917,1482.5,1422.0,785.7,457.9,71.8,1341.0,875,726,65
8_SM_003821,M,1717,66.9,387.0,975.0,837,936,1485.7,1419.2,799.0,466.0,70.5,1401.0,953,789,64
8_SM_003822,M,1724,69.1,379.9,986.0,765,935,1488.3,1416.4,794.3,452.6,72.6,1398.0,908,761,70
8_SM_003823,M,1702,67.7,383.3,959.0,832,909,1461.6,1381.1,760.5,444.9,72.7,1357.0,913,743,66
8_SM_003824,M,1781,78.0,390.2,964.0,866,1006,1535.4,1450.6,833.5,506.2,83.0,1432.0,1000,818,77
8_SM_003825,M,1670,85.1,394.9,1063.0,1037,1047,1428.6,1362.6,735.5,471.3,85.5,1356.0,932,731,80
8_SM_003826,M,1622,72.5,387.3,942.0,922,996,1390.2,1334.0,739.6,447.0,76.1,1322.0,899,739,70
8_SM_003827,M,1759,60.8,413.0,867.0,742,903,1531.2,1453.3,810.0,485.6,72.9,1429.0,957,797,66
8_SM_003828,M,1659,55.7,391.4,885.0,759,890,1433.8,1338.3,760.7,454.7,75.5,1324.0,911,745,70
8_SM_003829,M,1713,54.3,369.1,844.0,711,866,1482.2,1398.2,794.6,469.9,70.9,1381.0,944,783,67
8_SM_003830,M,1722,86.0,411.8,1065.0,902,1027,1472.7,1409.0,784.5,474.9,90.7,1412.0,953,778,85
8_SM_003831,M,1817,62.0,380.7,837.0,720,912,1575.4,1481.6,853.8,515.5,86.2,1486.0,1002,835,80
8_SM_003832,M,1779,75.9,391.1,962.0,898,999,1543.5,1461.2,811.5,491.7,86.4,1454.0,983,804,81
8_SM_003833,M,1708,67.7,387.7,935.0,795,944,1469.3,1402.7,794.9,490.4,75.2,1383.0,933,784,67
8_SM_003834,M,1759,105.9,409.7,1100.0,1031,1196,1503.0,1454.1,748.6,483.8,73.1,1433.0,929,767,70
8_SM_003835,M,1774,80.8,401.6,1029.0,922,1000,1536.4,1456.1,838.2,508.4,73.4,1454.0,989,832,70
8_SM_003836,M,1745,75.9,393.4,967.0,905,984,1508.0,1430.2,798.5,484.0,77.3,1434.0,965,801,75
8_SM_003837,M,1649,52.6,399.4,840.0,683,869,1412.6,1327.8,743.4,439.5,66.4,1330.0,867,736,63
8_SM_003838,M,1744,73.5,403.8,964.0,807,990,1513.5,1425.6,794.3,505.1,80.1,1411.0,965,799,78
8_SM_003839,M,1783,75.9,418.3,982.0,819,980,1539.9,1446.2,796.6,508.9,73.6,1415.0,977,800,72
8_SM_003840,M,1733,80.6,400.3,1028.0,930,1018,1504.8,1428.8,790.5,509.1,76.3,1418.0,954,782,73
8_SM_003841,M,1728,67.4,403.8,980.0,782,962,1503.5,1432.0,790.7,492.9,76.4,1383.0,963,797,71
8_SM_003842,M,1822,75.5,402.8,972.0,792,973,1578.0,1488.3,820.3,505.3,78.9,1476.0,981,830,73
8_SM_003843,M,1778,80.8,415.3,973.0,883,1015,1535.3,1441.5,785.7,485.5,78.8,1442.0,951,780,73
8_SM_003844,M,1693,64.8,365.2,882.0,785,940,1460.9,1381.8,745.3,442.5,70.6,1359.0,895,741,63
8_SM_003845,M,1710,71.4,418.6,918.0,802,980,1479.6,1399.8,794.3,473.7,76.9,1391.0,926,768,72
8_SM_003846,M,1876,98.2,397.0,1057.0,918,1095,1633.7,1544.9,863.3,533.9,83.2,1528.0,1024,864,77
8_SM_003847,M,1687,61.6,396.5,934.0,743,928,1453.0,1374.0,800.0,473.6,68.1,1359.0,925,784,64
8_SM_003848,M,1687,69.9,412.0,987.0,775,946,1450.1,1369.3,783.4,472.3,73.1,1359.0,917,764,65
8_SM_003849,M,1797,70.4,391.4,895.0,773,946,1564.7,1479.4,794.3,492.1,80.8,1465.0,949,796,78
8_SM_003850,M,1802,77.6,403.6,985.0,844,945,1551.8,1488.1,857.0,521.7,78.2,1459.0,1002,859,72
8_SM_003851,M,1797,81.6,424.1,1024.0,926,1020,1573.2,1484.8,827.3,501.4,76.6,1459.0,974,830,70
8_SM_003852,M,1663,78.0,370.5,1028.0,954,965,1411.6,1359.4,722.4,467.3,79.7,1353.0,897,732,75
8_SM_003853,M,1810,97.9,416.0,1088.0,997,1094,1559.5,1468.3,792.4,495.7,78.4,1466.0,979,793,73
8_SM_003854,M,1678,58.1,379.2,876.0,770,898,1465.3,1387.4,794.3,475.7,70.7,1363.0,907,772,70
8_SM_003855,M,1712,73.9,412.4,978.0,808,971,1460.3,1382.7,772.6,494.0,68.4,1384.0,927,770,64
8_SM_003856,M,1807,83.4,406.6,988.0,873,1025,1556.1,1489.6,846.4,529.2,89.0,1477.0,989,833,80
8_SM_003857,M,1688,60.7,404.2,898.0,720,885,1445.7,1374.4,813.9,482.1,79.3,1333.0,935,784,74
8_SM_003858,M,1783,65.9,402.8,863.0,735,936,1536.7,1465.4,832.5,508.7,68.4,1443.0,980,823,65
8_SM_003859,M,1742,70.3,401.7,924.0,763,935,1511.9,1424.0,779.4,473.0,78.2,1402.0,922,775,71
8_SM_003860,M,1817,74.9,421.8,1001.0,839,963,1576.1,1484.9,860.8,526.3,74.8,1472.0,1020,867,71
8_SM_003861,M,1782,88.4,436.2,1042.0,920,1028,1526.6,1463.4,798.8,476.7,76.1,1429.0,948,799,72
8_SM_003862,M,1814,89.2,416.2,1003.0,880,1028,1578.3,1484.7,814.2,514.4,80.4,1466.0,979,806,72
8_SM_003863,M,1795,79.1,372.7,997.0,870,1000,1550.1,1482.6,845.1,514.7,81.2,1465.0,982,836,74
8_SM_003864,M,1822,93.5,409.3,1046.0,914,1060,1572.1,1495.4,878.8,516.3,76.1,1477.0,1041,867,72
8_SM_003865,M,1707,66.7,402.3,920.0,810,938,1460.4,1387.0,805.6,494.8,72.0,1373.0,955,801,66
8_SM_003866,M,1705,62.4,398.1,918.0,800,885,1462.0,1378.2,759.5,461.1,67.0,1359.0,909,761,62
8_SM_003867,M,1807,70.9,401.3,897.0,788,961,1570.7,1469.7,800.4,478.8,69.1,1475.0,949,793,65
8_SM_003868,M,1654,75.6,356.8,1015.0,930,985,1420.4,1353.0,732.6,457.8,75.9,1375.0,896,723,73
8_SM_003869,M,1685,61.4,400.4,856.0,780,920,1436.6,1358.5,765.3,469.8,70.5,1318.0,905,758,66
8_SM_003870,M,1779,78.1,406.9,953.0,834,1003,1541.2,1468.4,803.8,511.8,78.7,1460.0,981,811,76
8_SM_003871,M,1795,71.2,418.3,934.0,800,970,1548.6,1453.5,828.0,499.1,68.2,1423.0,966,822,64
8_SM_003872,M,1761,81.8,431.2,974.0,845,1020,1520.2,1449.8,798.0,491.9,79.1,1420.0,953,784,73
8_SM_003873,M,1772,96.3,420.4,1105.0,971,1035,1527.4,1460.7,773.8,495.9,76.8,1451.0,953,777,70
8_SM_003874,M,1760,73.3,394.9,946.0,889,984,1524.7,1446.8,787.8,505.7,73.3,1445.0,970,803,67
8_SM_003875,M,1828,74.4,406.5,947.0,850,942,1580.2,1477.7,850.0,508.9,78.2,1472.0,974,829,73
8_SM_003876,M,1802,87.0,399.4,1069.0,918,995,1550.2,1478.1,807.9,504.1,81.9,1483.0,990,812,73
8_SM_003877,M,1867,82.8,431.0,971.0,856,1025,1613.1,1519.0,841.6,508.0,78.0,1498.0,998,831,74
8_SM_003878,M,1762,75.9,400.1,909.0,812,982,1526.7,1439.5,778.1,478.3,66.5,1431.0,922,775,60
8_SM_003879,M,1703,66.3,414.6,927.0,804,940,1460.0,1383.8,777.4,470.2,75.4,1350.0,921,767,70
8_SM_003880,M,1745,72.8,408.3,937.0,837,1015,1507.3,1430.7,799.6,459.9,64.2,1394.0,937,785,60
8_SM_003881,M,1712,75.4,428.6,1008.0,844,986,1471.5,1406.8,788.2,503.0,77.3,1377.0,946,783,74
8_SM_003882,M,1716,76.8,415.5,995.0,864,1010,1481.8,1393.2,773.5,459.5,73.5,1354.0,921,778,69
8_SM_003883,M,1796,78.9,380.9,933.0,790,1029,1567.0,1481.1,796.0,471.6,73.8,1473.0,951,791,72
8_SM_003884,M,1711,78.4,377.3,1055.0,957,988,1455.8,1395.8,772.9,489.6,82.4,1390.0,920,766,74
8_SM_003885,M,1688,61.8,400.0,904.0,744,917,1443.8,1380.1,736.7,458.0,72.8,1339.0,893,736,67
8_SM_003886,M,1804,78.0,427.5,935.0,869,1005,1558.9,1468.9,823.6,501.2,77.7,1456.0,980,810,74
8_SM_003887,M,1713,83.2,415.5,950.0,855,1064,1461.7,1390.4,760.7,460.2,78.6,1357.0,920,752,72
8_SM_003888,M,1705,65.8,399.9,878.0,776,926,1456.4,1378.9,746.7,463.4,70.9,1360.0,892,751,63
8_SM_003889,M,1732,77.6,386.9,944.0,844,1045,1501.0,1427.1,778.3,474.2,71.0,1397.0,938,785,65
8_SM_003890,M,1682,69.1,403.6,897.0,874,964,1449.5,1374.3,744.5,470.6,67.7,1340.0,897,733,60
8_SM_003891,M,1743,89.0,398.9,1044.0,950,1063,1502.8,1432.5,752.1,474.5,75.4,1459.0,957,768,72
8_SM_003892,M,1709,65.1,367.0,965.0,718,918,1486.7,1416.5,813.3,483.5,73.2,1391.0,937,789,65
8_SM_003893,M,1739,59.4,419.9,897.0,739,889,1491.0,1412.4,823.1,485.0,75.6,1395.0,966,807,71
8_SM_003894,M,1710,63.0,397.1,950.0,775,886,1473.5,1408.7,788.7,476.5,75.0,1387.0,939,784,70
8_SM_003895,M,1798,88.5,420.5,1069.0,946,1024,1573.6,1488.4,846.4,516.7,73.5,1474.0,1009,833,68
8_SM_003896,M,1694,77.5,387.9,984.0,928,1004,1452.6,1384.9,739.2,456.2,75.6,1378.0,912,746,71
8_SM_003897,M,1761,66.5,406.5,943.0,735,917,1507.1,1421.8,821.0,472.5,76.7,1418.0,955,793,73
8_SM_003898,M,1781,73.7,414.1,1043.0,823,940,1526.4,1449.2,821.9,494.3,80.3,1425.0,977,816,72
8_SM_003899,M,1702,55.3,391.9,833.0,689,872,1455.3,1389.5,791.6,467.1,71.6,1361.0,937,778,67
8_SM_003900,M,1748,81.1,398.3,987.0,888,1014,1505.8,1441.5,762.2,452.6,67.9,1412.0,930,751,63
8_SM_003901,M,1648,85.2,377.3,1058.0,1013,1029,1419.8,1373.1,689.6,431.3,78.9,1334.0,868,687,73
8_SM_003902,M,1745,63.1,387.0,911.0,737,904,1497.4,1432.0,819.8,473.0,70.2,1419.0,946,801,65
8_SM_003903,M,1687,67.0,359.8,993.0,808,917,1442.9,1366.8,802.0,464.8,68.9,1352.0,933,772,63
8_SM_003904,M,1746,58.9,374.6,855.0,722,875,1506.0,1397.9,799.9,466.4,74.6,1399.0,953,784,70
8_SM_003905,M,1754,73.1,407.3,926.0,823,1027,1514.5,1422.0,811.0,481.4,74.9,1408.0,938,779,71
8_SM_003906,M,1767,83.7,395.5,1010.0,969,1061,1524.6,1436.3,792.5,462.0,73.5,1399.0,966,782,67
8_SM_003907,M,1800,72.1,405.1,991.0,791,956,1563.0,1461.5,845.9,502.7,83.4,1456.0,978,813,77
8_SM_003908,M,1710,71.8,405.4,995.0,848,959,1491.4,1399.3,806.6,480.5,69.8,1390.0,954,792,64
8_SM_003909,M,1741,69.2,381.3,959.0,807,943,1505.7,1425.6,786.6,474.1,72.0,1425.0,934,778,68
8_SM_003910,M,1686,71.8,381.3,977.0,893,974,1452.2,1363.3,787.0,452.1,71.4,1360.0,907,753,68
8_SM_003911,M,1876,83.0,423.6,977.0,801,1005,1643.2,1547.2,867.5,521.2,89.4,1517.0,1005,837,80
8_SM_003912,M,1733,63.7,403.9,959.0,762,897,1502.3,1409.7,837.6,481.4,72.5,1393.0,955,801,67
8_SM_003913,M,1758,56.6,408.0,836.0,713,890,1526.4,1423.7,824.9,481.6,71.6,1419.0,951,805,65
8_SM_003914,M,1680,68.6,394.2,990.0,861,951,1455.3,1373.2,779.4,459.9,72.5,1363.0,947,767,66
8_SM_003915,M,1845,95.9,434.1,1050.0,1005,1085,1619.5,1517.4,841.8,513.1,74.5,1516.0,1030,837,70
8_SM_003916,M,1806,63.6,411.0,889.0,783,892,1545.4,1455.7,841.5,492.9,74.6,1436.0,994,818,65
8_SM_003917,M,1780,76.6,394.8,968.0,870,1005,1558.4,1475.4,834.7,488.0,78.0,1463.0,990,822,72
8_SM_003918,M,1739,77.8,410.5,1025.0,881,983,1485.4,1410.0,776.5,478.6,73.7,1391.0,923,763,70
8_SM_003919,M,1836,85.3,436.7,1022.0,924,1016,1582.6,1498.6,852.7,524.8,79.1,1482.0,1045,845,75
8_SM_003920,M,1644,66.2,360.0,934.0,822,955,1422.7,1332.0,741.7,432.7,76.6,1323.0,872,722,71
8_SM_003921,M,1829,65.5,436.2,952.0,764,893,1568.8,1488.8,840.0,499.2,76.6,1455.0,1003,828,72
8_SM_003922,M,1752,60.6,343.0,897.0,685,884,1502.2,1415.2,801.7,484.2,65.8,1405.0,938,761,61
8_SM_003923,M,1634,52.1,370.7,863.0,777,862,1386.4,1321.2,742.0,443.2,71.7,1298.0,895,738,65
8_SM_003924,M,1751,92.7,383.2,1070.0,1002,1060,1494.8,1430.2,811.2,489.6,77.7,1442.0,961,794,72
8_SM_003925,M,1656,70.2,392.1,957.0,954,994,1420.7,1352.6,704.6,448.2,78.0,1349.0,878,700,67
8_SM_003926,M,1783,76.2,418.4,975.0,847,997,1563.9,1472.2,792.8,477.9,78.9,1448.0,961,781,72
8_SM_003927,M,1646,63.8,387.0,892.0,806,977,1426.7,1332.3,720.3,434.8,70.0,1317.0,868,701,66
8_SM_003928,M,1844,76.2,406.6,972.0,814,982,1621.7,1505.0,836.6,495.6,80.0,1520.0,994,822,77
8_SM_003929,M,1747,74.6,422.2,1023.0,865,981,1505.8,1432.1,837.1,507.2,81.5,1422.0,994,820,77
8_SM_003930,M,1744,81.1,428.1,1076.0,874,971,1513.8,1425.0,799.0,477.7,84.8,1414.0,953,788,72
8_SM_003931,M,1816,70.2,419.5,933.0,789,924,1563.6,1479.4,843.0,492.1,69.8,1473.0,979,818,65
8_SM_003932,M,1693,85.0,399.1,1045.0,926,999,1450.7,1397.0,765.6,469.0,75.9,1397.0,923,756,70
8_SM_003933,M,1742,86.1,404.7,1057.0,1008,1031,1489.0,1410.3,749.2,456.4,69.8,1403.0,910,747,65
8_SM_003934,M,1777,69.0,404.9,948.0,796,958,1537.7,1445.9,810.3,474.6,71.3,1453.0,963,793,65
8_SM_003935,M,1775,70.4,377.3,943.0,805,942,1529.3,1437.5,810.6,483.8,74.7,1423.0,990,804,67
8_SM_003936,M,1785,82.5,394.5,1033.0,983,1024,1543.0,1454.6,810.3,472.3,67.9,1451.0,951,797,63
8_SM_003937,M,1652,57.3,386.6,859.0,747,888,1401.2,1323.0,715.6,432.9,69.9,1333.0,869,712,61
8_SM_003938,M,1711,81.7,402.6,1000.0,880,1010,1456.5,1391.6,761.5,475.1,77.2,1363.0,936,775,70
8_SM_003939,M,1712,88.0,401.0,970.0,953,1061,1461.2,1410.1,745.9,448.3,70.3,1368.0,909,742,65
8_SM_003940,M,1659,81.7,415.7,1025.0,925,1052,1447.2,1366.8,742.6,451.9,78.3,1341.0,883,728,71
8_SM_003941,M,1669,67.4,389.0,905.0,812,935,1424.6,1366.1,730.2,445.1,74.4,1332.0,891,726,71
8_SM_003942,M,1759,95.5,433.4,1078.0,992,1066,1516.7,1448.1,820.8,507.8,76.1,1445.0,979,806,72
8_SM_003943,M,1783,82.1,409.7,997.0,902,1024,1547.0,1462.6,844.9,509.3,74.9,1434.0,1002,839,73
8_SM_003944,M,1751,99.9,393.9,1120.0,1057,1080,1520.2,1453.6,777.4,496.6,86.1,1448.0,927,770,83
8_SM_003945,M,1737,63.6,380.1,936.0,751,913,1499.2,1429.3,831.4,480.5,67.6,1410.0,958,810,63
8_SM_003946,M,1772,66.7,410.1,890.0,720,925,1528.2,1430.1,788.4,465.3,71.4,1425.0,936,776,67
8_SM_003947,M,1820,83.1,423.0,1000.0,844,994,1564.6,1497.2,844.3,522.1,75.6,1481.0,1012,827,70
8_SM_003948,M,1794,75.7,412.4,918.0,829,1003,1554.1,1489.8,808.5,491.5,80.3,1450.0,969,804,75
8_SM_003949,M,1797,92.9,408.8,1024.0,900,1090,1535.2,1475.4,779.0,497.6,71.6,1469.0,971,789,64
8_SM_003950,M,1785,113.4,441.6,1125.0,1072,1192,1520.9,1461.9,804.5,483.0,75.2,1441.0,976,795,74
8_SM_003951,M,1764,69.2,390.2,947.0,826,959,1546.0,1443.1,824.9,494.3,70.1,1446.0,994,821,65
8_SM_003952,M,1694,69.1,376.3,904.0,813,998,1453.8,1383.2,758.7,459.6,66.5,1372.0,905,753,63
8_SM_003953,M,1745,96.3,426.7,1152.0,1048,1053,1497.1,1423.0,805.3,481.2,80.1,1398.0,959,804,74
8_SM_003954,M,1803,77.9,410.0,972.0,880,965,1547.7,1466.0,817.5,513.2,75.9,1441.0,988,814,75
8_SM_003955,M,1786,69.5,404.0,939.0,805,936,1531.8,1466.0,813.9,501.1,65.5,1454.0,992,825,59
8_SM_003956,M,1789,55.7,401.0,840.0,683,865,1550.7,1493.3,865.3,530.4,76.5,1464.0,1001,853,71
8_SM_003957,M,1761,72.7,403.6,962.0,835,963,1523.6,1442.2,794.3,496.6,72.7,1410.0,959,790,66
8_SM_003958,M,1810,72.8,409.8,943.0,782,930,1563.4,1480.4,836.6,504.5,74.6,1462.0,977,817,62
8_SM_003959,M,1711,70.5,410.6,952.0,824,968,1482.6,1415.1,777.7,466.4,77.3,1383.0,941,775,75
8_SM_003960,M,1691,79.4,415.8,1000.0,880,1008,1419.1,1372.6,747.4,466.0,83.4,1369.0,897,739,79
8_SM_003961,M,1751,76.3,387.8,968.0,815,995,1522.6,1452.9,817.5,499.4,73.8,1413.0,971,810,69
8_SM_003962,M,1792,93.1,395.2,1022.0,962,1068,1556.6,1502.9,853.4,516.7,76.8,1488.0,1004,855,71
8_SM_003963,M,1778,88.6,401.6,1040.0,978,1049,1543.9,1453.9,814.7,483.1,76.6,1442.0,967,802,71
8_SM_003964,M,1736,73.6,403.4,918.0,822,973,1514.8,1416.7,842.3,496.9,69.9,1418.0,967,820,68
8_SM_003965,M,1678,63.7,408.5,892.0,760,931,1457.4,1377.9,768.2,451.6,69.1,1370.0,917,756,63
8_SM_003966,M,1770,71.8,408.9,918.0,828,962,1523.6,1452.6,810.5,485.9,81.0,1429.0,955,802,76
8_SM_003967,M,1744,77.2,421.2,980.0,870,975,1511.9,1427.2,792.3,468.9,69.0,1404.0,957,790,63
8_SM_003968,M,1725,81.5,389.0,1008.0,834,1003,1482.9,1412.2,745.8,459.2,74.2,1402.0,902,738,67
8_SM_003969,M,1742,85.4,401.4,1059.0,942,963,1490.0,1421.3,785.9,469.0,81.8,1425.0,912,785,77
8_SM_003970,M,1697,75.4,393.3,980.0,836,1010,1451.8,1381.8,737.3,464.5,74.4,1378.0,900,747,71
8_SM_003971,M,1674,102.3,385.3,1119.0,1050,1125,1434.4,1388.2,707.8,454.0,80.8,1388.0,886,718,80
8_SM_003972,M,1672,65.9,401.6,914.0,787,926,1450.1,1379.8,783.0,482.1,74.2,1363.0,912,762,69
8_SM_003973,M,1841,80.7,414.2,1018.0,840,987,1606.2,1522.7,868.7,519.2,80.9,1491.0,1031,878,73
8_SM_003974,M,1739,68.7,400.5,893.0,790,976,1477.3,1420.6,797.0,501.4,70.1,1411.0,938,802,65
8_SM_003975,M,1808,79.0,412.8,966.0,821,998,1575.1,1501.3,832.2,526.5,70.0,1483.0,1001,840,69
8_SM_003976,M,1643,61.6,373.9,945.0,723,895,1413.2,1343.2,734.5,449.1,68.8,1341.0,882,723,65
8_SM_003977,M,1748,69.8,417.2,895.0,790,977,1505.6,1431.8,787.8,473.1,76.0,1411.0,949,787,72
8_SM_003978,M,1760,80.9,406.0,1013.0,910,985,1511.6,1431.6,807.1,497.1,74.0,1417.0,967,802,69
8_SM_003979,M,1696,56.1,383.4,815.0,711,895,1472.3,1391.8,795.2,475.1,76.4,1363.0,952,789,73
8_SM_003980,M,1717,61.6,383.2,819.0,717,885,1472.2,1398.9,800.8,473.2,72.9,1378.0,943,785,68
8_SM_003981,M,1812,65.7,414.5,860.0,736,903,1565.0,1481.0,840.5,498.8,72.5,1467.0,992,827,67
8_SM_003982,M,1728,70.5,399.5,930.0,800,951,1499.1,1412.2,808.0,491.7,78.2,1422.0,946,796,75
8_SM_003983,M,1772,82.4,374.9,1003.0,909,1022,1536.5,1462.3,822.8,510.2,80.9,1459.0,980,813,77
8_SM_003984,M,1799,76.6,402.7,939.0,842,965,1542.3,1479.5,810.6,485.9,78.4,1450.0,977,827,73
8_SM_003985,M,1723,72.0,389.3,922.0,810,941,1472.1,1410.3,791.1,465.7,68.1,1374.0,945,787,62
8_SM_003986,M,1706,63.5,378.2,892.0,778,928,1487.3,1391.2,789.9,486.0,78.2,1370.0,926,774,73
8_SM_003987,M,1742,66.9,385.5,890.0,730,947,1491.6,1414.5,791.5,469.2,72.3,1379.0,934,776,66
8_SM_003988,M,1760,78.2,409.1,974.0,872,980,1508.5,1427.3,817.1,488.4,76.1,1410.0,968,805,73
8_SM_003989,M,1836,94.4,389.2,1022.0,944,1045,1596.5,1522.9,834.8,517.7,81.3,1550.0,996,825,77
8_SM_003990,M,1780,97.5,404.5,1103.0,1005,1088,1542.7,1492.0,805.9,521.5,75.8,1476.0,980,800,71
8_SM_003991,M,1711,78.6,387.4,1005.0,838,1036,1471.1,1393.1,777.4,481.6,66.4,1370.0,930,770,61
8_SM_003992,M,1804,64.7,410.9,919.0,730,916,1545.1,1476.5,881.7,555.8,74.5,1457.0,1027,868,72
8_SM_003993,M,1775,88.6,399.5,990.0,900,1085,1545.3,1452.5,785.2,506.6,75.6,1434.0,1003,808,72
8_SM_003994,M,1761,88.5,406.0,1057.0,1019,1072,1517.2,1456.0,797.3,465.5,84.8,1450.0,957,789,84
8_SM_003995,M,1613,81.6,387.6,1081.0,977,1047,1375.2,1317.6,714.1,426.6,68.4,1304.0,868,701,65
8_SM_003996,M,1700,58.6,404.1,871.0,758,895,1451.0,1372.6,801.3,487.0,70.9,1345.0,942,805,68
8_SM_003997,M,1560,61.0,381.9,950.0,874,885,1492.5,1399.2,776.5,468.8,74.2,1255.0,824,681,67
8_SM_003998,M,1750,64.9,364.1,933.0,794,901,1338.6,1262.1,694.7,414.0,68.2,1400.0,944,794,71
8_SM_003999,M,1723,70.1,381.6,978.0,879,912,1491.8,1418.0,802.1,465.5,82.0,1393.0,941,791,80
8_SM_004000,M,1720,60.6,389.9,900.0,784,893,1486.9,1392.8,796.4,452.8,68.1,1379.0,933,787,65
8_SM_004001,M,1755,65.8,398.9,856.0,817,923,1515.9,1419.0,800.5,454.5,64.2,1385.0,950,789,62
8_SM_004002,M,1660,65.4,366.9,939.0,849,910,1426.5,1359.0,763.6,433.3,67.1,1350.0,887,751,65
8_SM_004003,M,1650,73.7,377.8,1022.0,977,1013,1402.5,1341.4,724.6,428.8,61.4,1326.0,880,720,61
8_SM_004004,M,1746,75.1,396.5,1004.0,939,934,1514.4,1428.9,816.6,476.5,76.8,1440.0,954,805,75
8_SM_004005,M,1670,64.8,386.0,931.0,852,946,1424.0,1355.3,736.7,423.3,70.4,1353.0,892,730,70
8_SM_004006,M,1710,71.9,410.5,956.0,912,973,1469.2,1397.4,775.5,462.9,81.3,1379.0,914,755,80
8_SM_004007,M,1692,74.2,377.9,998.0,981,955,1448.9,1393.5,778.6,465.7,72.0,1400.0,937,783,70
8_SM_004008,M,1626,71.5,370.6,999.0,893,976,1375.7,1336.3,752.6,425.6,64.4,1346.0,892,730,62
8_SM_004009,M,1620,62.1,387.9,903.0,843,917,1373.3,1304.8,696.5,425.5,71.0,1294.0,847,690,70
8_SM_004010,M,1697,73.2,405.9,1005.0,953,950,1434.8,1365.6,782.7,459.9,77.7,1355.0,919,764,72
8_SM_004011,M,1675,70.7,398.4,950.0,908,932,1422.0,1355.5,743.8,439.5,73.5,1342.0,880,738,68
8_SM_004012,M,1748,67.6,382.7,934.0,863,955,1521.9,1422.2,802.1,470.1,82.0,1397.0,934,785,73
8_SM_004013,M,1648,73.5,393.2,1013.0,914,943,1396.4,1359.4,709.4,447.2,83.9,1328.0,864,699,78
8_SM_004014,M,1650,59.6,394.1,925.0,782,904,1404.6,1337.2,736.1,433.6,74.4,1318.0,873,736,72
8_SM_004015,M,1640,90.9,394.9,1113.0,1107,1069,1380.4,1329.7,722.2,433.9,70.0,1305.0,865,718,68
8_SM_004016,M,1700,65.6,387.5,928.0,829,902,1442.9,1381.1,793.7,466.2,75.9,1358.0,920,780,72
8_SM_004017,M,1792,63.5,395.9,885.0,769,928,1543.3,1453.6,840.0,482.6,85.0,1473.0,976,828,80
8_SM_004018,M,1700,80.0,401.1,1053.0,979,1023,1458.6,1381.2,800.5,482.5,81.7,1382.0,947,788,76
8_SM_004019,M,1701,63.9,383.6,889.0,818,919,1472.9,1394.4,751.1,433.2,71.6,1357.0,865,739,72
8_SM_004020,M,1680,70.1,386.0,943.0,874,921,1436.4,1356.0,720.7,432.5,76.4,1358.0,877,713,70
8_SM_004021,M,1626,59.3,370.9,901.0,805,900,1372.6,1304.1,734.7,434.8,66.0,1310.0,875,721,63
8_SM_004022,M,1762,68.9,390.1,947.0,833,956,1510.1,1430.7,799.3,476.1,77.3,1426.0,941,791,72
8_SM_004023,M,1802,82.9,411.1,1040.0,877,1002,1536.0,1450.8,833.3,497.0,78.5,1465.0,969,811,75
8_SM_004024,M,1753,68.4,388.1,965.0,809,939,1521.9,1430.1,812.7,490.6,72.5,1434.0,951,801,71
8_SM_004025,M,1660,70.6,393.6,982.0,930,965,1416.8,1337.1,750.2,466.3,78.4,1335.0,892,734,75
8_SM_004026,M,1775,68.1,374.9,895.0,785,945,1526.6,1439.8,821.0,475.3,58.7,1448.0,947,808,52
8_SM_004027,M,1692,63.7,354.7,935.0,829,907,1442.2,1371.0,773.3,445.3,72.2,1359.0,892,754,68
8_SM_004028,M,1722,79.3,389.0,1044.0,887,1023,1486.5,1416.3,791.9,477.4,74.9,1384.0,934,783,68
8_SM_004029,M,1606,70.6,376.3,991.0,883,983,1362.1,1300.6,714.1,431.8,77.0,1284.0,855,708,72
8_SM_004030,M,1678,74.5,409.0,1012.0,883,998,1438.6,1375.2,746.5,439.7,70.5,1346.0,890,733,65
8_SM_004031,M,1770,69.0,401.6,966.0,848,963,1547.1,1447.8,821.3,492.9,73.9,1454.0,958,797,62
8_SM_004032,M,1760,100.0,391.4,1155.0,1019,1062,1500.8,1434.2,790.7,464.3,76.4,1429.0,938,784,75
8_SM_004033,M,1626,83.4,373.0,1075.0,1007,1010,1374.0,1310.3,707.2,432.9,72.4,1313.0,875,701,75
8_SM_004034,M,1710,79.5,390.7,1065.0,958,971,1475.2,1408.7,778.0,465.5,83.8,1394.0,928,767,78
8_SM_004035,M,1746,87.5,431.1,1015.0,1009,1047,1508.0,1420.6,767.4,465.0,77.5,1413.0,930,765,74
8_SM_004036,M,1810,76.3,402.9,968.0,879,958,1561.4,1486.9,852.0,500.8,76.8,1488.0,995,834,73
8_SM_004037,M,1630,55.7,376.9,892.0,818,855,1385.1,1308.8,707.5,429.3,69.0,1309.0,865,705,67
8_SM_004038,M,1671,66.6,391.2,920.0,853,978,1439.7,1350.6,755.0,444.8,72.6,1340.0,890,744,67
8_SM_004039,M,1670,64.0,374.4,920.0,859,914,1417.7,1353.4,747.2,442.8,73.3,1348.0,900,738,69
8_SM_004040,M,1741,83.1,425.6,1059.0,989,1039,1488.7,1419.5,790.3,463.8,76.8,1404.0,943,777,73
8_SM_004041,M,1719,80.5,404.4,1077.0,986,977,1466.0,1390.8,764.3,464.5,82.7,1394.0,909,765,64
8_SM_004042,M,1763,101.7,429.0,1168.0,1067,1090,1498.8,1435.9,793.7,494.5,70.9,1416.0,941,783,68
8_SM_004043,M,1718,71.0,417.2,968.0,859,954,1481.9,1391.4,776.8,457.5,74.7,1398.0,916,764,66
8_SM_004044,M,1720,78.7,437.9,961.0,949,1035,1484.0,1418.4,757.1,471.8,73.9,1383.0,919,755,70
8_SM_004045,M,1720,86.7,414.6,1078.0,1004,1017,1474.6,1391.6,747.3,450.7,71.1,1361.0,901,752,67
8_SM_004046,M,1744,76.3,419.2,1003.0,844,1004,1508.9,1408.2,769.9,438.8,72.0,1385.0,916,764,72
8_SM_004047,M,1767,85.6,402.7,1045.0,951,1023,1522.8,1452.8,825.8,463.8,72.2,1454.0,970,805,65
8_SM_004048,M,1769,65.2,371.9,897.0,827,927,1525.4,1435.1,809.4,483.9,75.3,1437.0,945,800,72
8_SM_004049,M,1675,69.9,388.8,968.0,897,971,1448.2,1377.1,758.8,448.0,78.3,1360.0,903,749,72
8_SM_004050,M,1697,87.1,379.2,1033.0,991,1061,1472.4,1391.6,760.1,454.5,69.7,1391.0,915,744,65
8_SM_004051,M,1698,58.8,386.7,899.0,807,893,1457.1,1377.2,778.7,458.2,66.9,1364.0,907,774,65
8_SM_004052,M,1683,89.1,420.1,1123.0,1010,1028,1455.5,1367.7,756.9,464.6,66.9,1352.0,922,746,63
8_SM_004053,M,1733,75.4,396.6,987.0,857,977,1506.7,1428.1,779.4,504.6,78.4,1421.0,941,762,72
8_SM_004054,M,1759,79.7,397.6,1035.0,944,965,1500.1,1454.8,777.8,477.7,74.8,1455.0,955,776,73
8_SM_004055,M,1762,76.3,401.8,960.0,927,959,1515.4,1448.8,814.4,502.5,76.9,1423.0,982,800,72
8_SM_004056,M,1685,72.2,384.3,967.0,857,945,1452.0,1383.8,762.5,450.7,75.3,1353.0,897,750,65
8_SM_004057,M,1645,75.8,402.9,1004.0,944,983,1398.8,1334.3,710.0,421.2,76.4,1307.0,856,703,70
8_SM_004058,M,1735,73.9,411.2,969.0,907,985,1501.8,1423.9,798.5,460.1,70.2,1423.0,958,786,62
8_SM_004059,M,1692,60.2,407.6,885.0,808,904,1450.5,1375.7,761.9,450.7,69.4,1364.0,904,745,65
8_SM_004060,M,1647,64.5,381.3,966.0,823,990,1394.6,1333.9,735.6,448.4,71.6,1331.0,881,732,65
8_SM_004061,M,1702,72.7,412.8,1025.0,888,970,1478.5,1384.3,773.2,451.0,69.7,1369.0,927,763,62
8_SM_004062,M,1792,88.2,428.3,1044.0,965,1068,1574.4,1477.1,816.3,501.8,75.0,1460.0,999,813,70
8_SM_004063,M,1752,72.1,413.3,1004.0,843,963,1480.0,1423.2,823.2,483.8,75.6,1417.0,958,803,66
8_SM_004064,M,1692,84.3,402.1,1040.0,962,1062,1438.0,1382.7,769.4,454.5,71.2,1393.0,927,757,65
8_SM_004065,M,1808,77.2,407.5,1010.0,923,973,1549.1,1457.5,824.6,503.2,75.0,1473.0,968,809,71
8_SM_004066,M,1710,62.9,358.2,941.0,875,905,1459.1,1381.8,778.9,466.0,74.3,1370.0,926,776,67
8_SM_004067,M,1660,55.0,388.7,873.0,747,895,1417.9,1339.6,761.3,447.9,72.1,1329.0,898,755,70
8_SM_004068,M,1783,85.6,406.6,1037.0,1000,994,1538.1,1459.0,819.8,488.6,87.7,1485.0,966,806,82
8_SM_004069,M,1663,89.7,418.4,1102.0,1067,1048,1414.1,1353.7,705.2,443.9,69.4,1378.0,894,704,72
8_SM_004070,M,1710,72.8,380.0,987.0,928,949,1469.8,1387.1,745.0,471.1,73.9,1407.0,918,744,70
8_SM_004071,M,1666,79.2,418.1,1089.0,959,982,1411.7,1347.3,716.0,446.9,67.3,1334.0,888,716,62
8_SM_004072,M,1691,74.7,395.8,1004.0,932,987,1462.3,1387.3,743.2,437.9,64.2,1366.0,886,732,60
8_SM_004073,M,1610,67.2,405.3,952.0,903,948,1365.8,1315.4,723.0,417.6,69.7,1296.0,858,718,65
8_SM_004074,M,1685,75.3,398.9,990.0,939,978,1432.0,1372.2,748.5,448.0,77.3,1368.0,892,744,75
8_SM_004075,M,1743,64.5,404.5,905.0,778,921,1498.2,1426.0,803.8,461.7,67.1,1413.0,943,787,66
8_SM_004076,M,1630,70.0,390.9,990.0,930,977,1380.6,1311.5,723.8,422.7,71.0,1300.0,863,711,65
8_SM_004077,M,1623,66.9,361.0,966.0,937,922,1384.8,1318.5,718.0,435.3,66.5,1304.0,890,711,62
8_SM_004078,M,1753,77.1,407.3,971.0,937,989,1504.8,1440.8,802.1,468.8,81.2,1419.0,943,791,77
8_SM_004079,M,1691,59.0,402.7,879.0,789,910,1449.5,1372.9,756.3,444.4,65.1,1353.0,887,744,61
8_SM_004080,M,1748,79.5,422.4,1053.0,930,996,1490.7,1413.6,801.1,471.9,80.8,1416.0,926,792,75
8_SM_004081,M,1702,69.6,380.9,998.0,860,972,1433.8,1376.4,776.8,453.8,76.3,1381.0,936,770,70
8_SM_004082,M,1762,83.5,409.9,999.0,951,1020,1519.6,1437.7,798.2,492.4,83.7,1423.0,960,792,76
8_SM_004083,M,1680,75.0,389.3,996.0,916,965,1425.1,1375.5,732.3,442.7,78.2,1375.0,892,727,70
8_SM_004084,M,1721,79.2,417.3,1039.0,945,994,1482.1,1392.1,758.7,458.9,78.6,1391.0,910,747,71
8_SM_004085,M,1525,52.8,369.6,876.0,779,865,1280.1,1226.8,650.6,396.3,68.4,1227.0,793,644,67
8_SM_004086,M,1611,63.8,362.4,963.0,940,898,1371.0,1310.2,709.5,433.9,62.0,1314.0,857,707,61
8_SM_004087,M,1744,79.8,407.5,1037.0,918,1001,1507.7,1405.2,786.9,466.8,79.3,1398.0,928,778,72
8_SM_004088,M,1732,84.5,366.7,1100.0,995,1020,1505.5,1428.6,809.4,502.7,75.2,1440.0,965,800,67
8_SM_004089,M,1712,76.7,396.4,1013.0,923,1030,1485.4,1405.2,767.3,452.6,68.7,1413.0,931,758,67
8_SM_004090,M,1715,76.7,412.3,1002.0,982,997,1471.5,1387.0,783.0,479.1,80.5,1374.0,936,776,75
8_SM_004091,M,1745,77.5,406.1,1002.0,918,998,1508.8,1434.7,817.4,480.2,83.8,1431.0,971,807,80
8_SM_004092,M,1902,97.7,429.4,1095.0,966,1035,1658.3,1590.5,923.6,522.1,80.2,1573.0,1079,912,78
8_SM_004093,M,1700,70.1,408.2,958.0,845,969,1470.3,1374.5,768.8,443.8,69.8,1390.0,892,750,62
8_SM_004094,M,1675,70.4,387.7,960.0,878,934,1432.1,1345.7,743.2,460.1,64.8,1347.0,892,729,62
8_SM_004095,M,1796,82.1,404.9,1006.0,937,1005,1540.9,1454.5,810.0,492.0,79.9,1438.0,964,796,76
8_SM_004096,M,1757,69.0,380.5,946.0,861,949,1513.5,1423.3,798.4,465.5,65.8,1414.0,957,785,66
8_SM_004097,M,1655,76.9,398.1,1009.0,953,970,1418.1,1363.1,731.0,453.8,69.2,1341.0,895,715,70
8_SM_004098,M,1798,87.2,412.6,1020.0,956,1053,1555.8,1466.7,828.8,501.1,86.7,1495.0,979,817,81
8_SM_004099,M,1614,53.2,387.1,903.0,822,847,1370.1,1303.1,707.0,421.4,69.7,1265.0,860,700,70
8_SM_004100,M,1745,83.8,412.5,1064.0,1033,990,1455.0,1397.3,762.5,466.0,70.7,1402.0,927,759,67
8_SM_004101,M,1770,83.8,415.9,1045.0,952,1001,1532.8,1452.9,815.2,500.7,73.6,1438.0,983,812,70
8_SM_004102,M,1620,56.1,374.1,941.0,822,837,1399.6,1320.5,720.4,424.5,69.8,1309.0,859,717,67
8_SM_004103,M,1673,61.3,374.6,886.0,794,918,1419.4,1354.2,769.5,469.0,64.1,1353.0,919,748,62
8_SM_004104,M,1725,63.8,387.2,924.0,873,920,1478.6,1409.0,791.4,458.3,65.9,1396.0,924,782,64
8_SM_004105,M,1755,80.8,396.8,1011.0,916,987,1529.2,1440.7,818.4,488.6,75.0,1445.0,959,806,71
8_SM_004106,M,1708,76.3,390.9,975.0,1005,1017,1466.6,1381.0,734.2,452.3,82.3,1352.0,890,731,78
8_SM_004107,M,1667,78.7,393.1,1045.0,1027,995,1424.1,1362.1,760.1,456.4,73.7,1388.0,903,746,72
8_SM_004108,M,1650,75.6,385.5,990.0,975,991,1414.6,1332.1,694.2,423.1,62.3,1308.0,838,685,58
8_SM_004109,M,1690,75.5,418.7,1032.0,930,1012,1432.0,1359.8,734.9,447.4,82.0,1362.0,868,714,76
8_SM_004110,M,1647,87.7,384.2,873.0,728,904,1427.9,1343.0,731.4,438.2,76.3,1322.0,853,717,70
8_SM_004111,M,1710,73.3,403.9,1010.0,872,945,1480.7,1398.6,774.5,472.5,73.9,1371.0,910,763,67
8_SM_004112,M,1684,61.3,398.5,910.0,813,909,1448.2,1360.1,757.8,451.7,70.1,1324.0,891,754,70
8_SM_004113,M,1688,71.8,389.8,1023.0,927,964,1442.9,1370.0,752.8,461.7,78.4,1364.0,909,747,72
8_SM_004114,M,1656,78.8,388.9,1007.0,982,1036,1402.0,1348.1,753.2,448.9,72.8,1358.0,901,748,66
8_SM_004115,M,1670,70.6,381.0,982.0,888,937,1410.0,1353.5,735.8,457.6,80.7,1348.0,895,730,77
8_SM_004116,M,1676,59.5,381.7,917.0,853,899,1431.3,1350.1,744.3,452.4,63.1,1357.0,902,735,63
8_SM_004117,M,1708,79.9,423.8,1053.0,986,980,1443.9,1378.7,743.6,445.5,72.6,1344.0,891,726,68
8_SM_004118,M,1793,74.6,404.9,965.0,863,959,1552.9,1461.3,798.0,482.3,77.5,1464.0,959,797,72
8_SM_004119,M,1674,59.1,393.2,866.0,778,912,1451.5,1361.9,747.5,453.8,69.9,1343.0,891,731,67
8_SM_004120,M,1794,75.4,416.4,991.0,883,993,1557.0,1465.3,851.0,499.5,71.0,1455.0,1004,836,68
8_SM_004121,M,1725,75.2,379.7,1009.0,927,979,1505.5,1424.9,772.4,471.6,77.6,1419.0,934,766,71
8_SM_004122,M,1740,72.5,392.8,977.0,863,942,1499.4,1415.6,794.2,451.8,76.3,1404.0,930,785,73
8_SM_004123,M,1777,88.8,424.7,1049.0,979,1040,1519.2,1446.9,826.7,487.3,73.6,1448.0,963,814,71
8_SM_004124,M,1718,64.5,404.4,928.0,824,934,1490.4,1395.0,780.0,451.6,65.1,1378.0,910,774,63
8_SM_004125,M,1724,86.5,416.6,989.0,969,1052,1486.8,1410.0,753.6,459.6,74.7,1390.0,904,749,70
8_SM_004126,M,1725,80.8,425.8,996.0,905,1020,1464.5,1393.1,803.0,474.1,75.5,1391.0,944,790,70
8_SM_004127,M,1705,81.3,392.3,1050.0,969,1050,1461.7,1398.3,752.5,444.5,76.3,1393.0,900,748,71
8_SM_004128,M,1825,72.5,422.1,955.0,855,988,1586.2,1493.7,858.9,507.5,82.4,1480.0,1012,846,75
8_SM_004129,M,1700,57.8,397.9,895.0,760,861,1468.3,1380.9,791.9,466.8,74.6,1404.0,937,784,74
8_SM_004130,M,1677,66.9,402.9,1010.0,825,933,1455.4,1373.9,783.4,472.5,75.0,1358.0,898,766,69
8_SM_004131,M,1748,55.2,401.7,868.0,721,869,1516.2,1413.4,825.6,473.4,63.2,1399.0,970,816,61
8_SM_004132,M,1741,62.2,405.4,883.0,841,930,1497.3,1437.4,836.0,489.5,79.8,1408.0,991,818,75
8_SM_004133,M,1755,77.4,400.3,982.0,934,965,1493.6,1412.9,761.7,470.7,71.1,1408.0,922,758,63
8_SM_004134,M,1564,66.7,383.5,971.0,898,914,1345.8,1276.4,708.4,428.0,74.6,1270.0,840,703,66
8_SM_004135,M,1714,75.4,420.4,997.0,859,965,1480.5,1394.2,767.4,456.4,72.6,1364.0,893,754,70
8_SM_004136,M,1720,68.2,392.5,959.0,887,939,1465.2,1404.2,747.5,468.6,79.3,1391.0,912,734,75
8_SM_004137,M,1673,70.7,388.0,937.0,938,969,1433.1,1365.8,757.9,459.5,70.5,1322.0,881,733,65
8_SM_004138,M,1775,76.0,409.6,964.0,900,978,1528.2,1462.6,808.0,487.5,77.7,1450.0,955,801,70
8_SM_004139,M,1718,80.9,410.7,1036.0,998,988,1461.3,1393.6,759.4,474.1,72.8,1384.0,916,754,70
8_SM_004140,M,1685,64.4,393.5,983.0,791,886,1443.2,1354.2,752.0,427.0,66.8,1352.0,887,744,64
8_SM_004141,M,1764,65.6,387.6,827.0,782,963,1520.2,1431.6,811.3,473.1,73.0,1407.0,944,795,67
8_SM_004142,M,1763,74.7,405.4,956.0,869,953,1518.8,1422.4,804.6,463.9,74.6,1431.0,944,785,72
8_SM_004143,M,1710,71.8,412.0,936.0,893,955,1474.0,1390.5,758.0,458.6,78.4,1374.0,908,751,72
8_SM_004144,M,1725,74.7,413.7,965.0,915,978,1473.0,1399.7,758.2,487.3,74.3,1399.0,939,752,70
8_SM_004145,M,1685,68.7,388.8,928.0,861,968,1444.5,1361.5,737.6,432.4,67.5,1345.0,885,724,65
8_SM_004146,M,1626,65.0,395.4,933.0,857,934,1387.4,1309.5,726.7,417.2,67.7,1317.0,843,711,61
8_SM_004147,M,1759,77.8,420.6,1004.0,985,977,1501.8,1435.2,820.7,498.1,73.4,1443.0,962,807,72
8_SM_004148,M,1643,85.6,408.8,1084.0,1064,1054,1402.0,1337.2,736.8,451.6,68.5,1324.0,867,732,65
8_SM_004149,M,1792,90.0,413.4,1079.0,996,1003,1548.6,1479.2,811.0,493.8,77.1,1480.0,972,806,73
8_SM_004150,M,1734,78.0,406.1,1019.0,945,985,1495.8,1408.3,768.6,438.1,69.9,1386.0,912,757,63
8_SM_004151,M,1680,82.7,403.7,1060.0,1012,1029,1445.9,1361.8,735.3,447.4,71.8,1350.0,889,724,67
8_SM_004152,M,1743,73.6,410.8,980.0,916,975,1507.5,1437.1,821.8,473.8,72.0,1415.0,949,802,67
8_SM_004153,M,1730,63.3,403.4,846.0,786,887,1504.6,1415.3,804.9,456.2,68.2,1368.0,939,796,70
8_SM_004154,M,1733,67.0,407.4,934.0,715,931,1483.3,1407.8,803.6,443.1,76.5,1416.0,924,784,70
8_SM_004155,M,1691,57.3,387.5,830.0,784,886,1468.1,1374.4,777.0,451.7,67.3,1346.0,902,765,62
8_SM_004156,M,1635,80.6,420.9,1067.0,1018,1033,1381.0,1326.3,706.4,450.9,59.3,1316.0,864,699,56
8_SM_004157,M,1694,73.0,408.2,1028.0,949,969,1440.4,1371.7,762.4,454.9,77.0,1361.0,903,747,70
8_SM_004158,M,1740,89.1,410.7,1079.0,979,1039,1475.3,1420.2,772.5,472.4,79.4,1421.0,931,767,72
8_SM_004159,M,1644,53.5,356.1,838.0,800,879,1419.2,1336.1,771.8,454.2,62.2,1344.0,904,756,62
8_SM_004160,M,1807,82.3,409.1,999.0,906,1007,1572.2,1490.3,846.3,485.0,72.4,1475.0,993,837,70
8_SM_004161,M,1692,71.4,404.9,979.0,911,950,1458.0,1378.9,767.8,464.7,76.9,1367.0,896,755,69
8_SM_004162,M,1747,103.8,390.1,1148.0,1216,1128,1461.5,1396.2,785.9,478.5,78.0,1414.0,954,768,70
8_SM_004163,M,1675,85.2,391.0,1023.0,1012,1057,1433.0,1366.2,731.7,452.8,71.5,1370.0,888,727,65
8_SM_004164,M,1615,58.5,381.0,851.0,810,917,1386.4,1307.6,733.4,411.8,61.6,1299.0,864,707,61
8_SM_004165,M,1783,72.9,402.3,956.0,854,939,1533.2,1452.3,841.8,499.9,75.7,1450.0,980,823,72
8_SM_004166,M,1708,83.9,414.3,1022.0,979,1038,1467.9,1391.6,749.5,463.2,69.1,1382.0,909,744,64
8_SM_004167,M,1777,81.6,424.6,1002.0,932,1038,1522.3,1442.4,827.8,493.0,74.3,1429.0,977,817,67
8_SM_004168,M,1653,59.5,404.5,928.0,854,877,1416.4,1330.5,740.5,443.5,73.3,1307.0,898,728,67
8_SM_004169,M,1785,82.8,410.7,984.0,934,1010,1522.4,1444.2,821.4,496.1,70.9,1460.0,968,815,71
8_SM_004170,M,1665,91.9,396.4,1095.0,1134,1060,1413.6,1360.7,738.7,451.2,77.6,1366.0,887,735,75
8_SM_004171,M,1684,64.0,391.2,889.0,832,928,1450.8,1384.3,763.0,442.1,71.9,1362.0,878,753,65
8_SM_004172,M,1722,63.4,377.3,884.0,773,871,1470.2,1408.4,762.9,464.8,68.4,1394.0,897,755,63
8_SM_004173,M,1702,73.3,394.0,1002.0,912,959,1459.3,1363.7,750.5,447.0,72.9,1358.0,880,743,68
8_SM_004174,M,1677,66.0,429.3,935.0,824,920,1434.3,1368.2,773.8,451.3,71.7,1370.0,908,758,65
8_SM_004175,M,1661,69.9,380.6,977.0,925,910,1413.1,1338.9,700.7,440.2,67.3,1328.0,857,697,64
8_SM_004176,M,1600,61.2,370.7,893.0,866,904,1371.0,1292.7,671.4,416.2,72.8,1282.0,833,663,65
8_SM_004177,M,1704,82.1,397.2,1012.0,1006,1034,1463.0,1389.3,746.4,460.3,69.0,1400.0,907,739,61
8_SM_004178,M,1735,56.4,389.6,874.0,787,885,1489.0,1399.6,784.4,465.9,67.2,1404.0,942,777,61
8_SM_004179,M,1641,69.0,409.4,977.0,900,916,1400.3,1321.7,719.3,432.8,65.6,1334.0,864,704,60
8_SM_004180,M,1624,63.4,390.8,931.0,849,903,1393.9,1316.5,724.2,429.7,76.3,1305.0,854,709,70
8_SM_004181,M,1642,62.5,384.4,915.0,789,898,1400.4,1330.7,746.8,438.7,73.7,1333.0,876,734,68
8_SM_004182,M,1646,64.4,391.0,923.0,873,924,1401.6,1325.7,730.9,435.3,58.9,1317.0,850,714,56
8_SM_004183,M,1675,72.1,379.2,965.0,947,966,1417.7,1344.0,716.1,434.7,63.6,1333.0,881,723,60
8_SM_004184,M,1706,60.6,381.1,945.0,812,860,1479.7,1385.7,776.6,459.5,63.7,1363.0,917,764,58
8_SM_004185,M,1804,73.0,392.5,976.0,893,970,1559.8,1478.7,842.0,501.0,74.6,1465.0,983,826,71
8_SM_004186,M,1720,77.5,407.9,980.0,916,990,1475.0,1401.1,774.3,456.6,77.0,1404.0,910,763,69
8_SM_004187,M,1735,69.4,388.2,935.0,877,910,1498.1,1423.7,790.8,473.4,73.6,1419.0,942,785,70
8_SM_004188,M,1827,73.7,403.6,933.0,852,968,1570.4,1487.6,859.6,498.7,72.2,1480.0,984,845,72
8_SM_004189,M,1635,63.5,399.2,942.0,766,944,1401.5,1320.4,745.9,428.2,68.2,1301.0,868,725,61
8_SM_004190,M,1743,68.8,412.8,943.0,856,934,1498.7,1418.7,818.6,489.7,70.0,1406.0,964,799,65
8_SM_004191,M,1727,72.0,398.7,935.0,874,964,1489.7,1417.4,800.1,470.6,72.0,1407.0,954,782,70
8_SM_004192,M,1870,93.6,410.7,1037.0,1002,1033,1621.7,1518.3,837.2,508.5,76.7,1514.0,1004,823,75
8_SM_004193,M,1696,83.9,396.4,1009.0,988,1014,1451.2,1379.6,738.6,446.1,67.1,1384.0,888,730,62
8_SM_004194,M,1772,75.6,387.6,968.0,897,964,1528.2,1450.1,831.0,491.5,68.2,1455.0,975,811,63
8_SM_004195,M,1759,73.0,388.6,924.0,933,954,1502.0,1424.7,777.3,468.8,72.4,1398.0,944,770,68
8_SM_004196,M,1675,60.2,398.5,867.0,789,890,1426.5,1345.6,754.1,445.1,72.9,1348.0,912,738,71
8_SM_004197,M,1673,72.1,413.9,946.0,895,985,1430.8,1342.7,732.9,432.1,68.8,1327.0,876,723,68
8_SM_004198,M,1610,64.8,388.0,917.0,892,928,1371.3,1313.9,719.2,444.7,71.1,1317.0,867,716,64
8_SM_004199,M,1672,68.3,380.3,933.0,866,917,1423.8,1351.7,749.2,444.7,69.9,1362.0,905,735,70
8_SM_004200,M,1674,65.3,388.4,970.0,845,924,1430.5,1361.4,735.3,451.5,64.3,1337.0,853,728,62
8_SM_004201,M,1765,69.0,389.8,948.0,826,933,1543.9,1452.7,828.2,472.5,78.8,1434.0,973,817,72
8_SM_004202,M,1725,80.1,410.6,1024.0,903,1044,1503.5,1406.9,770.4,466.1,70.3,1390.0,937,769,67
8_SM_004203,M,1641,69.1,391.5,996.0,884,912,1397.8,1309.9,723.5,433.3,66.3,1292.0,857,698,63
8_SM_004204,M,1690,56.0,402.0,841.0,763,891,1446.1,1362.2,758.4,439.3,66.1,1354.0,900,755,65
8_SM_004205,M,1706,65.3,394.2,953.0,826,912,1468.5,1383.2,811.5,465.5,71.6,1371.0,930,792,69
8_SM_004206,M,1675,78.8,421.5,1014.0,957,982,1439.2,1370.1,713.9,451.2,70.8,1345.0,902,719,70
8_SM_004207,M,1664,70.7,402.8,975.0,940,962,1405.3,1328.8,713.1,430.8,71.7,1305.0,887,723,68
8_SM_004208,M,1665,71.8,401.9,936.0,931,976,1432.0,1331.1,689.5,420.6,69.1,1317.0,871,698,70
8_SM_004209,M,1660,56.0,411.4,865.0,780,894,1419.7,1333.1,780.5,481.2,71.5,1338.0,930,761,72
8_SM_004210,M,1676,59.0,393.8,868.0,810,886,1451.2,1364.8,782.4,449.3,78.9,1343.0,917,778,76
8_SM_004211,M,1700,59.4,394.8,868.0,740,944,1479.4,1384.1,797.7,464.0,68.5,1352.0,925,788,68
8_SM_004212,M,1683,86.1,405.4,1033.0,1057,1046,1439.1,1370.6,752.3,445.7,65.6,1374.0,902,746,64
8_SM_004213,M,1726,73.3,402.0,968.0,909,966,1488.7,1406.4,789.8,463.8,80.88,1399.0,912,775,76
8_SM_004214,M,1690,77.7,411.0,1018.0,960,977,1437.5,1374.8,750.5,459.3,72.2,1364.0,927,762,69
8_SM_004215,M,1700,63.6,411.6,954.0,825,897,1463.9,1374.4,766.1,462.6,72.8,1380.0,910,751,68
8_SM_004216,M,1685,56.9,377.8,893.0,851,871,1448.2,1356.7,758.1,433.4,59.5,1343.0,923,750,60
8_SM_004217,M,1761,84.7,424.5,1052.0,991,991,1518.1,1438.5,804.4,493.9,75.26,1446.0,954,810,74
8_SM_004218,M,1710,75.3,384.2,993.0,953,969,1451.8,1377.2,774.6,456.4,63.6,1390.0,928,770,62
8_SM_004219,M,1740,68.0,393.6,918.0,878,933,1506.6,1422.7,808.6,483.4,66.2,1393.0,935,796,74
8_SM_004220,M,1670,71.6,392.0,1014.0,887,935,1429.9,1350.6,743.2,457.2,74.5,1363.0,926,737,74
8_SM_004221,M,1660,85.1,405.2,1087.0,1138,1010,1405.8,1351.1,754.3,447.4,67.4,1335.0,900,743,65
8_SM_004222,M,1670,63.3,379.3,897.0,810,906,1403.4,1350.7,734.8,444.6,78.2,1362.0,893,723,75
8_SM_004223,M,1735,82.5,413.7,1065.0,956,990,1480.9,1392.8,760.6,462.6,68.4,1360.0,922,754,65
8_SM_004224,M,1720,64.5,381.0,912.0,837,921,1484.9,1405.8,786.4,469.4,74.7,1399.0,951,782,72
8_SM_004225,M,1726,61.0,365.1,870.0,843,894,1471.6,1413.7,834.1,492.9,66.6,1422.0,999,822,63
8_SM_004226,M,1720,97.7,422.0,1125.0,1069,1078,1466.2,1404.6,766.3,486.5,80.9,1427.0,937,757,78
8_SM_004227,M,1726,100.5,424.5,1180.0,1153,1092,1470.8,1397.7,756.8,458.5,86.2,1390.0,931,755,84
8_SM_004228,M,1695,68.9,411.9,902.0,858,949,1447.8,1367.5,773.8,455.2,67.9,1366.0,922,761,63
8_SM_004229,M,1690,69.5,372.3,932.0,889,940,1453.8,1368.5,753.6,447.4,70.4,1375.0,888,732,71
8_SM_004230,M,1745,88.6,415.8,1016.0,987,1035,1508.5,1418.4,761.2,477.5,68.5,1408.0,937,757,63
8_SM_004231,M,1705,67.2,406.7,1001.0,886,910,1452.4,1386.2,774.8,472.2,73.9,1387.0,956,766,71
8_SM_004232,M,1546,62.1,365.0,975.0,908,924,1282.9,1230.9,677.2,413.0,63.8,1240.0,827,667,62
8_SM_004233,M,1723,79.2,429.8,1016.0,867,994,1472.9,1395.5,762.9,449.8,77.1,1395.0,917,747,72
8_SM_004234,M,1635,64.1,407.1,910.0,815,916,1398.1,1328.6,731.8,437.5,74.9,1311.0,855,717,70
8_SM_004235,M,1685,64.7,394.5,945.0,899,909,1424.7,1357.2,741.7,461.6,87.3,1382.0,933,739,61
8_SM_004236,M,1818,90.5,411.1,1035.0,1033,1046,1556.2,1474.6,794.6,486.6,67.6,1475.0,981,809,60
8_SM_004237,M,1723,81.5,379.1,1005.0,976,1072,1487.9,1411.3,798.5,469.3,82.7,1408.0,942,787,76
8_SM_004238,M,1648,65.4,362.8,962.0,893,925,1409.2,1338.4,717.5,439.6,70.8,1336.0,872,713,70
8_SM_004239,M,1612,62.5,383.0,962.0,898,877,1378.3,1316.6,739.6,435.4,72.9,1325.0,880,727,65
8_SM_004240,M,1703,72.1,389.0,964.0,870,980,1460.1,1386.5,782.6,467.3,74.8,1372.0,915,762,70
8_SM_004241,M,1631,63.9,404.7,925.0,870,963,1391.3,1305.6,725.6,436.5,68.0,1283.0,870,713,61
8_SM_004242,M,1773,84.0,415.2,1080.0,1052,998,1538.5,1446.3,801.0,486.8,67.8,1427.0,965,802,65
8_SM_004243,M,1710,70.6,404.0,1005.0,930,975,1448.6,1379.6,766.8,446.1,72.2,1369.0,920,759,70
8_SM_004244,M,1620,75.0,404.6,1065.0,985,976,1389.1,1316.9,695.6,433.1,63.5,1307.0,865,688,60
8_SM_004245,M,1695,69.6,404.5,934.0,859,980,1449.3,1363.0,732.4,449.6,68.1,1361.0,880,729,63
8_SM_004246,M,1770,82.2,434.8,1006.0,982,1005,1531.3,1443.0,829.0,503.2,73.2,1425.0,985,815,70
8_SM_004247,M,1715,64.8,400.2,903.0,843,923,1450.5,1370.5,763.1,464.4,75.0,1368.0,926,753,70
8_SM_004248,M,1673,70.8,362.7,1011.0,904,950,1428.1,1364.5,758.3,454.4,67.8,1358.0,900,756,64
8_SM_004249,M,1675,49.5,377.2,733.0,703,868,1436.7,1355.0,745.9,456.4,68.9,1350.0,883,728,62
8_SM_004250,M,1678,84.2,391.3,1065.0,1055,1036,1429.5,1363.5,729.7,445.3,63.9,1358.0,911,720,55
8_SM_004251,M,1642,64.8,396.0,933.0,874,963,1402.8,1311.9,745.1,431.9,67.2,1297.0,874,746,61
8_SM_004252,M,1774,80.9,425.9,1015.0,945,1005,1527.8,1444.9,802.9,486.4,74.4,1449.0,950,800,65
8_SM_004253,M,1798,83.8,404.3,1020.0,938,976,1551.4,1468.3,822.1,489.6,75.4,1477.0,995,826,71
8_SM_004254,M,1848,83.5,449.8,995.0,903,1045,1605.9,1504.0,834.9,495.5,66.9,1492.0,997,839,62
8_SM_004255,M,1830,76.2,389.9,963.0,935,970,1586.4,1490.6,867.3,498.0,80.7,1497.0,1003,857,75
8_SM_004256,M,1756,87.3,411.4,1079.0,1003,1025,1494.4,1415.3,816.2,481.8,75.6,1430.0,970,809,73
8_SM_004257,M,1680,69.1,387.2,981.0,974,948,1428.3,1341.2,762.2,455.9,71.1,1360.0,906,759,70
8_SM_004258,M,1737,83.2,398.0,1028.0,1006,996,1477.0,1416.6,798.0,499.1,86.0,1457.0,958,786,81
8_SM_004259,M,1695,81.7,377.2,1015.0,1004,1035,1463.2,1394.3,759.9,473.2,70.5,1374.0,939,759,70
8_SM_004260,M,1762,59.2,405.5,830.0,710,934,1513.6,1415.1,806.3,470.6,76.8,1439.0,957,797,77
8_SM_004261,M,1540,58.6,391.3,901.0,858,873,1326.7,1258.2,693.3,424.3,74.9,1256.0,816,686,70
8_SM_004262,M,1715,60.8,382.0,897.0,827,902,1467.2,1395.9,796.4,468.2,69.5,1380.0,940,783,67
8_SM_004263,M,1756,72.4,411.5,944.0,885,973,1493.2,1413.3,764.6,469.7,77.1,1406.0,929,764,75
8_SM_004264,M,1710,77.8,412.4,1025.0,933,979,1476.3,1402.7,811.8,480.9,74.8,1393.0,974,795,69
8_SM_004265,M,1640,66.4,392.2,983.0,918,948,1403.1,1358.8,717.1,446.3,63.3,1325.0,873,717,58
8_SM_004266,M,1737,76.3,415.5,1040.0,974,969,1480.1,1420.5,772.5,498.6,72.7,1420.0,958,778,70
8_SM_004267,M,1700,92.0,413.7,1134.0,1102,1028,1457.9,1400.1,721.0,465.6,73.6,1405.0,938,737,70
8_SM_004268,M,1728,64.0,397.3,901.0,817,913,1481.5,1390.5,774.9,457.8,68.0,1403.0,925,772,63
8_SM_004269,M,1617,59.4,365.8,900.0,874,888,1376.8,1313.0,734.6,431.4,68.8,1308.0,880,732,67
8_SM_004270,M,1800,97.2,433.5,1113.0,1017,1061,1547.0,1475.8,803.1,497.5,80.8,1488.0,997,795,75
8_SM_004271,M,1620,62.8,379.5,973.0,880,930,1368.4,1305.4,737.4,444.6,72.1,1284.0,870,735,65
8_SM_004272,M,1781,90.2,439.0,1074.0,960,1030,1548.4,1453.7,825.8,481.0,81.0,1433.0,958,808,72
8_SM_004273,M,1820,98.8,434.8,1070.0,1008,1110,1552.4,1485.7,814.4,490.5,74.9,1483.0,974,811,71
8_SM_004274,M,1725,66.1,402.3,996.0,822,925,1501.9,1407.0,803.0,468.7,66.6,1393.0,937,798,62
8_SM_004275,M,1775,65.9,409.5,885.0,764,921,1520.0,1429.5,788.0,460.3,76.8,1409.0,936,789,75
8_SM_004276,M,1715,76.9,410.1,1013.0,913,1042,1459.5,1387.1,773.7,463.9,73.9,1388.0,932,768,71
8_SM_004277,M,1736,68.4,400.8,955.0,888,954,1477.0,1412.0,818.4,490.1,72.1,1416.0,957,808,68
8_SM_004278,M,1730,93.1,402.6,1122.0,1025,1085,1484.3,1405.4,756.6,457.2,79.2,1384.0,927,756,70
8_SM_004279,M,1665,73.0,390.9,960.0,927,944,1430.2,1367.1,740.9,461.7,71.4,1356.0,900,730,69
8_SM_004280,M,1675,62.8,373.5,917.0,843,953,1433.3,1356.4,749.5,436.5,60.4,1344.0,891,739,57
8_SM_004281,M,1726,75.2,372.8,1018.0,965,950,1475.1,1426.0,748.5,481.3,70.8,1414.0,953,760,70
8_SM_004282,M,1787,78.8,393.3,1015.0,930,1019,1557.6,1452.3,829.7,508.2,74.4,1463.0,974,816,70
8_SM_004283,M,1633,63.1,401.3,960.0,887,925,1388.0,1309.7,701.6,426.1,69.6,1307.0,867,700,67
8_SM_004284,M,1750,94.8,437.2,1118.0,1074,1085,1489.0,1430.8,775.3,476.8,63.0,1411.0,943,770,61
8_SM_004285,M,1680,78.2,405.5,1040.0,964,974,1432.3,1356.6,760.1,446.7,64.1,1363.0,909,757,60
8_SM_004286,M,1620,60.7,392.0,930.0,795,903,1400.8,1314.9,747.6,426.4,70.0,1312.0,881,742,67
8_SM_004287,M,1588,62.4,386.8,922.0,861,888,1369.1,1287.5,714.4,426.5,73.2,1265.0,859,711,69
8_SM_004288,M,1777,62.5,380.9,905.0,825,914,1526.5,1435.7,790.6,478.2,71.6,1445.0,958,783,70
8_SM_004289,M,1732,79.3,389.5,1004.0,993,1003,1470.2,1398.4,775.1,463.7,73.7,1420.0,931,771,70
8_SM_004290,M,1735,81.0,406.8,1070.0,980,979,1479.9,1415.9,777.1,467.6,80.8,1409.0,928,768,78
8_SM_004291,M,1675,74.4,412.4,963.0,997,947,1413.1,1342.3,732.9,428.9,68.4,1334.0,888,731,68
8_SM_004292,M,1680,64.2,376.7,935.0,886,914,1428.8,1363.5,781.0,454.0,70.3,1358.0,939,772,69
8_SM_004293,M,1777,84.1,423.9,1008.0,987,1016,1513.5,1460.0,815.2,508.6,83.6,1461.0,987,806,82
8_SM_004294,M,1723,69.7,385.4,968.0,845,940,1475.8,1398.2,761.7,477.7,76.3,1399.0,933,759,75
8_SM_004295,M,1663,67.6,376.5,984.0,890,959,1416.6,1333.1,735.3,452.4,60.8,1330.0,904,737,58
8_SM_004296,M,1670,65.8,376.4,920.0,905,923,1428.9,1340.1,739.2,439.7,67.9,1342.0,821,731,66
8_SM_004297,M,1760,80.7,402.3,1016.0,982,1027,1501.9,1434.0,781.5,480.6,79.9,1430.0,968,781,77
8_SM_004298,M,1700,60.2,377.7,928.0,795,913,1450.2,1381.0,792.6,456.3,63.0,1375.0,928,784,64
8_SM_004299,M,1790,86.7,420.2,1059.0,905,999,1533.0,1446.3,819.1,490.1,76.4,1455.0,957,811,78
8_SM_004300,M,1636,67.8,397.8,941.0,920,892,1368.0,1326.6,725.4,449.0,78.8,1325.0,896,724,78
8_SM_004301,M,1657,76.4,386.9,975.0,999,956,1404.9,1343.9,727.1,441.1,72.8,1333.0,875,728,72
8_SM_004302,M,1720,75.9,374.3,969.0,954,940,1496.2,1414.3,737.6,464.4,76.4,1404.0,903,741,79
8_SM_004303,M,1781,82.4,427.6,1062.0,955,963,1515.0,1454.2,785.3,491.6,78.2,1427.0,942,784,79
8_SM_004304,M,1625,54.2,368.8,847.0,816,877,1517.7,1454.7,785.4,490.4,80.0,1328.0,903,715,73
8_SM_004305,M,1730,85.1,391.3,1050.0,964,1045,1483.9,1424.1,775.1,467.6,74.9,1394.0,936,774,76
8_SM_004306,M,1715,61.9,387.3,908.0,835,883,1450.8,1383.4,780.4,456.2,63.3,1379.0,943,783,66
8_SM_004307,M,1635,54.5,379.0,855.0,806,844,1388.8,1309.3,731.1,445.0,68.8,1311.0,883,723,69
8_SM_004308,M,1665,72.7,413.6,1027.0,923,957,1407.6,1354.4,726.0,458.0,71.2,1333.0,912,718,71
8_SM_004309,M,1710,73.3,395.6,955.0,882,955,1470.8,1418.4,788.1,463.1,77.9,1408.0,944,785,77
8_SM_004310,M,1773,72.5,366.8,915.0,818,1002,1524.3,1447.4,807.8,479.1,70.0,1427.0,927,804,69
8_SM_004311,M,1788,84.4,430.3,1000.0,1012,975,1521.9,1461.9,822.4,488.7,73.2,1448.0,977,818,72
8_SM_004312,M,1713,71.0,378.8,905.0,895,957,1454.9,1372.8,747.2,470.8,72.7,1396.0,907,744,68
8_SM_004313,M,1655,75.8,383.2,1045.0,955,955,1407.5,1354.1,773.1,459.0,67.4,1344.0,904,767,67
8_SM_004314,M,1733,63.4,387.6,980.0,715,904,1475.8,1395.6,790.7,465.3,68.6,1406.0,933,784,69
8_SM_004315,M,1808,65.4,447.4,938.0,774,914,1548.8,1458.7,833.6,497.2,74.1,1430.0,993,828,75
8_SM_004316,M,1714,77.0,409.5,997.0,952,985,1466.9,1380.1,703.1,445.9,73.5,1377.0,903,705,67
8_SM_004317,M,1708,73.9,396.8,967.0,876,978,1452.4,1376.7,775.1,455.9,77.5,1378.0,934,769,71
8_SM_004318,M,1714,62.5,392.0,907.0,828,915,1477.8,1380.4,756.6,452.8,72.8,1379.0,905,755,70
8_SM_004319,M,1800,77.9,409.0,955.0,925,995,1554.8,1482.1,829.4,493.8,77.2,1465.0,987,820,75
8_SM_004320,M,1795,80.2,405.5,1017.0,943,960,1554.3,1477.2,805.7,489.1,72.8,1468.0,985,805,69
8_SM_004321,M,1698,78.8,395.7,1040.0,941,934,1440.8,1378.7,765.6,474.4,76.6,1374.0,925,765,72
8_SM_004322,M,1610,65.3,409.3,944.0,927,951,1361.2,1294.5,673.3,408.2,73.0,1278.0,827,675,65
8_SM_004323,M,1630,75.3,379.2,1039.0,1002,959,1381.5,1321.1,693.8,443.5,66.0,1313.0,864,700,65
8_SM_004324,M,1650,71.7,400.2,997.0,958,980,1399.7,1333.3,697.5,443.1,74.5,1297.0,869,704,71
8_SM_004325,M,1740,85.3,425.6,1090.0,967,1004,1476.7,1416.8,781.9,459.9,71.4,1431.0,932,771,69
8_SM_004326,M,1683,68.6,384.6,975.0,863,930,1433.0,1346.5,733.8,440.3,72.7,1355.0,873,726,65
8_SM_004327,M,1685,75.8,413.0,1012.0,942,1000,1440.0,1365.3,747.7,451.3,74.0,1348.0,907,746,70
8_SM_004328,M,1722,67.0,371.0,887.0,811,939,1480.9,1408.7,790.2,462.7,84.3,1410.0,931,784,80
8_SM_004329,M,1786,74.5,416.0,969.0,909,989,1543.1,1457.3,826.0,488.6,79.8,1454.0,984,821,72
8_SM_004330,M,1810,74.8,417.2,963.0,867,988,1554.9,1475.1,813.2,497.4,77.8,1462.0,976,811,75
8_SM_004331,M,1741,75.7,397.0,990.0,915,996,1488.0,1417.7,784.4,461.9,81.2,1396.0,942,775,77
8_SM_004332,M,1765,70.3,416.2,933.0,884,944,1527.0,1438.7,797.7,490.2,78.5,1414.0,952,800,75
8_SM_004333,M,1585,68.2,370.5,969.0,936,936,1346.7,1274.9,709.6,418.1,74.6,1277.0,865,708,71
8_SM_004334,M,1724,76.8,382.9,960.0,948,978,1471.1,1391.3,745.4,448.2,80.9,1393.0,915,746,75
8_SM_004335,M,1735,64.2,393.3,872.0,801,917,1508.7,1423.9,820.9,477.4,82.2,1413.0,950,817,80
8_SM_004336,M,1718,88.3,415.6,1077.0,979,1063,1473.1,1416.6,779.9,461.9,80.6,1424.0,929,774,73
8_SM_004337,M,1705,67.1,388.5,921.0,845,943,1454.4,1377.2,744.6,453.5,65.3,1382.0,887,739,60
8_SM_004338,M,1671,67.7,374.3,935.0,861,933,1449.3,1380.2,783.8,469.3,80.2,1384.0,904,781,72
8_SM_004339,M,1681,66.2,388.3,890.0,818,917,1434.1,1360.0,720.6,431.5,67.3,1348.0,856,715,62
8_SM_004340,M,1743,84.4,403.4,1005.0,995,1002,1490.6,1413.1,761.5,473.7,78.6,1409.0,915,757,75
8_SM_004341,M,1766,66.5,422.2,945.0,746,957,1531.3,1428.7,803.4,482.9,75.8,1431.0,933,797,75
8_SM_004342,M,1773,75.4,414.7,990.0,910,955,1517.7,1446.8,808.4,467.3,81.2,1444.0,953,797,79
8_SM_004343,M,1676,67.2,368.9,953.0,901,915,1438.1,1363.3,712.4,453.2,69.7,1368.0,904,724,65
8_SM_004344,M,1723,90.4,393.5,1074.0,1033,1073,1461.3,1376.8,771.3,448.5,63.4,1380.0,917,770,61
8_SM_004345,M,1730,67.9,393.3,918.0,853,933,1477.0,1402.1,804.7,486.4,69.4,1399.0,937,795,66
8_SM_004346,M,1695,68.6,368.8,925.0,942,945,1459.7,1383.4,765.8,472.0,78.1,1356.0,929,764,75
8_SM_004347,M,1742,80.8,394.1,1015.0,978,997,1476.7,1420.3,780.1,472.9,75.5,1427.0,934,775,75
8_SM_004348,M,1640,65.6,388.5,908.0,863,927,1387.8,1323.2,749.3,435.2,58.2,1328.0,895,745,60
8_SM_004349,M,1620,62.4,362.4,933.0,850,898,1369.9,1324.3,734.3,426.8,69.2,1309.0,869,729,68
8_SM_004350,M,1637,58.4,370.5,868.0,760,868,1392.8,1327.8,748.5,440.2,71.4,1346.0,882,736,65
8_SM_004351,M,1780,64.5,394.7,898.0,800,924,1533.8,1442.8,839.2,498.1,73.5,1449.0,975,829,72
8_SM_004352,M,1650,60.6,370.8,897.0,816,897,1399.1,1341.5,746.0,456.7,76.7,1321.0,885,737,77
8_SM_004353,M,1635,67.9,387.7,948.0,844,926,1384.5,1323.3,725.4,428.4,73.6,1312.0,866,724,73
8_SM_004354,M,1666,70.2,370.6,993.0,882,923,1384.3,1326.5,693.7,418.1,65.1,1336.0,870,703,63
8_SM_004355,M,1823,73.2,381.7,914.0,895,975,1578.4,1492.7,840.8,514.0,73.8,1511.0,996,838,76
8_SM_004356,M,1703,91.4,414.0,1099.0,1053,1064,1462.1,1395.8,736.7,456.8,68.9,1400.0,897,739,67
8_SM_004357,M,1726,78.2,396.6,1000.0,907,1002,1475.5,1397.8,766.4,446.5,71.7,1400.0,897,755,66
8_SM_004358,M,1743,65.0,381.5,921.0,855,906,1499.1,1400.9,791.9,478.9,75.9,1422.0,931,792,70
8_SM_004359,M,1787,78.0,415.3,989.0,890,979,1531.4,1452.2,816.2,499.6,73.8,1463.0,970,811,72
8_SM_004360,M,1680,77.4,372.4,982.0,942,1002,1427.7,1368.6,739.1,462.6,75.1,1367.0,877,732,71
8_SM_004361,M,1738,54.9,370.4,870.0,709,892,1496.6,1404.0,788.2,469.9,71.7,1402.0,933,785,68
8_SM_004362,M,1633,60.2,372.8,913.0,830,909,1394.9,1310.1,716.3,438.2,68.6,1320.0,882,722,69
8_SM_004363,M,1685,65.4,365.1,943.0,834,930,1433.7,1367.7,738.1,450.6,63.0,1366.0,892,740,62
8_SM_004364,M,1655,71.1,372.4,965.0,915,958,1411.6,1347.2,732.6,442.6,77.2,1340.0,866,721,75
8_SM_004365,M,1744,81.4,416.0,1030.0,890,996,1498.9,1420.7,779.0,483.6,75.4,1408.0,932,771,70
8_SM_004366,M,1713,65.3,391.9,904.0,835,938,1471.7,1394.3,805.0,483.3,79.6,1387.0,943,796,75
8_SM_004367,M,1683,77.8,367.2,1048.0,1004,955,1428.6,1389.1,761.9,477.5,76.1,1383.0,917,763,72
8_SM_004368,M,1614,67.2,391.1,963.0,887,940,1370.0,1296.5,692.7,435.3,74.4,1270.0,839,689,70
8_SM_004369,M,1580,72.3,374.1,995.0,1037,959,1342.5,1276.6,678.0,407.2,71.4,1266.0,788,678,70
8_SM_004370,M,1770,74.2,408.0,976.0,861,980,1503.7,1439.6,791.3,471.2,71.3,1418.0,934,783,66
8_SM_004371,M,1740,80.1,398.8,1010.0,945,1047,1505.4,1428.2,773.4,477.6,79.1,1415.0,943,768,75
8_SM_004372,M,1807,87.8,430.3,1015.0,968,1042,1557.7,1462.9,794.0,482.4,73.7,1439.0,962,795,71
8_SM_004373,M,1698,77.8,412.3,1041.0,978,982,1444.2,1372.4,763.9,471.3,71.3,1380.0,922,768,70
8_SM_004374,M,1601,62.0,372.0,975.0,886,900,1341.4,1303.8,726.1,450.8,75.9,1307.0,870,724,72
8_SM_004375,M,1688,77.6,385.7,1025.0,1008,962,1425.6,1386.0,762.7,466.9,68.2,1384.0,893,752,66
8_SM_004376,M,1626,66.8,370.0,947.0,942,935,1361.6,1304.1,693.3,437.2,57.1,1300.0,867,702,55
8_SM_004377,M,1734,79.3,376.0,1005.0,927,990,1478.6,1426.5,791.7,484.3,80.1,1416.0,927,786,74
8_SM_004378,M,1772,87.1,411.9,1053.0,961,1012,1530.0,1470.5,810.2,495.5,76.5,1457.0,968,804,75
8_SM_004379,M,1775,74.4,411.9,982.0,879,941,1517.9,1443.2,801.4,478.6,75.6,1440.0,944,793,75
8_SM_004380,M,1773,87.3,409.4,1055.0,954,1015,1526.3,1460.2,833.0,504.1,78.0,1460.0,983,824,75
8_SM_004381,M,1735,93.4,400.6,1117.0,999,1002,1472.0,1410.2,742.0,473.8,72.6,1414.0,923,741,69
8_SM_004382,M,1728,75.5,391.1,1005.0,961,1000,1474.2,1424.0,786.2,486.9,68.2,1423.0,964,794,66
8_SM_004383,M,1760,73.4,411.0,1040.0,870,930,1492.4,1420.5,818.3,493.1,78.1,1421.0,967,815,75
8_SM_004384,M,1863,79.7,424.9,980.0,912,981,1593.4,1515.8,854.4,511.3,74.5,1532.0,1015,850,72
8_SM_004385,M,1684,71.0,378.4,960.0,882,953,1444.5,1383.9,757.9,452.5,71.4,1382.0,898,757,67
8_SM_004386,M,1740,85.2,408.8,1075.0,938,1037,1501.5,1419.4,747.3,457.7,77.4,1427.0,905,752,73
8_SM_004387,M,1634,86.7,403.5,1087.0,1040,1062,1399.7,1328.0,708.5,450.6,73.2,1321.0,879,699,72
8_SM_004388,M,1724,76.4,385.7,1028.0,933,962,1487.9,1422.4,784.9,473.9,74.6,1409.0,932,780,71
8_SM_004389,M,1739,85.1,376.4,1035.0,1003,1052,1499.2,1413.8,824.1,493.9,71.3,1424.0,965,817,70
8_SM_004390,M,1578,66.5,382.9,984.0,944,962,1358.7,1288.4,703.9,431.5,67.2,1289.0,863,694,65
8_SM_004391,M,1515,64.8,366.3,990.0,953,948,1270.0,1217.2,686.1,408.3,63.6,1225.0,820,678,60
8_SM_004392,M,1690,67.0,405.0,921.0,877,920,1418.5,1366.3,760.9,463.6,73.4,1370.0,908,757,71
8_SM_004393,M,1720,78.8,399.9,1035.0,927,1000,1476.6,1414.3,782.9,481.0,74.6,1405.0,941,777,70
8_SM_004394,M,1735,91.2,415.7,1071.0,1049,1014,1469.8,1408.7,746.9,461.9,73.4,1410.0,906,750,72
8_SM_004395,M,1648,65.6,379.9,925.0,850,942,1406.7,1328.2,728.2,443.6,72.2,1323.0,870,725,67
8_SM_004396,M,1813,78.9,420.2,979.0,928,1006,1556.6,1485.3,850.0,511.5,77.9,1493.0,1004,842,75
8_SM_004397,M,1670,57.9,372.9,908.0,830,875,1423.0,1340.4,760.2,453.2,74.6,1348.0,883,749,72
8_SM_004398,M,1805,86.7,423.4,1029.0,965,1027,1560.2,1475.0,831.6,503.8,71.6,1456.0,996,832,70
8_SM_004399,M,1735,67.0,384.9,980.0,870,907,1493.8,1427.2,807.4,477.2,69.5,1425.0,949,799,70
8_SM_004400,M,1688,71.4,399.8,995.0,921,912,1435.6,1364.2,756.1,452.4,65.4,1365.0,880,743,65
8_SM_004401,M,1798,85.6,421.0,1067.0,944,993,1538.4,1451.6,806.7,493.1,74.8,1440.0,963,796,72
8_SM_004402,M,1690,66.5,371.2,937.0,888,889,1452.4,1390.6,771.1,474.3,74.4,1398.0,915,765,70
8_SM_004403,M,1697,75.0,396.5,994.0,982,974,1432.6,1363.4,752.7,455.4,71.5,1367.0,918,745,71
8_SM_004404,M,1727,66.4,412.9,918.0,833,946,1497.6,1406.0,791.7,473.9,66.8,1409.0,940,793,65
8_SM_004405,M,1687,75.7,387.9,1024.0,990,995,1447.8,1366.5,748.4,459.6,77.5,1354.0,907,756,75
8_SM_004406,M,1760,88.0,400.0,1115.0,1030,1037,1504.7,1451.3,760.6,472.4,78.3,1446.0,928,761,75
8_SM_004407,M,1726,79.5,399.8,1020.0,912,978,1476.7,1404.2,759.2,470.3,76.6,1390.0,900,755,74
8_SM_004408,M,1778,74.7,426.2,1004.0,881,950,1512.1,1446.2,809.2,499.3,76.1,1442.0,962,807,70
8_SM_004409,M,1828,80.4,398.6,990.0,873,1007,1574.6,1491.3,827.7,492.6,73.4,1480.0,991,827,72
8_SM_004410,M,1693,69.1,408.3,948.0,773,951,1442.9,1367.9,730.8,435.2,77.7,1364.0,908,723,73
8_SM_004411,M,1626,71.6,360.3,972.0,949,953,1394.3,1335.3,680.8,423.7,70.6,1329.0,855,677,70
8_SM_004412,M,1740,70.3,390.6,990.0,925,939,1492.6,1418.9,797.4,488.1,73.0,1411.0,958,794,70
8_SM_004413,M,1645,60.9,375.4,910.0,815,895,1407.5,1334.9,711.0,437.1,64.9,1338.0,868,718,61
8_SM_004414,M,1650,89.5,402.2,1062.0,1055,1092,1402.8,1338.5,715.8,449.0,77.4,1336.0,882,722,72
8_SM_004415,M,1830,86.2,434.4,1059.0,953,1035,1575.2,1485.1,797.0,481.7,65.9,1498.0,993,817,65
8_SM_004416,M,1736,59.6,387.1,866.0,778,912,1500.0,1412.6,783.6,471.8,76.6,1391.0,929,782,74
8_SM_004417,M,1710,93.0,404.1,1110.0,1033,1069,1466.9,1398.3,738.9,449.8,73.5,1415.0,915,739,74
8_SM_004418,M,1727,82.5,403.3,1013.0,930,1010,1479.0,1417.0,783.1,458.6,74.6,1424.0,924,777,73
8_SM_004419,M,1728,79.9,418.1,1000.0,887,1022,1456.5,1403.1,763.7,477.6,81.1,1399.0,929,769,78
8_SM_004420,M,1666,65.7,374.6,915.0,914,900,1402.4,1335.2,707.7,438.4,81.3,1343.0,859,714,79
8_SM_004421,M,1748,72.5,411.9,935.0,790,1009,1492.9,1423.3,785.2,452.4,78.0,1410.0,920,780,79
8_SM_004422,M,1710,73.4,386.3,975.0,911,944,1472.2,1401.9,753.3,454.1,74.4,1397.0,897,752,73
8_SM_004423,M,1695,76.2,399.9,997.0,963,1003,1446.0,1378.8,769.5,461.3,81.9,1388.0,927,767,78
8_SM_004424,M,1690,70.3,385.8,948.0,846,944,1453.8,1368.0,751.4,444.4,72.1,1349.0,884,747,71
8_SM_004425,M,1803,104.2,431.5,1139.0,1073,1098,1541.2,1489.6,815.3,490.0,67.3,1474.0,987,816,72
8_SM_004426,M,1817,95.4,426.5,1098.0,995,1068,1557.1,1478.7,806.7,504.3,71.6,1472.0,987,803,71
8_SM_004427,M,1706,73.7,397.6,953.0,929,980,1457.5,1389.5,797.0,473.9,70.0,1386.0,958,793,67
8_SM_004428,M,1654,67.1,373.1,940.0,852,940,1410.6,1347.1,718.5,421.5,57.1,1339.0,853,715,59
8_SM_004429,M,1744,87.8,406.9,1073.0,1052,1032,1488.6,1414.0,760.2,483.1,74.0,1416.0,937,772,72
8_SM_004430,M,1682,68.9,381.1,942.0,878,942,1422.3,1376.6,756.5,463.2,71.4,1374.0,906,754,73
8_SM_004431,M,1570,57.3,360.9,918.0,788,905,1312.4,1267.0,698.1,413.7,75.8,1263.0,834,692,75
8_SM_004432,M,1711,70.5,403.9,1039.0,862,958,1472.7,1410.2,807.7,477.8,68.1,1393.0,958,807,68
8_SM_004433,M,1664,71.3,410.9,993.0,846,946,1420.3,1339.2,756.5,460.7,67.7,1350.0,914,757,69
8_SM_004434,M,1744,96.6,408.2,1157.0,1110,1067,1488.0,1439.9,788.9,474.4,68.3,1440.0,955,794,70
8_SM_004435,M,1705,64.6,395.2,912.0,804,903,1458.4,1389.8,757.2,465.6,71.0,1393.0,907,758,72
8_SM_004436,M,1665,100.1,401.5,1182.0,1075,1125,1400.4,1359.9,716.6,439.4,69.3,1345.0,892,727,73
8_SM_004437,M,1840,102.0,445.3,1119.0,1099,1149,1589.9,1492.3,804.6,478.6,78.2,1473.0,986,804,80
8_SM_004438,M,1741,83.2,415.7,1022.0,974,1038,1479.5,1415.9,774.9,459.9,73.0,1418.0,949,787,74
8_SM_004439,M,1680,69.1,370.3,983.0,935,916,1430.5,1341.4,729.9,431.6,63.7,1335.0,862,733,65
8_SM_004440,M,1721,73.9,413.2,971.0,908,981,1470.5,1394.9,760.2,463.5,76.9,1407.0,929,774,67
8_SM_004441,M,1716,76.9,421.5,1055.0,900,940,1468.6,1386.4,789.4,458.7,70.8,1375.0,927,791,72
8_SM_004442,M,1755,68.8,395.9,923.0,841,938,1518.7,1436.3,806.8,475.2,62.4,1438.0,963,801,61
8_SM_004443,M,1682,73.3,402.8,993.0,865,944,1428.7,1371.0,739.1,447.9,71.0,1375.0,877,738,71
8_SM_004444,M,1660,72.0,388.7,985.0,935,952,1414.0,1339.2,736.0,445.2,68.5,1351.0,879,734,63
8_SM_004445,M,1675,74.6,409.6,1025.0,913,963,1418.7,1368.2,740.4,441.0,72.8,1359.0,888,742,71
8_SM_004446,M,1774,79.2,,970.0,1001,982,,,,,,1451.0,944,798,72
8_SM_004447,M,1837,84.5,,1005.0,927,1011,,,,,,1488.0,983,824,85
8_SM_004448,M,1697,74.9,,990.0,931,989,,,,,,1391.0,917,744,69
8_SM_004449,M,1708,89.8,384.9,1050.0,1059,1021,1441.4,1394.4,730.8,468.1,69.8,1406.0,910,756,73
8_SM_004450,M,1694,64.0,388.1,932.0,779,916,1447.9,1361.5,749.4,462.0,71.6,1351.0,919,757,72
8_SM_004451,M,1700,73.8,381.6,950.0,878,984,1451.2,1382.8,776.4,484.8,73.5,1398.0,935,773,75
8_SM_004452,M,1726,81.0,390.5,1013.0,965,970,1462.8,1416.6,752.6,459.9,77.5,1414.0,918,770,75
8_SM_004453,M,1646,68.7,399.2,968.0,933,971,1386.2,1317.3,724.1,431.9,66.5,1313.0,877,725,64
8_SM_004454,M,1733,75.7,403.1,1004.0,878,952,1480.8,1416.1,811.7,477.6,70.2,1402.0,951,797,69
8_SM_004455,M,1666,62.6,392.8,951.0,827,902,1405.9,1344.5,750.3,459.9,73.3,1350.0,906,760,71
8_SM_004456,M,1700,54.5,374.9,862.0,738,877,1447.2,1370.9,773.4,460.5,63.7,1358.0,917,764,61
8_SM_004457,M,1705,70.7,393.4,915.0,916,965,1450.0,1383.3,797.3,466.5,67.7,1378.0,929,786,68
8_SM_004458,M,1725,91.4,408.8,1076.0,1013,1054,1473.2,1398.1,745.9,457.5,63.1,1418.0,907,730,62
8_SM_004459,M,1683,61.1,367.4,917.0,858,867,1440.1,1359.9,718.3,452.4,67.2,1358.0,875,720,66
8_SM_004460,M,1740,91.0,415.1,1115.0,1004,1053,1489.0,1421.5,757.4,464.6,77.1,1406.0,928,755,75
8_SM_004461,M,1825,81.0,402.3,1004.0,877,957,1556.9,1476.6,829.2,494.6,74.7,1482.0,967,820,72
8_SM_004462,M,1701,72.2,389.6,986.0,885,957,1457.2,1390.1,755.5,458.7,78.7,1393.0,919,763,75
8_SM_004463,M,1674,52.9,369.7,842.0,742,852,1423.4,1362.4,762.7,439.5,68.0,1379.0,906,759,70
8_SM_004464,M,1676,60.7,411.6,930.0,824,902,1427.8,1351.3,739.0,441.4,66.9,1326.0,896,747,65
8_SM_004465,M,1636,59.7,391.7,870.0,788,912,1405.3,1330.9,735.9,446.8,64.4,1310.0,885,730,64
8_SM_004466,M,1736,75.0,391.5,927.0,874,967,1479.9,1417.2,756.8,443.8,78.4,1426.0,902,754,80
8_SM_004467,M,1740,75.1,400.5,1002.0,894,968,1480.3,1412.7,768.5,455.3,78.8,1426.0,913,768,82
8_SM_004468,M,1728,75.1,395.0,974.0,993,980,1461.2,1399.8,758.2,471.9,74.9,1379.0,915,770,74
8_SM_004469,M,1624,64.8,374.7,963.0,964,908,1381.6,1316.9,747.0,442.6,73.5,1309.0,880,739,71
8_SM_004470,M,1588,68.1,389.6,969.0,955,972,1346.2,1283.0,685.5,398.6,71.0,1247.0,831,687,70
8_SM_004471,M,1704,65.2,389.3,912.0,833,939,1467.3,1366.3,743.5,442.3,68.1,1370.0,888,740,67
8_SM_004472,M,1684,64.4,399.4,928.0,849,913,1440.2,1370.5,751.7,463.4,69.1,1372.0,916,748,66
8_SM_004473,M,1724,61.5,427.9,904.0,768,914,1479.0,1395.1,799.1,465.2,68.6,1373.0,936,789,68
8_SM_004474,M,1590,70.9,379.6,1049.0,937,969,1347.2,1290.8,682.8,428.5,73.2,1311.0,844,680,70
8_SM_004475,M,1694,72.2,416.0,1014.0,863,967,1449.3,1375.3,761.6,461.5,69.6,1368.0,923,761,70
8_SM_004476,M,1701,75.2,402.6,1006.0,949,953,1448.0,1381.7,753.4,450.8,73.1,1395.0,923,753,71
8_SM_004477,M,1670,50.0,386.6,825.0,724,837,1413.8,1343.2,781.9,453.5,63.5,1343.0,899,767,62
8_SM_004478,M,1761,75.0,403.6,947.0,848,967,1503.3,1433.0,789.0,489.0,73.7,1428.0,956,793,74
8_SM_004479,M,1625,49.8,374.2,808.0,690,873,1380.1,1321.3,726.8,431.5,64.7,1279.0,845,724,70
8_SM_004480,M,1721,84.0,404.4,1056.0,956,1028,1463.4,1417.2,779.2,492.3,71.1,1418.0,946,776,70
8_SM_004481,M,1596,60.3,377.4,906.0,887,902,1349.7,1301.8,712.5,451.3,63.8,1296.0,861,703,63
8_SM_004482,M,1741,113.6,398.4,1267.0,1297,1210,1460.6,1416.8,689.7,476.2,60.4,1441.0,955,705,60
8_SM_004483,M,1688,81.6,396.0,1033.0,1060,987,1426.8,1384.4,706.0,458.7,72.3,1424.0,908,733,71
8_SM_004484,M,1660,65.9,387.0,952.0,903,921,1399.9,1340.6,732.9,435.0,72.3,1324.0,885,717,64
8_SM_004485,M,1635,62.2,375.8,916.0,869,903,1396.8,1344.2,725.7,429.3,64.6,1323.0,883,737,66
8_SM_004486,M,1632,59.3,384.6,895.0,812,932,1377.0,1308.5,718.7,436.0,69.3,1310.0,875,715,70
8_SM_004487,M,1655,59.7,385.2,902.0,759,916,1421.8,1349.9,778.3,452.2,68.1,1352.0,928,771,70
8_SM_004488,M,1631,67.3,376.8,932.0,944,928,1382.7,1332.3,724.7,454.2,78.5,1336.0,914,725,72
8_SM_004489,M,1762,66.6,384.1,922.0,813,932,1515.2,1447.1,788.9,494.2,78.4,1469.0,961,788,80
8_SM_004490,M,1681,75.0,408.0,977.0,939,970,1428.3,1388.7,796.4,487.1,73.7,1375.0,949,785,73
8_SM_004491,M,1624,65.3,355.8,916.0,859,929,1382.9,1312.7,726.5,439.3,75.6,1310.0,877,722,73
8_SM_004492,M,1650,67.0,386.2,935.0,947,938,1400.2,1317.8,726.8,451.7,67.5,1315.0,902,730,65
8_SM_004493,M,1711,66.8,395.0,927.0,862,921,1469.5,1406.0,756.2,455.2,75.8,1407.0,905,743,72
8_SM_004494,M,1670,65.4,395.7,974.0,822,940,1429.2,1365.0,754.4,467.0,64.5,1354.0,901,754,65
8_SM_004495,M,1783,77.2,406.4,1045.0,919,994,1531.0,1437.7,802.5,496.3,75.0,1434.0,957,819,72
8_SM_004496,M,1637,74.0,390.0,997.0,968,952,1385.0,1322.5,685.4,424.7,69.1,1327.0,873,690,70
8_SM_004497,M,1546,55.6,386.3,901.0,824,863,1310.1,1246.0,696.6,423.4,69.6,1254.0,822,685,70
8_SM_004498,M,1600,77.0,394.5,995.0,995,1013,1358.2,1309.2,666.9,416.5,73.1,1301.0,844,667,73
8_SM_004499,M,1662,61.4,379.8,943.0,780,934,1423.6,1346.3,738.7,443.5,69.5,1337.0,879,727,71
8_SM_004500,M,1707,65.5,397.1,944.0,864,912,1467.4,1409.6,815.2,494.4,69.5,1415.0,987,807,70
8_SM_004501,M,1795,82.1,403.1,998.0,954,1000,1537.2,1471.3,813.4,501.8,80.5,1479.0,1001,798,80
8_SM_004502,M,1726,82.0,399.8,1004.0,942,1024,1435.1,1374.4,726.4,444.0,81.1,1372.0,887,734,80
8_SM_004503,M,1771,81.9,405.4,1023.0,972,962,1499.7,1446.8,792.3,484.9,79.7,1445.0,964,789,78
8_SM_004504,M,1672,67.4,384.1,929.0,924,929,1446.8,1370.7,748.6,447.5,75.4,1386.0,897,745,72
8_SM_004505,M,1704,79.2,385.1,990.0,980,1001,1453.3,1388.2,745.2,477.0,72.3,1391.0,920,724,72
8_SM_004506,M,1667,65.3,396.4,937.0,808,933,1433.0,1342.4,721.3,442.0,74.0,1332.0,892,734,72
8_SM_004507,M,1616,64.2,369.9,934.0,880,924,1380.0,1315.7,706.4,434.1,69.3,1311.0,852,706,65
8_SM_004508,M,1740,72.7,379.0,982.0,850,957,1467.3,1396.2,775.7,479.5,74.3,1394.0,950,776,75
8_SM_004509,M,1715,64.7,394.9,949.0,854,915,1456.4,1390.0,744.2,456.9,65.9,1417.0,901,744,64
8_SM_004510,M,1710,51.2,382.5,764.0,706,863,1466.7,1387.7,803.9,463.2,72.0,1383.0,941,798,72
8_SM_004511,M,1600,62.4,381.8,930.0,861,891,1347.3,1286.3,715.5,431.4,69.8,1296.0,872,713,70
8_SM_004512,M,1631,54.0,360.2,859.0,799,859,1394.3,1313.3,724.0,433.8,66.9,1338.0,870,720,70
8_SM_004513,M,1677,73.6,375.5,987.0,943,951,1417.2,1360.4,742.2,445.7,69.8,1387.0,893,748,70
8_SM_004514,M,1625,53.4,376.8,875.0,779,833,1381.4,1332.2,724.8,446.5,67.3,1337.0,870,727,69
8_SM_004515,M,1596,66.5,361.1,944.0,914,973,1362.3,1290.5,696.3,429.9,60.7,1265.0,876,693,61
8_SM_004516,M,1705,73.3,399.5,924.0,891,970,1452.3,1388.9,742.2,458.6,76.4,1372.0,903,739,72
8_SM_004517,M,1647,68.3,373.1,953.0,899,939,1389.0,1339.6,740.5,439.8,65.8,1335.0,895,737,66
8_SM_004518,M,1600,66.9,377.2,1035.0,864,929,1340.0,1292.8,724.7,441.3,60.7,1297.0,876,715,60
8_SM_004519,M,1735,75.2,407.0,993.0,913,918,1496.9,1405.6,775.6,481.2,76.7,1413.0,930,770,70
8_SM_004520,M,1655,75.6,369.8,995.0,993,994,1419.4,1352.1,713.5,445.8,72.2,1348.0,884,716,72
8_SM_004521,M,1760,69.1,402.9,903.0,842,931,1508.8,1416.8,754.2,446.8,71.4,1418.0,912,757,71
8_SM_004522,M,1781,83.3,416.5,1011.0,935,1015,1521.6,1449.0,792.5,485.5,68.7,1427.0,952,790,70
8_SM_004523,M,1745,72.2,393.7,940.0,866,959,1485.2,1416.0,783.1,475.4,71.5,1413.0,926,781,66
8_SM_004524,M,1615,68.0,414.0,948.0,931,973,1390.4,1311.4,723.3,441.3,69.7,1297.0,884,723,70
8_SM_004525,M,1718,70.1,413.5,966.0,900,956,1467.8,1402.0,778.2,471.4,69.3,1402.0,944,776,70
8_SM_004526,M,1720,83.2,419.8,1038.0,1029,1029,1444.6,1378.2,755.9,462.2,72.2,1374.0,894,750,67
8_SM_004527,M,1638,62.2,363.3,881.0,863,906,1379.2,1321.0,717.6,436.6,76.5,1325.0,870,717,75
8_SM_004528,M,1730,78.2,389.3,944.0,953,1008,1476.4,1407.3,768.9,460.9,66.2,1400.0,946,774,66
8_SM_004529,M,1726,73.3,391.8,982.0,907,928,1472.4,1409.9,763.4,446.5,85.8,1424.0,920,762,81
8_SM_004530,M,1655,64.1,379.5,908.0,845,954,1403.6,1335.5,704.1,433.6,73.5,1319.0,857,699,70
8_SM_004531,M,1695,72.9,388.4,999.0,943,958,1440.1,1379.2,767.4,457.5,67.6,1360.0,920,773,67
8_SM_004532,M,1683,70.1,417.2,1000.0,922,940,1443.9,1371.4,789.7,471.3,71.1,1355.0,944,787,70
8_SM_004533,M,1790,76.2,461.8,980.0,913,998,1520.1,1457.2,834.9,507.3,71.5,1455.0,1004,839,70
8_SM_004534,M,1680,68.0,395.3,989.0,898,924,1418.3,1355.5,763.8,465.7,64.9,1334.0,910,755,61
8_SM_004535,M,1650,59.1,364.3,903.0,785,864,1393.6,1337.2,752.0,446.8,74.9,1342.0,872,748,72
8_SM_004536,M,1821,71.3,410.6,935.0,864,951,1556.4,1481.4,839.2,505.3,79.3,1490.0,998,836,80
8_SM_004537,M,1625,64.9,381.6,900.0,870,906,1387.6,1337.5,729.7,445.2,69.5,1325.0,879,721,70
8_SM_004538,M,1716,68.5,368.3,929.0,868,924,1455.0,1389.2,775.2,464.3,75.9,1416.0,922,772,71
8_SM_004539,M,1734,72.0,407.0,1034.0,759,937,1478.9,1408.1,796.1,472.8,81.9,1388.0,945,789,80
8_SM_004540,M,1705,77.4,409.0,1011.0,995,951,1448.7,1391.0,751.8,467.1,66.3,1386.0,914,748,62
8_SM_004541,M,1675,65.6,372.1,922.0,882,921,1428.8,1376.7,728.6,451.6,69.4,1361.0,896,733,63
8_SM_004542,M,1738,71.1,420.1,978.0,853,928,1485.4,1415.3,806.6,495.1,75.6,1393.0,955,800,70
8_SM_004543,M,1614,65.8,406.4,972.0,928,948,1376.5,1297.6,712.4,430.2,62.1,1283.0,855,708,59
8_SM_004544,M,1818,80.9,411.8,994.0,937,963,1565.3,1492.9,826.4,511.7,74.0,1489.0,985,824,72
8_SM_004545,M,1653,57.0,371.5,894.0,802,888,1417.3,1338.3,751.6,456.1,66.9,1318.0,898,744,69
