source_row_id,subject_id,gender,height,weight,shoulder,chest,waist,hip,thigh_length,calf_length,torso_length,leg_length,neck_length,thigh_calf_ratio,torso_leg_ratio
2226,8_SM_002227,F,160.7,108.9,37.72,123.3,111.0,113.9,26.35,36.510000000000005,46.2,62.2,6.039999999999987,0.7217200766913174,0.7427652733118971
3393,8_SM_003394,M,168.9,98.5,41.58,116.0,116.1,106.4,26.729999999999997,39.13,46.3,65.2,4.75,0.6831075900843342,0.710122699386503
100,8_SM_000101,F,165.9,54.4,35.0,83.0,75.2,91.6,33.19,37.87,44.5,70.0,6.1299999999999955,0.876419329284394,0.6357142857142857
12,8_SM_000013,F,163.0,55.6,35.55,88.2,74.5,94.8,31.120000000000005,36.507,44.2,67.1,5.8700000000000045,0.8524392582244503,0.6587183308494785
2474,8_SM_002475,F,160.0,59.3,36.14,92.5,78.8,95.1,30.82,37.92,41.4,67.9,5.969999999999982,0.8127637130801687,0.609720176730486
1527,8_SM_001528,F,170.3,61.1,37.68,89.5,78.0,94.9,30.609999999999996,40.83,44.2,71.6,8.539999999999987,0.7496938525593926,0.61731843575419
1004,8_SM_001005,F,169.3,65.2,37.22,88.9,74.9,100.8,32.669999999999995,36.77,49.5,67.7,8.239999999999986,0.888496056567854,0.7311669128508124
176,8_SM_000177,F,174.2,52.1,37.08,79.5,74.6,88.2,36.48,38.96900000000001,48.3,75.0,6.959999999999991,0.9361287176986833,0.644
3341,8_SM_003342,M,175.6,94.4,39.33,102.8,104.8,107.5,30.54,42.8,50.8,71.8,8.490000000000009,0.7135514018691589,0.7075208913649025
2675,8_SM_002676,M,167.7,63.6,36.97,92.4,76.2,92.5,32.11,40.67,46.4,70.3,4.659999999999991,0.7895254487337103,0.6600284495021337
1578,8_SM_001579,F,156.9,52.9,33.58,80.3,70.2,92.2,30.35,34.13,44.8,64.3,5.939999999999986,0.889246996777029,0.6967340590979783
219,8_SM_000220,F,157.9,48.6,31.96,82.5,70.9,87.4,30.49,35.94,44.7,64.1,5.8799999999999955,0.8483583750695604,0.6973478939157567
979,8_SM_000980,F,163.9,53.9,38.230000000000004,81.8,67.1,92.8,33.709999999999994,36.13,47.0,67.9,8.059999999999992,0.933019651259341,0.6921944035346097
1854,8_SM_001855,F,155.0,57.5,36.05,84.9,78.4,97.0,31.329999999999995,32.18,43.3,63.1,8.429999999999996,0.9735860783095088,0.6862123613312202
3282,8_SM_003283,M,169.1,77.6,37.45,94.6,87.9,99.3,30.249999999999993,40.120000000000005,44.4,71.6,7.45,0.7539880358923228,0.6201117318435755
2444,8_SM_002445,F,159.2,59.4,34.4,89.7,76.1,96.1,29.4,36.379999999999995,43.2,65.7,6.469999999999982,0.8081363386476086,0.6575342465753424
699,8_SM_000700,F,162.8,54.8,32.89,82.6,73.7,96.4,31.46999999999999,36.0,46.4,66.1,6.059999999999991,0.8741666666666664,0.7019667170953102
573,8_SM_000574,F,153.8,47.1,30.78,81.7,75.3,87.9,30.860000000000003,33.14,39.7,63.6,6.409999999999991,0.9312009656004828,0.6242138364779874
3402,8_SM_003403,M,178.4,68.4,44.31,91.3,77.0,93.6,32.10000000000001,39.95,46.0,71.5,10.759999999999991,0.8035043804755947,0.6433566433566433
1659,8_SM_001660,F,158.7,63.5,35.36,91.3,75.2,98.2,30.830000000000005,36.07,43.7,65.7,7.310000000000014,0.8547269198780151,0.665144596651446
2247,8_SM_002248,F,159.1,69.8,37.53,107.5,89.3,100.5,28.43,34.32000000000001,45.6,61.7,6.070000000000005,0.8283799533799532,0.7390599675850892
1048,8_SM_001049,F,167.4,52.7,35.12,80.0,65.3,90.8,33.34,38.61,45.3,71.3,6.659999999999991,0.8635068635068636,0.635343618513324
3759,8_SM_003760,M,173.8,74.7,38.87,95.8,83.8,98.2,31.47,40.88,48.2,72.9,7.110000000000014,0.7698140900195694,0.6611796982167353
1303,8_SM_001304,F,159.6,48.4,34.53,81.0,71.8,90.9,32.230000000000004,35.72,45.4,67.0,8.479999999999995,0.9022956326987683,0.6776119402985075
3118,8_SM_003119,M,182.1,82.2,40.04,96.9,85.9,102.6,33.720000000000006,43.11,49.6,76.2,9.110000000000014,0.7821851078636048,0.6509186351706037
3554,8_SM_003555,M,178.8,87.1,40.0,98.7,88.0,104.2,30.879999999999995,43.58,47.7,73.1,6.289999999999987,0.7085819183111518,0.6525307797537621
1441,8_SM_001442,F,154.3,50.8,33.2,83.7,73.4,88.0,28.95,36.55,41.2,63.8,5.229999999999995,0.7920656634746922,0.64576802507837
3219,8_SM_003220,M,170.0,72.0,39.39,98.2,87.6,97.0,30.920000000000005,39.51,46.0,70.7,9.139999999999986,0.7825866869147053,0.6506364922206506
2642,8_SM_002643,M,174.5,72.0,40.06,93.7,78.8,98.2,30.27,40.92999999999999,45.5,70.6,6.420000000000004,0.7395553383826046,0.6444759206798867
1163,8_SM_001164,F,158.3,64.4,34.65,97.0,83.2,99.5,29.099999999999994,35.43,44.2,63.0,5.75,0.8213378492802708,0.7015873015873016
1917,8_SM_001918,F,159.0,58.1,36.269999999999996,87.9,80.8,94.7,30.639999999999997,37.12,42.2,65.8,6.3800000000000185,0.8254310344827586,0.6413373860182372
1795,8_SM_001796,F,166.5,61.7,33.269999999999996,89.0,72.4,96.1,32.489999999999995,38.71,45.2,70.5,8.35,0.8393180056832859,0.6411347517730497
1359,8_SM_001360,F,159.0,51.8,34.54,76.1,70.2,94.5,32.46,38.57000000000001,42.0,67.5,7.770000000000005,0.8415867254342752,0.6222222222222222
625,8_SM_000626,F,162.6,57.4,31.98,79.2,68.0,95.6,31.130000000000003,36.970000000000006,43.2,66.8,6.159999999999991,0.842034081687855,0.6467065868263474
582,8_SM_000583,F,162.1,58.4,30.55,82.3,74.4,93.7,33.21,35.230000000000004,46.7,66.7,5.3799999999999955,0.9426625035481123,0.7001499250374813
1417,8_SM_001418,F,155.6,49.0,34.32,84.5,69.1,89.5,31.949999999999996,36.93,39.7,66.7,5.909999999999991,0.8651502843216896,0.5952023988005997
657,8_SM_000658,F,163.8,58.6,34.42,91.0,76.5,95.4,32.83,35.81,47.1,68.2,5.489999999999986,0.9167830215023736,0.690615835777126
3933,8_SM_003934,M,177.7,69.0,40.489999999999995,94.8,79.6,95.8,33.56999999999999,40.33,49.0,72.8,9.179999999999996,0.8323828415571534,0.6730769230769231
158,8_SM_000159,F,167.0,50.1,33.86,76.5,64.2,92.0,34.71,37.339999999999996,46.8,70.1,6.409999999999991,0.9295661489019819,0.6676176890156919
841,8_SM_000842,F,166.4,51.5,36.92,81.0,66.1,92.3,36.06999999999999,37.620000000000005,44.7,71.1,6.920000000000004,0.9587985114300901,0.628691983122363
898,8_SM_000899,F,158.4,61.0,36.54,90.8,86.3,100.0,29.810000000000002,36.42,44.5,64.4,6.290000000000009,0.8185063152114224,0.6909937888198757
1202,8_SM_001203,F,164.7,52.7,35.85,81.4,71.4,88.4,33.62,38.17,42.4,70.2,8.170000000000005,0.8807964369924023,0.603988603988604
2233,8_SM_002234,F,158.9,67.4,37.14,97.2,88.7,99.8,27.879999999999995,37.15,48.3,64.1,7.520000000000005,0.7504710632570658,0.7535101404056163
4389,8_SM_004390,M,157.8,66.5,38.29,98.4,94.4,96.2,27.24,36.43,42.6,62.9,7.029999999999996,0.7477353829261597,0.6772655007949125
4287,8_SM_004288,M,177.7,62.5,38.089999999999996,90.5,82.5,91.4,31.240000000000002,40.660000000000004,48.7,71.3,9.079999999999995,0.7683226758484998,0.6830294530154278
827,8_SM_000828,F,164.4,52.8,32.15,79.0,66.6,92.0,32.21999999999999,36.279,48.3,67.0,5.570000000000005,0.88811709253287,0.7208955223880597
3814,8_SM_003815,M,169.0,78.1,37.57,102.3,87.3,98.6,28.380000000000006,37.459999999999994,46.0,66.5,8.080000000000018,0.7576081153230115,0.6917293233082706
1160,8_SM_001161,F,160.5,68.6,37.22,93.5,82.6,103.0,29.55,37.18,42.6,65.2,6.289999999999987,0.7947821409359871,0.6533742331288344
3480,8_SM_003481,M,176.2,92.2,39.68,109.6,100.6,103.3,26.589999999999996,43.470000000000006,49.7,72.7,5.1,0.6116862203818724,0.6836313617606603
296,8_SM_000297,F,160.0,52.3,34.989999999999995,85.9,77.4,91.0,31.889999999999997,35.42,43.0,66.1,6.3599999999999905,0.9003387916431393,0.6505295007564297
1608,8_SM_001609,F,163.1,57.6,37.06,82.3,74.7,98.0,30.499999999999993,38.1,41.6,67.2,7.979999999999995,0.8005249343832019,0.6190476190476191
95,8_SM_000096,F,164.8,56.3,33.589999999999996,86.5,80.0,93.4,33.86,37.33,43.6,69.7,7.15,0.9070452718992768,0.6255380200860832
1176,8_SM_001177,F,167.8,60.7,37.769999999999996,88.6,76.5,97.7,35.18000000000001,39.95,44.7,72.4,6.3700000000000045,0.8806007509386734,0.6174033149171271
1432,8_SM_001433,F,160.5,56.0,33.29,86.1,75.5,91.9,29.5,37.86,46.5,66.0,5.240000000000009,0.7791864764923402,0.7045454545454546
4544,8_SM_004545,M,165.3,57.0,37.15,89.4,80.2,88.8,29.55,38.92,42.0,67.5,7.9,0.7592497430626927,0.6222222222222222
242,8_SM_000243,F,163.1,58.1,34.42,88.3,78.9,91.3,31.200000000000006,35.85,46.9,66.4,5.8,0.8702928870292889,0.7063253012048192
1330,8_SM_001331,F,167.9,76.5,37.88,97.0,85.7,106.0,32.42,37.9,44.2,69.6,7.569999999999982,0.8554089709762533,0.635057471264368
4427,8_SM_004428,M,165.4,67.1,37.31,94.0,85.2,94.0,29.7,36.44,48.6,65.6,6.35,0.8150384193194292,0.7408536585365855
1665,8_SM_001666,F,163.9,55.8,33.980000000000004,83.8,71.8,92.4,31.7,38.35,46.0,66.8,6.940000000000009,0.8265971316818774,0.688622754491018
3284,8_SM_003285,M,172.0,68.8,39.92,95.4,83.3,91.6,31.339999999999996,38.22,44.6,69.9,10.779999999999996,0.8199895342752485,0.6380543633762518
4145,8_SM_004146,M,162.6,65.0,39.54,93.3,85.7,93.4,30.950000000000006,34.95,47.4,65.0,7.790000000000009,0.8855507868383405,0.7292307692307692
1195,8_SM_001196,F,167.0,66.1,36.65,88.9,81.6,103.5,34.67,38.73,46.6,70.0,6.039999999999987,0.895171701523367,0.6657142857142857
1275,8_SM_001276,F,160.9,45.3,33.42,74.3,65.0,85.6,34.059999999999995,36.53,44.5,68.4,7.340000000000009,0.9323843416370106,0.6505847953216374
356,8_SM_000357,F,162.3,53.7,34.31,88.6,70.6,92.9,34.76,36.47,44.1,68.1,6.060000000000014,0.9531121469701124,0.6475770925110133
769,8_SM_000770,F,165.4,66.0,35.54,91.8,84.5,101.5,28.580000000000002,37.22,46.8,65.1,8.0,0.7678667383127351,0.7188940092165899
4077,8_SM_004078,M,175.3,77.1,40.730000000000004,97.1,93.7,98.9,33.33,38.760000000000005,47.6,71.4,6.4,0.8599071207430339,0.6666666666666666
292,8_SM_000293,F,156.9,73.2,33.42,103.7,95.4,103.3,30.609999999999996,32.92,48.2,62.4,4.979999999999995,0.9298298906439852,0.7724358974358975
4279,8_SM_004280,M,167.5,62.8,37.35,91.7,84.3,95.3,31.3,37.61,45.3,68.2,7.689999999999986,0.8322254719489498,0.6642228739002932
4209,8_SM_004210,M,167.6,59.0,39.38,86.8,81.0,88.6,33.309999999999995,37.04,42.6,70.2,8.64000000000001,0.8992980561555074,0.6068376068376068
4331,8_SM_004332,M,176.5,70.3,41.62,93.3,88.4,94.4,30.750000000000007,41.17,46.2,72.5,8.829999999999995,0.7469030847704641,0.6372413793103449
470,8_SM_000471,F,177.0,48.9,37.11,74.5,64.9,90.7,37.78,41.57000000000001,44.7,78.9,9.45999999999999,0.9088284820784218,0.5665399239543726
4162,8_SM_004163,M,167.5,85.2,39.1,102.3,101.2,105.7,27.890000000000004,38.13,48.2,66.2,6.679999999999995,0.7314450563860478,0.7280966767371602
4398,8_SM_004399,M,173.5,67.0,38.489999999999995,98.0,87.0,90.7,33.019999999999996,40.769999999999996,47.6,72.9,6.659999999999991,0.8099092469953397,0.6529492455418381
1171,8_SM_001172,F,150.2,47.2,35.79,81.1,66.8,89.4,30.840000000000003,32.96,43.3,60.6,6.659999999999991,0.9356796116504855,0.7145214521452145
4223,8_SM_004224,M,172.0,64.5,38.1,91.2,83.7,92.1,31.7,39.47,44.8,71.0,7.9100000000000135,0.8031416265518115,0.6309859154929577
3061,8_SM_003062,M,174.7,64.3,38.82,87.8,73.0,91.8,31.360000000000003,39.05,46.6,71.2,9.35,0.8030729833546736,0.6544943820224719
1055,8_SM_001056,F,170.0,82.2,37.519999999999996,103.6,90.5,106.0,31.580000000000005,38.83,47.1,70.0,6.279999999999996,0.8132886943085245,0.6728571428571429
29,8_SM_000030,F,156.5,45.9,32.1,78.0,71.5,90.0,29.679999999999996,37.05,42.6,64.4,6.209999999999991,0.8010796221322537,0.6614906832298136
3173,8_SM_003174,M,164.6,52.1,35.85,87.6,72.3,87.0,33.089999999999996,37.75,42.8,69.2,6.710000000000013,0.8765562913907283,0.6184971098265896
3660,8_SM_003661,M,169.2,63.6,39.730000000000004,91.4,79.5,94.4,30.26,38.660000000000004,45.2,68.7,8.879999999999995,0.7827211588204862,0.6579330422125182
2084,8_SM_002085,F,146.0,52.2,34.7,86.5,79.4,95.3,27.130000000000003,31.65,40.0,57.7,6.1200000000000045,0.8571879936808848,0.6932409012131715
3300,8_SM_003301,M,179.0,63.0,41.489999999999995,86.5,70.1,92.4,31.090000000000003,39.269999999999996,47.9,71.1,9.520000000000005,0.7916984975808506,0.6736990154711674
887,8_SM_000888,F,161.5,48.9,37.96,79.4,66.3,86.8,34.3,36.21,41.3,69.0,7.75,0.9472521402927367,0.5985507246376811
2198,8_SM_002199,F,142.1,52.3,32.6,89.1,81.1,90.6,25.48,28.85,40.5,54.3,5.65,0.8831889081455806,0.7458563535911603
179,8_SM_000180,F,163.5,48.6,33.81,77.4,71.0,91.3,33.779999999999994,35.910000000000004,44.8,67.9,5.960000000000013,0.9406850459482036,0.6597938144329896
3215,8_SM_003216,M,174.3,70.8,40.54,95.6,80.5,97.3,27.550000000000004,41.86,46.3,69.0,9.070000000000004,0.6581462016244626,0.6710144927536231
891,8_SM_000892,F,158.4,75.9,35.38,99.2,91.2,108.8,30.04,35.64,45.4,65.1,4.3399999999999865,0.8428731762065095,0.6973886328725039
2039,8_SM_002040,F,156.0,65.0,36.69,101.0,92.7,92.7,29.860000000000003,32.94,44.9,62.9,6.320000000000005,0.9064966605950214,0.7138314785373608
1804,8_SM_001805,F,160.6,48.7,35.37,79.3,67.8,90.2,32.16,35.88,41.5,66.5,7.4,0.8963210702341136,0.6240601503759399
4440,8_SM_004441,M,171.6,76.9,42.15,105.5,90.0,94.0,33.07,38.79,44.8,71.9,8.219999999999981,0.8525393142562516,0.623087621696801
4017,8_SM_004018,M,170.0,80.0,40.11,105.3,97.9,102.3,31.8,40.08,43.5,71.2,7.739999999999986,0.7934131736526947,0.6109550561797753
1610,8_SM_001611,F,163.9,53.4,34.39,84.8,72.5,92.0,33.92,37.510000000000005,43.5,70.2,7.659999999999991,0.9042921887496667,0.6196581196581197
3139,8_SM_003140,M,182.1,81.3,40.660000000000004,100.5,87.3,98.1,34.17999999999999,43.75000000000001,47.6,79.1,6.6199999999999815,0.7812571428571425,0.6017699115044248
2329,8_SM_002330,F,149.0,61.9,34.92,98.2,89.1,95.0,28.23,33.589999999999996,40.8,61.8,6.009999999999991,0.8404286990175649,0.6601941747572816
73,8_SM_000074,F,160.5,47.1,32.38,79.3,67.9,88.5,33.77,36.63,44.1,68.1,5.510000000000014,0.9219219219219219,0.6475770925110133
449,8_SM_000450,F,163.5,49.8,33.980000000000004,76.4,65.6,91.1,31.500000000000007,36.980000000000004,45.5,67.8,5.85,0.8518117901568416,0.6710914454277287
1551,8_SM_001552,F,160.0,64.4,36.71,91.6,77.4,98.0,28.52,36.7,43.7,65.3,6.35,0.7771117166212533,0.6692189892802451
2465,8_SM_002466,F,165.0,55.8,35.739999999999995,87.4,74.1,90.1,32.269999999999996,37.67,44.5,68.9,5.509999999999991,0.8566498539952215,0.6458635703918723
2629,8_SM_002630,M,176.5,85.8,44.39,102.4,93.9,107.7,32.529999999999994,41.440000000000005,46.3,72.9,8.54000000000001,0.7849903474903472,0.635116598079561
4409,8_SM_004410,M,169.3,69.1,40.83,94.8,77.3,95.1,29.559999999999995,35.75,45.6,65.0,7.5,0.8268531468531467,0.7015384615384616
30,8_SM_000031,F,156.4,51.9,37.010000000000005,86.9,70.2,94.7,30.279999999999994,33.79,41.4,61.9,9.190000000000008,0.896123113347144,0.6688206785137318
3687,8_SM_003688,M,183.6,81.0,41.7,102.4,85.3,99.6,35.98,44.25,44.5,80.2,8.529999999999996,0.8131073446327682,0.5548628428927681
1436,8_SM_001437,F,162.7,47.5,33.44,80.8,63.9,86.9,32.959999999999994,36.3,42.6,67.7,6.45,0.9079889807162533,0.6292466765140325
4514,8_SM_004515,M,159.6,66.5,36.11,94.4,91.4,97.3,26.639999999999997,36.92,38.9,63.2,7.179999999999995,0.7215601300108341,0.615506329113924
2236,8_SM_002237,F,147.1,55.6,31.639999999999997,88.9,82.0,93.4,26.660000000000004,32.85,43.1,58.8,6.1099999999999905,0.8115677321156775,0.7329931972789117
52,8_SM_000053,F,177.1,48.2,34.660000000000004,73.6,63.4,86.7,35.91,40.7,49.2,75.1,9.270000000000005,0.8823095823095821,0.6551264980026632
405,8_SM_000406,F,165.1,60.2,33.93,88.6,75.5,99.9,30.560000000000002,36.279999999999994,46.1,66.4,7.05,0.842337375964719,0.6942771084337349
1353,8_SM_001354,F,165.8,63.8,38.43,86.1,77.6,103.6,33.2,37.260000000000005,43.6,69.0,7.5,0.8910359634997316,0.6318840579710145
3367,8_SM_003368,M,164.0,58.8,40.32,90.7,75.6,87.8,27.629999999999995,38.1,41.1,65.9,8.090000000000009,0.7251968503937006,0.6236722306525038
440,8_SM_000441,F,163.3,70.6,35.489999999999995,103.9,91.7,94.4,30.229999999999997,38.230000000000004,45.1,68.5,6.8,0.7907402563431858,0.6583941605839416
2903,8_SM_002904,M,178.1,91.3,39.32,103.2,91.8,104.9,30.810000000000002,39.11,50.1,69.4,8.990000000000009,0.7877780618767579,0.7219020172910663
1307,8_SM_001308,F,164.4,54.9,35.18,83.9,74.1,94.8,31.259999999999998,36.65,47.3,67.2,8.990000000000009,0.8529331514324693,0.7038690476190476
922,8_SM_000923,F,168.0,58.6,39.47,85.6,73.3,91.8,33.410000000000004,38.71,42.1,70.8,6.320000000000005,0.8630844742960476,0.594632768361582
4227,8_SM_004228,M,169.5,68.9,41.19,90.2,85.8,94.9,31.859999999999996,38.73,44.4,69.8,8.029999999999996,0.8226181254841208,0.6361031518624641
2932,8_SM_002933,M,181.4,62.3,40.78,88.7,66.6,88.1,34.86999999999999,44.95,45.0,78.8,10.079999999999995,0.7757508342602889,0.5710659898477157
570,8_SM_000571,F,162.3,69.1,31.810000000000002,99.3,82.4,99.5,34.099999999999994,36.1,44.4,68.5,5.320000000000005,0.9445983379501383,0.6481751824817518
1919,8_SM_001920,F,155.7,46.3,35.17,77.8,68.0,91.9,30.229999999999997,33.53,43.0,62.0,7.290000000000009,0.9015806740232626,0.6935483870967742
4058,8_SM_004059,M,169.2,60.2,40.760000000000005,88.5,80.8,90.4,31.119999999999997,38.129999999999995,46.0,68.0,7.479999999999995,0.8161552583267768,0.6764705882352942
2938,8_SM_002939,M,173.6,59.3,38.33,89.5,73.7,87.0,32.67,41.98,45.6,73.8,6.8799999999999955,0.7782277274892807,0.6178861788617886
26,8_SM_000027,F,164.4,55.0,35.230000000000004,90.0,72.5,89.2,30.28000000000001,37.92999999999999,45.8,67.5,5.35,0.7983126812549437,0.6785185185185185
3511,8_SM_003512,M,173.6,66.5,37.96,86.7,78.6,94.0,33.56,42.53,43.5,76.1,7.829999999999996,0.7890900540794733,0.5716162943495401
903,8_SM_000904,F,168.4,49.8,37.410000000000004,77.8,72.7,91.4,36.48,38.46,43.3,73.3,7.670000000000004,0.9485179407176286,0.5907230559345157
2040,8_SM_002041,F,160.2,57.9,37.87,86.7,81.0,97.0,29.590000000000003,35.81,41.7,65.0,6.7,0.8263055012566323,0.6415384615384616
1104,8_SM_001105,F,155.4,56.5,34.94,88.7,77.0,94.8,28.909999999999997,33.97,44.0,62.6,6.8700000000000045,0.8510450397409478,0.7028753993610224
216,8_SM_000217,F,168.0,58.8,34.18,85.9,74.7,94.9,33.32000000000001,38.059999999999995,46.6,69.8,5.540000000000009,0.8754598003152919,0.667621776504298
913,8_SM_000914,F,157.4,55.0,36.19,84.9,76.8,95.0,28.990000000000002,35.03,41.4,63.8,7.309999999999991,0.8275763631173281,0.6489028213166145
454,8_SM_000455,F,164.4,56.1,33.15,83.0,72.7,93.5,33.04,36.67,44.4,69.1,7.260000000000014,0.9010089991818925,0.6425470332850941
4342,8_SM_004343,M,167.6,67.2,36.89,95.3,90.1,91.5,25.919999999999998,38.35,46.4,65.9,7.479999999999995,0.6758800521512385,0.7040971168437025
2668,8_SM_002669,M,173.8,80.6,38.21,97.3,91.8,102.2,33.74,40.68,45.7,73.4,7.340000000000009,0.8294001966568338,0.6226158038147139
2624,8_SM_002625,M,180.7,68.9,41.410000000000004,94.7,72.6,91.8,37.51,41.06,48.5,76.5,8.1,0.9135411592791036,0.6339869281045751
185,8_SM_000186,F,165.1,56.6,35.660000000000004,83.8,72.1,96.2,36.150000000000006,36.21,45.9,68.6,5.95,0.9983429991714997,0.6690962099125365
3155,8_SM_003156,M,172.9,65.6,37.97,91.5,83.8,90.7,32.57000000000001,38.32,46.7,71.6,8.2,0.8499478079331944,0.6522346368715085
324,8_SM_000325,F,150.2,47.9,30.82,83.4,74.7,88.6,31.810000000000002,32.029999999999994,42.0,60.4,5.970000000000004,0.9931314392756793,0.695364238410596
1848,8_SM_001849,F,153.0,56.7,35.4,88.6,79.4,94.8,27.930000000000007,32.85,45.4,60.0,6.9,0.8502283105022833,0.7566666666666666
3748,8_SM_003749,M,175.1,85.2,41.55,102.2,93.3,107.0,32.98,39.790000000000006,45.2,71.9,7.55,0.8288514702186477,0.6286509040333796
1270,8_SM_001271,F,153.8,61.5,35.230000000000004,91.3,78.8,97.1,29.669999999999998,34.559999999999995,41.9,63.1,4.509999999999991,0.8585069444444445,0.6640253565768621
3936,8_SM_003937,M,165.2,57.3,38.660000000000004,85.9,74.7,88.8,28.270000000000003,36.3,46.4,65.1,7.820000000000005,0.7787878787878789,0.7127496159754224
2074,8_SM_002075,F,163.5,70.4,37.97,94.2,89.8,102.1,28.959999999999997,37.29,45.2,65.7,5.9,0.776615714668812,0.6879756468797564
44,8_SM_000045,F,173.3,67.3,37.2,97.5,78.0,97.7,34.94,40.26,46.6,73.1,7.3399999999999865,0.8678589170392449,0.637482900136799
3479,8_SM_003480,M,170.6,79.4,41.519999999999996,100.5,87.0,99.5,29.630000000000003,40.67999999999999,44.0,71.8,6.029999999999996,0.7283677482792529,0.6128133704735377
3309,8_SM_003310,M,178.3,121.0,44.68,121.9,119.6,115.8,31.450000000000006,40.160000000000004,49.2,70.4,6.090000000000009,0.7831175298804782,0.6988636363636364
1738,8_SM_001739,F,168.1,114.3,40.71,115.2,111.8,136.9,28.830000000000002,40.36,45.0,69.5,5.090000000000009,0.7143211100099108,0.6474820143884892
3021,8_SM_003022,M,170.8,65.6,42.31,92.2,77.0,92.8,31.450000000000006,39.57,44.6,70.6,9.070000000000004,0.7947940358857722,0.6317280453257791
811,8_SM_000812,F,162.4,50.7,32.54,80.5,65.3,92.0,29.85,35.39,46.2,64.9,6.7,0.8434586041254591,0.711864406779661
1953,8_SM_001954,F,151.6,55.5,34.589999999999996,87.9,77.0,94.5,28.509999999999998,31.890000000000004,42.9,59.2,7.829999999999996,0.8940106616494197,0.7246621621621621
1075,8_SM_001076,F,169.8,51.5,35.65,84.3,65.8,89.5,31.660000000000004,37.67,49.6,68.1,8.590000000000009,0.8404565967613487,0.7283406754772395
3885,8_SM_003886,M,180.4,78.0,42.75,93.5,86.9,100.5,32.24,42.35,47.6,73.6,9.0,0.7612750885478159,0.6467391304347827
258,8_SM_000259,F,172.4,82.7,36.44,101.0,97.3,111.0,33.98,39.010000000000005,45.9,73.1,4.8,0.871058702896693,0.627906976744186
1175,8_SM_001176,F,169.9,59.5,36.43,85.4,78.4,94.7,34.18,40.08,44.2,71.5,8.929999999999996,0.8527944111776448,0.6181818181818183
2274,8_SM_002275,F,161.8,56.2,36.61,85.8,73.8,91.2,30.730000000000008,37.809999999999995,44.1,67.0,7.7,0.8127479502777046,0.6582089552238806
654,8_SM_000655,F,159.2,63.1,32.83,96.5,84.5,96.5,28.78,35.92999999999999,45.6,61.9,5.709999999999991,0.8010019482326748,0.7366720516962844
3277,8_SM_003278,M,178.1,80.3,41.04,96.4,88.0,102.9,32.23,39.6,48.7,71.2,9.239999999999986,0.8138888888888888,0.6839887640449438
1188,8_SM_001189,F,159.4,53.7,37.3,84.9,70.2,93.5,31.389999999999997,35.35,44.2,64.6,5.690000000000009,0.8879773691654879,0.6842105263157896
1296,8_SM_001297,F,161.9,47.6,34.79,79.3,69.4,89.5,33.58,38.059999999999995,43.2,69.4,7.290000000000009,0.882291119285339,0.622478386167147
3059,8_SM_003060,M,172.5,64.1,38.33,94.1,74.6,93.5,31.4,41.02,46.9,71.6,7.6200000000000045,0.7654802535348609,0.6550279329608939
1345,8_SM_001346,F,161.8,54.1,35.54,82.1,69.0,95.9,30.069999999999993,37.42,43.4,66.0,7.5,0.803580972741849,0.6575757575757576
1988,8_SM_001989,F,153.5,52.3,35.489999999999995,88.3,75.5,87.7,28.57,34.519999999999996,42.6,62.5,4.8700000000000045,0.8276361529548089,0.6816
1227,8_SM_001228,F,161.0,53.1,35.05,89.0,70.0,91.8,31.480000000000008,35.91,45.2,65.3,7.05,0.8766360345307717,0.6921898928024504
1822,8_SM_001823,F,161.6,67.6,33.08,94.6,81.8,100.8,32.02,37.209999999999994,43.1,69.3,4.979999999999995,0.8605213652244023,0.621933621933622
2552,8_SM_002553,M,177.0,72.1,39.089999999999996,94.8,79.7,96.9,34.24,41.379999999999995,48.7,74.4,8.5,0.8274528757854037,0.6545698924731183
266,8_SM_000267,F,171.4,63.8,36.45,85.2,77.5,102.2,34.730000000000004,37.83,45.7,72.6,6.760000000000014,0.9180544541369285,0.6294765840220387
4348,8_SM_004349,M,162.0,62.4,36.239999999999995,93.3,85.0,89.8,30.749999999999993,35.760000000000005,44.0,66.1,4.560000000000014,0.8598993288590601,0.6656580937972769
56,8_SM_000057,F,162.6,55.4,35.14,90.5,73.5,95.5,30.779999999999994,37.0,44.8,67.2,6.860000000000014,0.8318918918918917,0.6666666666666666
2441,8_SM_002442,F,166.2,60.9,39.739999999999995,83.7,77.1,100.6,30.689999999999998,38.12,47.8,67.9,7.760000000000014,0.8050891920251836,0.7039764359351988
2641,8_SM_002642,M,167.1,64.7,39.0,92.0,79.0,93.0,32.26,37.37,43.2,69.0,7.470000000000004,0.8632592989028632,0.6260869565217392
1237,8_SM_001238,F,159.0,50.5,35.61,82.4,65.8,90.9,33.279999999999994,35.870000000000005,41.0,67.6,7.020000000000005,0.9277948146083075,0.6065088757396451
1207,8_SM_001208,F,181.0,62.5,38.089999999999996,83.8,70.3,97.6,36.46,42.3,50.6,77.9,7.919999999999982,0.8619385342789598,0.6495507060333761
4381,8_SM_004382,M,172.8,75.5,39.11,100.5,96.1,100.0,29.930000000000007,41.87,45.9,72.8,5.020000000000005,0.7148316216861716,0.6304945054945055
4088,8_SM_004089,M,171.2,76.7,39.64,101.3,92.3,103.0,31.46999999999999,38.39,48.2,69.1,8.020000000000005,0.819744725188851,0.6975397973950797
690,8_SM_000691,F,154.4,55.5,31.619999999999997,89.9,79.5,91.9,32.17,35.339999999999996,42.9,66.7,4.840000000000009,0.9102999434069045,0.6431784107946027
2416,8_SM_002417,F,156.0,49.5,36.45,79.4,70.9,90.2,27.549999999999994,37.31,41.3,63.7,6.3799999999999955,0.7384079335298845,0.6483516483516483
2852,8_SM_002853,M,169.7,83.2,39.79,102.6,92.6,102.2,27.7,37.769999999999996,50.1,67.3,7.4100000000000135,0.7333862854117025,0.7444279346210996
2324,8_SM_002325,F,149.4,57.2,35.42,99.3,83.2,86.4,27.71,33.42,40.3,60.7,4.15,0.8291442250149611,0.6639209225700164
289,8_SM_000290,F,155.2,43.9,31.45,78.9,71.7,85.6,30.360000000000003,36.65,41.2,66.0,6.920000000000004,0.8283765347885403,0.6242424242424243
1520,8_SM_001521,F,159.4,51.9,34.8,83.4,64.7,88.3,29.630000000000003,35.75,47.4,65.4,7.1099999999999905,0.8288111888111889,0.7247706422018347
1913,8_SM_001914,F,155.3,52.1,34.38,86.9,76.6,90.0,30.619999999999997,33.98,43.3,63.5,9.160000000000014,0.9011183048852266,0.6818897637795275
1198,8_SM_001199,F,156.7,48.3,34.07,76.8,67.7,92.0,31.420000000000005,34.57,42.4,63.1,8.710000000000013,0.908880532253399,0.6719492868462758
1196,8_SM_001197,F,165.5,53.9,34.54,85.5,72.7,90.4,34.14999999999999,38.7,43.8,70.2,8.1,0.8824289405684752,0.6239316239316238
2267,8_SM_002268,F,156.2,54.2,35.19,90.7,80.8,88.0,28.109999999999996,34.6,44.7,62.9,7.389999999999986,0.8124277456647397,0.7106518282988872
2222,8_SM_002223,F,161.5,49.3,35.44,77.5,68.2,93.0,31.110000000000003,36.68,44.9,66.5,7.1299999999999955,0.8481461286804799,0.675187969924812
746,8_SM_000747,F,164.8,53.9,33.010000000000005,84.3,69.2,93.9,33.410000000000004,38.05,44.9,69.4,6.039999999999987,0.8780551905387649,0.6469740634005763
1204,8_SM_001205,F,162.9,69.0,34.46,94.0,81.7,101.1,28.560000000000002,36.989999999999995,46.6,66.0,6.3700000000000045,0.7721005677210059,0.706060606060606
4352,8_SM_004353,M,163.5,67.9,38.769999999999996,94.8,84.4,92.6,29.7,35.48,44.6,65.1,6.1200000000000045,0.8370913190529876,0.6850998463901691
2851,8_SM_002852,M,179.5,77.9,41.69,99.1,80.9,99.4,33.26,42.17999999999999,50.6,75.7,8.8,0.7885253674727359,0.6684280052840158
2264,8_SM_002265,F,160.3,60.5,36.79,87.0,79.0,97.8,27.55,35.33,43.2,62.8,5.429999999999995,0.7797905462779509,0.6878980891719746
4122,8_SM_004123,M,177.7,88.8,42.47,104.9,97.9,104.0,33.940000000000005,41.370000000000005,48.5,74.3,7.229999999999995,0.8204012569494803,0.6527590847913863
1085,8_SM_001086,F,170.6,56.5,38.06,79.8,69.3,91.5,34.36,36.910000000000004,47.8,69.1,8.429999999999996,0.9309130316987265,0.6917510853835022
3744,8_SM_003745,M,183.2,69.7,41.06,94.7,75.7,96.0,35.67,42.760000000000005,47.6,77.8,8.009999999999991,0.8341908325537886,0.6118251928020566
4243,8_SM_004244,M,162.0,75.0,40.46,106.5,98.5,97.6,26.25,36.96,44.2,62.8,7.219999999999982,0.7102272727272727,0.7038216560509555
1735,8_SM_001736,F,161.1,47.4,31.369999999999997,75.2,61.7,86.6,32.440000000000005,36.589999999999996,45.5,67.3,6.220000000000004,0.8865810330691448,0.6760772659732541
3334,8_SM_003335,M,170.2,63.0,39.589999999999996,95.1,77.7,93.0,34.13,39.779999999999994,42.2,71.6,8.460000000000013,0.857968828557064,0.5893854748603353
1857,8_SM_001858,F,168.0,93.6,39.160000000000004,108.3,106.3,111.2,33.010000000000005,36.39,47.8,68.2,5.829999999999996,0.9071173399285519,0.7008797653958944
3196,8_SM_003197,M,173.5,74.7,40.47,96.1,88.6,97.0,29.919999999999998,42.14,45.9,66.8,6.8,0.7100142382534409,0.687125748502994
2742,8_SM_002743,M,172.4,64.0,35.32,88.0,72.0,90.7,31.26,40.379999999999995,47.8,70.4,7.05,0.7741456166419021,0.6789772727272726
503,8_SM_000504,F,161.4,51.9,32.39,78.2,66.0,89.7,33.15,35.989999999999995,45.6,66.7,5.809999999999991,0.9210891914420674,0.6836581709145427
3755,8_SM_003756,M,170.3,76.7,38.39,98.6,96.4,98.8,25.150000000000006,41.14,46.4,66.2,9.270000000000005,0.6113271754982986,0.7009063444108761
3002,8_SM_003003,M,157.3,58.1,36.56,89.6,84.4,93.1,27.270000000000003,38.480000000000004,37.4,65.5,7.029999999999996,0.7086798336798337,0.5709923664122137
2093,8_SM_002094,F,154.3,52.0,34.63,85.5,77.3,89.5,27.05,33.589999999999996,44.5,59.3,7.6099999999999905,0.8052991961893422,0.7504215851602024
1801,8_SM_001802,F,155.6,52.0,31.29,86.3,74.8,90.5,29.939999999999998,34.97,40.7,65.6,5.340000000000009,0.8561624249356591,0.6204268292682927
1447,8_SM_001448,F,163.0,58.1,33.58,87.7,76.0,94.8,35.339999999999996,39.14,41.1,73.2,7.029999999999996,0.9029126213592232,0.5614754098360656
1390,8_SM_001391,F,155.8,47.9,32.589999999999996,81.8,66.4,87.4,30.170000000000005,34.63,43.5,63.1,6.2,0.8712099335835981,0.6893819334389857
1036,8_SM_001037,F,168.8,89.6,39.72,111.3,98.1,115.3,29.0,39.29,49.2,68.3,6.1200000000000045,0.7381012980402138,0.7203513909224012
2743,8_SM_002744,M,173.8,67.5,39.910000000000004,88.6,80.7,95.5,32.769999999999996,39.980000000000004,43.8,71.2,7.459999999999991,0.8196598299149573,0.6151685393258426
4442,8_SM_004443,M,168.2,73.3,40.28,99.3,86.5,94.4,29.120000000000005,37.69,49.8,66.7,5.770000000000005,0.7726187317590875,0.7466266866566715
2210,8_SM_002211,F,155.4,53.1,37.7,82.8,75.9,92.4,28.809999999999995,35.32000000000001,42.4,63.1,6.6299999999999955,0.8156851642129103,0.6719492868462758
1518,8_SM_001519,F,160.1,52.0,35.54,78.6,68.8,94.7,29.420000000000005,34.85,43.7,64.0,7.65,0.8441893830703014,0.6828125
673,8_SM_000674,F,168.0,59.1,35.21,80.4,71.5,99.3,31.620000000000005,36.45,47.0,66.2,6.739999999999986,0.8674897119341565,0.7099697885196374
3201,8_SM_003202,M,170.4,85.7,37.589999999999996,110.1,97.1,103.6,30.590000000000003,37.63,49.3,67.4,7.280000000000018,0.8129152272123307,0.731454005934718
4297,8_SM_004298,M,170.0,60.2,37.769999999999996,92.8,79.5,91.3,33.63,39.33,44.7,72.0,6.920000000000004,0.8550724637681161,0.6208333333333333
1031,8_SM_001032,F,171.1,66.5,37.55,93.5,79.3,98.5,35.60000000000001,42.04,47.5,73.8,5.429999999999995,0.8468125594671744,0.6436314363143631
1444,8_SM_001445,F,151.9,44.4,34.25,77.7,65.4,86.4,28.359999999999996,34.010000000000005,39.9,61.6,6.3800000000000185,0.8338723904733899,0.6477272727272727
3236,8_SM_003237,M,176.2,66.0,43.03,95.9,77.7,93.8,33.28,41.11,46.1,72.4,9.0,0.8095353928484554,0.6367403314917127
2363,8_SM_002364,F,160.5,67.7,36.12,95.3,88.9,101.3,29.840000000000003,36.660000000000004,43.5,66.2,6.25,0.8139661756683033,0.6570996978851964
2266,8_SM_002267,F,153.0,53.8,35.55,85.3,78.5,95.0,23.389999999999997,33.25,44.1,55.7,6.7,0.7034586466165412,0.7917414721723519
2508,8_SM_002509,F,157.0,51.9,34.56,88.4,74.2,92.6,30.749999999999993,35.06,41.9,64.9,7.55,0.8770678836280659,0.645608628659476
247,8_SM_000248,F,156.0,49.6,33.93,79.2,68.6,90.6,32.72,33.57,39.6,64.2,7.720000000000004,0.9746797736073876,0.616822429906542
269,8_SM_000270,F,168.2,66.1,36.94,89.8,79.5,103.1,33.17,38.4,45.8,70.9,4.790000000000009,0.8638020833333334,0.6459802538787023
63,8_SM_000064,F,157.0,47.2,34.63,79.2,67.8,87.3,30.2,34.4,44.3,64.0,5.65,0.877906976744186,0.6921875
2068,8_SM_002069,F,154.4,56.6,34.89,90.0,73.3,95.4,29.15,37.26,40.7,64.8,6.35,0.7823403113258186,0.6280864197530865
3626,8_SM_003627,M,166.8,72.7,40.19,99.0,84.9,97.3,28.96,39.8,44.5,67.8,7.790000000000009,0.7276381909547739,0.6563421828908554
2255,8_SM_002256,F,147.8,56.6,33.64,92.7,83.5,95.9,26.95,32.519999999999996,42.1,58.9,5.579999999999996,0.8287207872078721,0.7147707979626486
2447,8_SM_002448,F,153.6,41.4,32.989999999999995,75.8,57.2,83.9,28.389999999999997,35.28,43.0,63.3,4.95,0.804705215419501,0.679304897314376
4269,8_SM_004270,M,180.0,97.2,43.35,111.3,101.7,106.1,30.560000000000002,41.67,49.1,72.0,7.1200000000000045,0.7333813294936405,0.6819444444444445
3722,8_SM_003723,M,170.0,79.6,39.58,101.3,92.5,104.9,31.680000000000007,40.25,44.2,69.8,7.090000000000009,0.7870807453416151,0.6332378223495703
3295,8_SM_003296,M,172.0,71.7,41.78,100.8,77.8,96.9,32.0,39.769999999999996,46.2,70.0,6.959999999999991,0.8046266029670607,0.66
4318,8_SM_004319,M,180.0,77.9,40.9,95.5,92.5,99.5,33.559999999999995,41.660000000000004,47.8,74.5,7.270000000000005,0.8055688910225635,0.6416107382550336
3812,8_SM_003813,M,174.6,81.2,39.05,100.7,87.0,103.5,29.35,39.13,49.7,67.6,8.9,0.7500638895987733,0.7352071005917161
103,8_SM_000104,F,164.9,53.7,34.230000000000004,83.8,66.5,92.0,33.209999999999994,36.42,44.8,67.9,6.759999999999991,0.9118616144975286,0.6597938144329896
3794,8_SM_003795,M,177.5,86.7,39.13,105.9,92.7,103.1,30.220000000000006,42.660000000000004,45.7,73.7,8.159999999999991,0.7083919362400376,0.6200814111261873
4295,8_SM_004296,M,167.0,65.8,37.64,92.0,90.5,92.3,29.950000000000006,37.17999999999999,52.1,66.5,8.880000000000019,0.8055406132329213,0.7834586466165414
513,8_SM_000514,F,159.1,57.4,35.63,87.7,73.2,95.1,30.45,37.48,39.4,67.6,5.279999999999996,0.8124332977588048,0.5828402366863905
2658,8_SM_002659,M,185.5,79.7,41.53,98.7,84.0,102.2,34.83,40.260000000000005,50.8,73.4,8.920000000000005,0.8651266766020863,0.6920980926430517
4482,8_SM_004483,M,168.8,81.6,39.6,103.3,106.0,98.7,24.73,38.64,51.6,66.2,4.239999999999986,0.6400103519668737,0.7794561933534743
1268,8_SM_001269,F,168.0,66.7,38.11,94.8,80.0,102.1,32.56,37.309999999999995,46.2,66.5,8.379999999999995,0.8726882873224339,0.6947368421052632
875,8_SM_000876,F,166.3,59.0,38.38,84.5,73.8,96.3,34.45,36.739999999999995,45.0,68.9,7.3800000000000185,0.9376701143168211,0.6531204644412191
918,8_SM_000919,F,162.7,59.1,35.28,89.5,75.0,93.8,35.470000000000006,37.519999999999996,42.9,69.3,6.909999999999991,0.9453624733475482,0.6190476190476191
2262,8_SM_002263,F,157.2,52.8,34.13,85.2,76.0,91.2,29.089999999999996,35.57,43.5,63.1,7.709999999999991,0.8178240089963451,0.6893819334389857
2136,8_SM_002137,F,165.0,61.2,39.239999999999995,88.1,79.0,95.9,30.1,38.0,43.5,68.5,8.080000000000018,0.7921052631578948,0.635036496350365
361,8_SM_000362,F,174.5,80.8,33.11,94.5,84.7,105.2,33.57,38.870000000000005,49.8,71.4,6.240000000000009,0.8636480576279907,0.6974789915966385
3547,8_SM_003548,M,168.4,82.9,39.29,103.8,88.2,102.7,28.24,40.17,43.9,70.3,6.8700000000000045,0.7030121981578291,0.6244665718349929
302,8_SM_000303,F,164.2,63.1,33.61,87.5,82.6,97.5,30.35,36.19,44.9,65.4,6.429999999999995,0.8386294556507323,0.6865443425076452
1013,8_SM_001014,F,158.5,47.4,34.53,85.5,70.1,85.5,32.2,37.18,42.8,68.4,5.6299999999999955,0.8660570199031739,0.6257309941520467
1629,8_SM_001630,F,161.4,48.9,34.81,79.0,70.5,91.4,33.760000000000005,37.0,41.3,69.9,6.45,0.9124324324324325,0.5908440629470672
1927,8_SM_001928,F,155.7,64.3,36.45,97.8,90.0,96.4,30.46999999999999,34.30200000000001,42.7,63.2,6.8399999999999865,0.888286397294618,0.6756329113924051
2975,8_SM_002976,M,192.2,119.8,40.54,122.5,113.5,113.5,33.830000000000005,43.89,55.4,77.0,9.559999999999992,0.7707906128958761,0.7194805194805195
771,8_SM_000772,F,163.0,59.4,31.45,92.1,78.2,95.4,31.889999999999997,36.77,43.9,67.7,6.259999999999991,0.8672831112319824,0.6484490398818316
4479,8_SM_004480,M,172.1,84.0,40.44,105.6,95.6,102.8,28.690000000000005,42.120000000000005,47.2,70.6,4.6200000000000045,0.6811490978157645,0.6685552407932013
1427,8_SM_001428,F,156.2,56.1,33.12,84.3,74.7,95.8,29.070000000000004,36.25,45.3,64.1,6.070000000000005,0.8019310344827587,0.7067082683307333
1428,8_SM_001429,F,162.6,51.4,33.25,79.5,70.4,88.6,34.690000000000005,35.55,46.9,68.2,6.4,0.9758087201125178,0.687683284457478
1422,8_SM_001423,F,162.9,81.6,38.13,108.8,99.5,106.9,29.54,36.39,46.1,64.8,6.829999999999996,0.8117614729321242,0.7114197530864198
2335,8_SM_002336,F,151.8,73.2,34.45,105.0,102.2,105.0,26.509999999999998,34.89,44.0,60.7,6.570000000000005,0.75981656635139,0.7248764415156507
3075,8_SM_003076,M,173.4,69.8,40.25,92.0,83.1,96.5,32.2,41.230000000000004,47.4,71.9,8.29000000000001,0.7809847198641766,0.6592489568845619
3824,8_SM_003825,M,167.0,85.1,39.489999999999995,106.3,103.7,104.7,26.419999999999998,38.58,42.4,65.1,6.6,0.6848107827890099,0.6513056835637481
2078,8_SM_002079,F,161.5,53.1,36.239999999999995,83.5,73.5,93.0,31.560000000000002,38.089999999999996,42.1,68.9,7.479999999999995,0.8285639275400369,0.6110304789550072
2428,8_SM_002429,F,151.5,52.5,34.86,93.4,80.8,88.7,28.120000000000005,34.730000000000004,35.9,62.1,6.470000000000004,0.8096746328822344,0.5780998389694042
2887,8_SM_002888,M,177.5,67.5,35.35,96.7,73.0,93.0,33.89,40.17,49.8,72.6,6.670000000000004,0.843664426188698,0.6859504132231405
4391,8_SM_004392,M,169.0,67.0,40.5,92.1,87.7,92.0,29.729999999999997,39.02,46.2,68.6,5.220000000000004,0.7619169656586364,0.6734693877551021
108,8_SM_000109,F,164.9,58.2,33.760000000000005,86.6,74.6,97.8,33.529999999999994,36.519999999999996,45.0,68.3,5.9,0.9181270536692223,0.6588579795021963
2750,8_SM_002751,M,174.6,73.1,39.81,96.1,80.3,97.4,32.36,41.17,47.7,72.0,7.6200000000000045,0.7860092300218605,0.6625000000000001
1279,8_SM_001280,F,151.6,53.3,35.1,84.9,73.0,93.3,28.48,33.43,40.7,61.6,4.8799999999999955,0.8519294047262937,0.6607142857142857
58,8_SM_000059,F,164.0,49.8,35.39,78.1,63.7,91.3,32.410000000000004,36.44,43.3,67.3,7.3799999999999955,0.8894072447859497,0.6433878157503714
76,8_SM_000077,F,167.9,74.4,35.75,98.0,87.5,104.5,32.660000000000004,39.68,44.1,70.3,2.8200000000000047,0.823084677419355,0.6273115220483642
3774,8_SM_003775,M,175.1,70.9,40.93,92.5,81.7,95.8,30.749999999999993,41.03,43.4,72.7,8.770000000000005,0.7494516207652935,0.5969738651994497
371,8_SM_000372,F,164.1,63.1,34.43,92.3,80.8,98.6,30.400000000000006,35.92999999999999,47.2,64.8,5.8900000000000095,0.846089618703034,0.7283950617283952
2110,8_SM_002111,F,151.1,54.4,34.14,92.0,85.7,97.5,28.159999999999997,34.64,39.3,62.5,5.4100000000000135,0.8129330254041569,0.6287999999999999
795,8_SM_000796,F,163.8,52.1,35.239999999999995,82.4,67.8,92.9,33.76,36.95,40.4,68.6,7.05,0.9136671177266575,0.5889212827988338
3507,8_SM_003508,M,180.0,68.8,39.17,90.2,77.5,94.1,35.32,42.36,47.4,79.5,7.220000000000004,0.833805476864967,0.5962264150943396
1366,8_SM_001367,F,166.1,65.0,35.87,89.0,74.8,99.3,31.890000000000004,36.92,46.5,68.0,8.840000000000009,0.8637594799566631,0.6838235294117647
3782,8_SM_003783,M,179.7,76.8,42.62,91.6,83.6,99.2,29.040000000000003,41.27,47.3,72.0,9.529999999999996,0.7036588320814151,0.6569444444444444
3470,8_SM_003471,M,181.0,73.9,43.2,99.5,79.9,93.7,36.52,41.94,48.4,77.5,7.65,0.8707677634716262,0.6245161290322581
2877,8_SM_002878,M,173.3,63.6,34.910000000000004,86.5,72.7,91.0,33.69,38.92,47.1,71.0,6.439999999999986,0.8656217882836587,0.6633802816901408
1189,8_SM_001190,F,160.2,49.3,35.58,81.1,69.7,91.2,31.45,35.760000000000005,44.7,65.2,6.409999999999991,0.8794742729306486,0.6855828220858896
2230,8_SM_002231,F,160.0,53.1,35.05,83.0,71.5,92.1,29.229999999999997,35.43,44.9,63.8,7.3799999999999955,0.8250070561670899,0.7037617554858935
1272,8_SM_001273,F,161.0,47.4,33.93,78.7,64.9,87.4,31.590000000000003,37.08,46.0,67.4,7.1600000000000135,0.8519417475728157,0.6824925816023738
1976,8_SM_001977,F,156.4,57.5,36.88,92.0,85.6,94.5,28.080000000000002,34.02,42.1,63.5,7.070000000000005,0.8253968253968254,0.662992125984252
2965,8_SM_002966,M,173.4,70.8,37.4,90.5,77.5,95.0,34.85000000000001,39.260000000000005,46.6,72.7,7.329999999999996,0.8876719307182884,0.640990371389271
920,8_SM_000921,F,167.6,58.0,35.85,88.7,78.4,93.5,32.760000000000005,37.65,45.7,69.7,6.8700000000000045,0.8701195219123508,0.6556671449067432
124,8_SM_000125,F,161.5,49.7,34.230000000000004,76.7,69.2,91.0,33.59,35.660000000000004,38.2,68.0,7.239999999999986,0.9419517666853617,0.5617647058823529
4491,8_SM_004492,M,165.0,67.0,38.62,93.5,94.7,93.8,27.509999999999998,38.42,41.3,66.5,8.240000000000009,0.7160333159812596,0.6210526315789473
2802,8_SM_002803,M,166.0,93.1,37.03,112.5,106.9,109.0,26.459999999999997,36.980000000000004,44.3,62.1,5.360000000000014,0.7155219037317467,0.7133655394524959
2835,8_SM_002836,M,171.6,73.7,41.89,97.8,86.8,98.5,29.359999999999996,41.83,42.8,71.2,7.659999999999991,0.7018885967009323,0.6011235955056179
1193,8_SM_001194,F,157.7,64.4,35.339999999999996,95.5,82.5,100.9,26.940000000000005,36.480000000000004,46.3,61.4,6.1400000000000095,0.7384868421052632,0.754071661237785
2825,8_SM_002826,M,167.8,84.9,39.72,110.5,98.3,103.0,25.96999999999999,39.07000000000001,47.8,66.0,6.010000000000014,0.6647043767596618,0.7242424242424242
4238,8_SM_004239,M,161.2,62.5,38.3,96.2,89.8,87.7,30.420000000000005,36.25,44.5,66.2,6.170000000000004,0.8391724137931036,0.6722054380664653
446,8_SM_000447,F,165.8,57.7,32.660000000000004,79.0,73.0,96.9,34.970000000000006,37.62,46.2,69.6,5.65,0.9295587453482193,0.6637931034482759
1829,8_SM_001830,F,161.8,61.6,33.85,91.8,77.8,94.9,30.570000000000004,36.33,44.5,65.7,6.240000000000009,0.8414533443435179,0.6773211567732116
1489,8_SM_001490,F,167.8,62.0,37.67,87.7,78.0,96.4,31.399999999999995,39.03,45.9,68.7,9.839999999999986,0.8045093517806814,0.6681222707423581
2823,8_SM_002824,M,180.0,74.6,41.13,95.2,88.3,98.3,33.879999999999995,43.010000000000005,48.9,76.9,8.320000000000004,0.7877237851662402,0.635890767230169
4321,8_SM_004322,M,161.0,65.3,40.93,94.4,92.7,95.1,26.509999999999998,33.519999999999996,45.1,61.0,6.670000000000004,0.7908711217183771,0.739344262295082
4064,8_SM_004065,M,180.8,77.2,40.75,101.0,92.3,97.3,32.14,42.82,50.5,73.8,9.159999999999991,0.7505838393274171,0.6842818428184282
327,8_SM_000328,F,156.5,73.0,32.94,109.9,99.5,100.0,28.309999999999995,32.910000000000004,47.8,61.2,5.659999999999991,0.8602248556669703,0.7810457516339868
2503,8_SM_002504,F,158.7,72.2,36.14,101.7,92.8,103.9,29.720000000000006,36.2,42.6,66.0,5.3799999999999955,0.8209944751381216,0.6454545454545455
3624,8_SM_003625,M,171.6,68.7,41.79,96.7,76.1,94.1,32.60000000000001,39.73,44.1,71.4,9.39000000000001,0.8205386357915936,0.6176470588235294
2199,8_SM_002200,F,155.0,50.0,34.04,81.2,73.5,89.2,30.740000000000002,34.15,40.2,64.6,6.770000000000005,0.900146412884334,0.6222910216718267
2688,8_SM_002689,M,178.2,66.3,40.53,89.0,74.3,92.8,36.07000000000001,41.16,48.6,76.4,10.120000000000005,0.8763362487852286,0.6361256544502617
2467,8_SM_002468,F,157.0,62.8,33.38,91.8,83.7,99.1,28.49,34.85,43.8,63.8,5.310000000000014,0.8175035868005738,0.6865203761755486
1016,8_SM_001017,F,177.0,69.0,38.97,89.4,73.8,99.7,34.56,41.72,51.9,74.6,6.65,0.828379674017258,0.6957104557640751
3712,8_SM_003713,M,181.5,102.8,43.04,111.5,105.5,112.1,30.75,46.01,46.4,76.9,6.309999999999991,0.6683329710932406,0.6033810143042913
2359,8_SM_002360,F,157.1,52.8,33.75,85.5,76.5,91.8,30.630000000000006,35.6,40.9,65.1,5.720000000000004,0.8603932584269665,0.6282642089093702
2849,8_SM_002850,M,170.5,71.8,38.35,93.8,80.7,101.0,31.74,38.83,44.8,71.7,9.1,0.8174092196755086,0.6248256624825662
3240,8_SM_003241,M,176.5,69.7,41.43,93.1,80.2,94.3,30.449999999999996,39.43,46.2,69.4,7.95,0.7722546284554906,0.6657060518731989
3523,8_SM_003524,M,177.5,75.3,39.089999999999996,92.2,82.9,96.9,31.85,41.9,48.9,73.8,6.229999999999995,0.7601431980906922,0.6626016260162602
6,8_SM_000007,F,168.1,49.3,36.75,81.0,67.5,88.6,30.979999999999997,38.290000000000006,44.6,70.4,7.579999999999996,0.8090885348654999,0.6335227272727273
942,8_SM_000943,F,155.8,44.2,34.97,80.5,71.5,83.4,29.569999999999993,33.86,43.2,62.7,7.220000000000004,0.8733018310691079,0.6889952153110048
443,8_SM_000444,F,170.6,61.3,34.35,87.9,73.3,98.7,35.489999999999995,38.82,45.9,72.8,8.329999999999995,0.9142194744976815,0.6304945054945055
1603,8_SM_001604,F,160.7,60.6,34.15,91.3,84.5,94.8,32.77,37.839999999999996,44.1,68.7,5.6299999999999955,0.8660147991543342,0.6419213973799126
1257,8_SM_001258,F,166.6,64.1,36.7,96.9,84.4,99.2,30.829999999999995,38.5,45.0,69.3,8.559999999999992,0.8007792207792206,0.6493506493506493
1709,8_SM_001710,F,163.5,53.5,38.03,86.0,71.0,92.0,32.67999999999999,38.339999999999996,43.5,69.4,8.029999999999996,0.8523735002608241,0.6268011527377522
4215,8_SM_004216,M,168.5,56.9,37.78,89.3,85.1,87.1,32.470000000000006,37.39,42.0,69.0,9.15,0.8684140144423644,0.6086956521739131
1495,8_SM_001496,F,165.2,72.5,37.05,97.4,86.4,105.1,30.71,37.68,44.4,69.7,8.15,0.8150212314225054,0.6370157819225251
4383,8_SM_004384,M,186.3,79.7,42.489999999999995,98.0,91.2,98.1,34.309999999999995,43.68,51.7,77.8,7.760000000000014,0.7854853479853479,0.6645244215938304
2037,8_SM_002038,F,156.9,63.5,36.25,92.5,87.0,96.7,28.589999999999996,33.71,46.6,61.5,6.520000000000005,0.8481162859685552,0.7577235772357723
1421,8_SM_001422,F,156.4,50.2,34.3,87.9,69.8,89.0,28.940999999999995,35.58,43.0,64.2,5.529999999999996,0.813406408094435,0.6697819314641744
2515,8_SM_002516,F,158.5,52.1,34.989999999999995,85.2,70.5,90.5,29.049999999999994,36.55,41.9,65.1,7.929999999999995,0.7948016415868672,0.6436251920122888
3573,8_SM_003574,M,182.5,80.4,40.43,98.4,77.2,102.3,31.860000000000003,42.42,50.2,73.8,8.7,0.7510608203677511,0.6802168021680217
2431,8_SM_002432,F,170.3,65.3,37.13,96.3,82.2,98.1,32.59,41.13,43.6,74.3,8.279999999999996,0.7923656698273767,0.5868102288021535
3752,8_SM_003753,M,169.8,69.4,39.61,95.6,81.0,92.5,30.359999999999996,39.269999999999996,44.9,69.6,7.3799999999999955,0.7731092436974789,0.6451149425287357
196,8_SM_000197,F,160.8,51.2,34.68,79.7,75.3,91.0,30.279999999999994,35.9,45.6,65.3,7.319999999999982,0.8434540389972144,0.6983154670750383
1844,8_SM_001845,F,155.1,60.0,35.83,94.3,88.7,97.7,30.450000000000006,34.37,41.2,63.7,6.470000000000004,0.8859470468431775,0.6467817896389325
3388,8_SM_003389,M,174.0,56.1,38.519999999999996,83.9,69.8,89.3,33.690000000000005,40.67,43.6,72.9,7.659999999999991,0.8283747233833293,0.598079561042524
2206,8_SM_002207,F,155.0,65.1,36.11,99.7,92.4,94.2,26.839999999999996,33.230000000000004,43.7,59.2,5.590000000000009,0.8077038820343061,0.7381756756756757
2454,8_SM_002455,F,162.0,76.5,38.42,98.7,88.2,108.7,29.99,33.96,47.1,63.4,5.180000000000018,0.883097762073027,0.7429022082018928
1638,8_SM_001639,F,157.9,62.0,33.21,90.0,82.4,99.9,31.020000000000003,34.339999999999996,47.1,64.3,8.5,0.90331974373908,0.7325038880248834
2700,8_SM_002701,M,167.8,89.9,39.989999999999995,110.7,95.9,105.1,30.490000000000002,39.2,47.9,68.2,8.95,0.7778061224489796,0.7023460410557184
1144,8_SM_001145,F,160.0,65.2,35.28,87.5,79.8,107.8,30.220000000000006,35.79,45.9,63.8,5.959999999999991,0.8443699357362393,0.719435736677116
3899,8_SM_003900,M,174.8,81.1,39.83,98.7,88.8,101.4,30.96,38.470000000000006,48.2,68.8,6.429999999999995,0.8047829477514946,0.7005813953488372
4351,8_SM_004352,M,165.0,60.6,37.08,89.7,81.6,89.7,28.93,38.0,43.6,66.0,5.759999999999991,0.7613157894736842,0.6606060606060606
224,8_SM_000225,F,161.9,49.1,32.989999999999995,79.6,70.0,91.4,32.09,36.839999999999996,43.9,67.8,6.039999999999987,0.8710640608034746,0.6474926253687315
1741,8_SM_001742,F,163.6,50.0,35.68,80.4,63.9,90.3,35.010000000000005,38.82,42.9,71.7,7.1299999999999955,0.9018547140649151,0.5983263598326359
4418,8_SM_004419,M,172.8,79.9,41.81,100.0,88.7,102.2,28.610000000000003,39.65,47.0,69.1,5.340000000000009,0.72156368221942,0.6801736613603474
579,8_SM_000580,F,157.8,50.9,30.49,81.1,73.1,89.7,29.729999999999997,33.65,47.4,62.0,6.1600000000000135,0.8835066864784547,0.7645161290322581
3665,8_SM_003666,M,175.5,84.7,40.83,102.5,90.2,103.9,28.840000000000003,42.05,51.2,70.4,8.04000000000001,0.6858501783590965,0.7272727272727273
1980,8_SM_001981,F,156.0,48.1,36.95,83.7,75.2,85.5,32.019999999999996,34.93,41.2,65.5,7.159999999999991,0.9166905239049526,0.6290076335877863
422,8_SM_000423,F,154.9,47.6,31.93,76.1,66.1,92.6,31.0,32.089999999999996,44.4,60.1,6.860000000000014,0.9660330320972267,0.7387687188019967
4226,8_SM_004227,M,172.6,100.5,42.45,118.0,115.3,109.2,29.829999999999995,37.230000000000004,45.9,67.1,7.309999999999991,0.8012355627182377,0.6840536512667661
1118,8_SM_001119,F,165.6,51.1,35.67,78.2,66.4,85.3,32.2,38.45,42.9,69.2,8.989999999999986,0.8374512353706112,0.6199421965317918
259,8_SM_000260,F,155.2,50.1,33.46,84.1,66.7,91.3,31.46,33.89,42.1,64.0,5.75,0.9282974328710534,0.6578125
298,8_SM_000299,F,163.3,55.7,31.630000000000003,85.6,77.8,93.9,34.35000000000001,36.0,42.3,68.9,6.190000000000009,0.9541666666666669,0.613933236574746
3397,8_SM_003398,M,168.6,60.3,38.95,87.7,76.4,92.3,31.85,38.89,43.3,69.4,8.25,0.8189766006685524,0.6239193083573487
1681,8_SM_001682,F,161.5,58.1,35.760000000000005,84.0,71.6,101.9,31.93,37.63,41.8,67.6,7.490000000000009,0.8485251129418017,0.6183431952662722
3739,8_SM_003740,M,167.2,63.0,36.71,94.4,77.4,92.5,27.48,37.65,43.2,66.8,9.320000000000004,0.7298804780876494,0.6467065868263474
4396,8_SM_004397,M,167.0,57.9,37.29,90.8,83.0,87.5,30.700000000000006,37.86,46.5,67.7,8.259999999999991,0.8108821975699949,0.6868537666174298
3452,8_SM_003453,M,170.1,75.1,40.839999999999996,103.8,83.6,96.6,31.970000000000006,39.0,43.0,70.0,7.289999999999987,0.8197435897435899,0.6142857142857143
4068,8_SM_004069,M,166.3,89.7,41.839999999999996,110.2,106.7,104.8,26.130000000000006,37.45,48.4,63.2,6.039999999999987,0.6977303070761016,0.7658227848101266
722,8_SM_000723,F,170.5,49.4,31.23,76.5,64.7,88.9,35.370000000000005,37.23,51.0,68.8,8.529999999999996,0.9500402900886384,0.7412790697674418
4373,8_SM_004374,M,160.1,62.0,37.2,97.5,88.6,90.0,27.53,37.489999999999995,43.7,65.2,3.7600000000000136,0.7343291544411844,0.6702453987730062
1877,8_SM_001878,F,158.3,60.7,35.86,88.9,80.2,97.9,30.49,35.06,41.3,64.1,7.9,0.8696520250998288,0.6443057722308893
1452,8_SM_001453,F,160.8,55.1,32.38,87.8,76.0,93.5,31.54,38.269999999999996,45.7,68.9,6.690000000000009,0.8241442383067678,0.6632801161103048
3359,8_SM_003360,M,165.0,73.0,38.29,97.3,88.6,99.1,26.99,38.86,43.9,68.2,6.7,0.6945445187853834,0.6436950146627566
453,8_SM_000454,F,163.3,51.6,34.7,83.2,69.5,89.0,33.14,36.59,43.1,68.3,5.75,0.9057119431538672,0.6310395314787702
3420,8_SM_003421,M,166.5,49.3,39.54,81.1,69.1,82.0,30.650000000000006,38.81,40.4,70.2,9.70999999999999,0.7897449111053854,0.5754985754985754
3526,8_SM_003527,M,178.2,63.3,37.660000000000004,89.8,81.6,90.7,31.139999999999997,41.95,51.5,73.5,9.45,0.7423122765196661,0.7006802721088435
968,8_SM_000969,F,163.4,55.3,36.14,84.7,70.4,90.8,31.49,36.480000000000004,47.6,66.4,7.559999999999991,0.8632127192982455,0.716867469879518
2691,8_SM_002692,M,166.6,62.4,39.239999999999995,93.9,76.0,89.8,31.080000000000002,38.15,42.2,67.9,7.75,0.8146788990825689,0.6215022091310751
661,8_SM_000662,F,160.1,44.7,33.019999999999996,75.5,66.7,82.2,31.720000000000006,37.989999999999995,41.2,68.7,5.05,0.8349565675177681,0.5997088791848617
2381,8_SM_002382,F,148.3,52.7,31.35,93.5,80.8,86.2,26.02,33.82,44.0,59.6,5.3800000000000185,0.7693672383205203,0.7382550335570469
2049,8_SM_002050,F,155.0,48.9,36.410000000000004,87.0,77.5,86.4,29.109999999999996,35.0,43.9,62.6,7.679999999999995,0.8317142857142856,0.7012779552715654
2242,8_SM_002243,F,159.3,72.3,35.2,104.0,95.5,98.1,29.470000000000006,34.07,46.2,63.9,6.260000000000014,0.864983856765483,0.7230046948356809
4254,8_SM_004255,M,183.0,76.2,38.989999999999995,96.3,93.5,97.0,36.92999999999999,41.730000000000004,49.4,78.2,9.580000000000018,0.884974838245866,0.6317135549872123
415,8_SM_000416,F,165.0,71.3,33.489999999999995,95.9,85.5,100.2,30.859999999999996,36.739999999999995,46.9,67.7,5.670000000000004,0.8399564507348939,0.6927621861152141
1587,8_SM_001588,F,161.9,52.6,36.480000000000004,83.2,72.9,89.8,32.86,35.92,44.8,66.8,7.709999999999991,0.9148106904231625,0.6706586826347305
1846,8_SM_001847,F,164.7,56.4,37.1,85.3,75.7,94.5,31.26,36.3,43.4,66.6,8.110000000000014,0.8611570247933885,0.6516516516516517
2161,8_SM_002162,F,152.2,53.8,34.480000000000004,87.2,81.5,91.7,26.330000000000002,36.220000000000006,39.5,61.9,5.739999999999986,0.7269464384318055,0.6381260096930533
4341,8_SM_004342,M,177.3,75.4,41.47,99.0,91.0,95.5,34.11,38.61,49.1,71.8,7.090000000000009,0.8834498834498834,0.6838440111420613
1554,8_SM_001555,F,162.1,52.7,34.63,84.8,73.0,88.1,31.349999999999994,36.02,43.7,68.3,7.579999999999996,0.87034980566352,0.6398243045387995
2898,8_SM_002899,M,180.1,89.8,37.660000000000004,104.5,95.9,102.7,34.919999999999995,40.14,47.5,74.9,7.6299999999999955,0.8699551569506725,0.6341789052069425
2908,8_SM_002909,M,167.6,51.3,38.38,80.2,68.4,83.4,31.360000000000003,39.92999999999999,41.3,72.9,9.129999999999995,0.7853744052091162,0.5665294924554183
434,8_SM_000435,F,154.4,63.4,32.3,101.1,85.9,94.8,32.260000000000005,33.92999999999999,44.5,62.4,5.579999999999996,0.9507810197465374,0.7131410256410257
2379,8_SM_002380,F,159.5,54.9,37.480000000000004,82.1,73.2,92.2,30.97,37.95,42.4,67.4,7.8399999999999865,0.8160737812911725,0.629080118694362
2457,8_SM_002458,F,157.8,54.7,33.72,84.7,72.3,94.9,30.429999999999996,35.86,43.6,65.5,6.860000000000014,0.8485778025655325,0.6656488549618321
2322,8_SM_002323,F,171.1,93.7,37.78,113.1,97.7,114.1,33.15,37.68,47.0,71.0,6.070000000000005,0.8797770700636942,0.6619718309859155
1191,8_SM_001192,F,159.0,55.0,35.160000000000004,85.5,76.3,92.2,31.459999999999997,36.33,43.3,67.1,6.639999999999986,0.8659510046793284,0.6453055141579732
2716,8_SM_002717,M,182.1,81.8,44.08,100.4,84.9,98.4,36.99999999999999,43.11,44.6,78.0,8.55,0.8582695430294593,0.5717948717948718
3145,8_SM_003146,M,175.7,64.2,38.57,92.4,80.2,90.2,34.06,42.98,46.0,75.5,10.10999999999999,0.7924616100511868,0.609271523178808
102,8_SM_000103,F,163.8,67.0,34.760000000000005,101.5,82.7,99.4,33.58,35.839999999999996,45.6,69.1,5.139999999999986,0.9369419642857143,0.6599131693198265
1426,8_SM_001427,F,153.9,54.1,34.38,84.4,69.5,93.8,26.74,34.32000000000001,44.6,61.3,7.479999999999995,0.7791375291375289,0.7275693311582382
1278,8_SM_001279,F,163.3,67.5,36.75,85.3,82.9,99.5,31.839999999999996,37.15,43.8,67.6,8.289999999999987,0.8570659488559892,0.6479289940828402
1685,8_SM_001686,F,169.1,56.8,37.08,84.4,70.0,93.4,33.11999999999999,38.85,45.8,70.0,7.0899999999999865,0.8525096525096523,0.6542857142857142
4324,8_SM_004325,M,174.0,85.3,42.56,109.0,96.7,100.4,32.2,38.85,49.9,70.2,5.990000000000009,0.8288288288288289,0.7108262108262108
3628,8_SM_003629,M,176.5,75.0,41.4,97.7,82.9,95.9,31.950000000000006,43.11,46.3,75.3,7.270000000000005,0.7411273486430064,0.6148738379814077
2241,8_SM_002242,F,152.0,53.3,34.260000000000005,94.2,83.3,92.0,29.360000000000003,35.660000000000004,40.8,64.4,5.0,0.823331463825014,0.6335403726708073
3000,8_SM_003001,M,182.0,66.5,41.769999999999996,89.5,76.3,92.3,35.839999999999996,46.38,46.3,81.7,9.379999999999995,0.7727468736524363,0.5667074663402693
1828,8_SM_001829,F,157.1,43.6,32.62,77.3,62.8,82.8,32.959999999999994,33.85,43.3,65.3,6.6200000000000045,0.9737075332348595,0.663093415007657
3533,8_SM_003534,M,181.1,80.7,41.92,98.5,87.8,102.3,31.889999999999997,42.14,51.9,72.1,7.3799999999999955,0.7567631703844327,0.7198335644937587
2142,8_SM_002143,F,163.3,73.3,38.07,110.6,102.8,95.0,28.160000000000004,39.47,43.5,68.5,6.679999999999995,0.713453255637193,0.635036496350365
3888,8_SM_003889,M,173.2,77.6,38.69,94.4,84.4,104.5,30.409999999999997,40.32,45.9,72.0,7.3900000000000095,0.7542162698412698,0.6375
3148,8_SM_003149,M,174.5,68.8,40.980000000000004,98.4,78.7,91.3,32.08,39.65,47.1,72.0,8.340000000000009,0.809079445145019,0.6541666666666667
3986,8_SM_003987,M,174.2,66.9,38.55,89.0,73.0,94.7,32.230000000000004,39.69,44.5,71.0,7.709999999999991,0.8120433358528598,0.6267605633802817
4104,8_SM_004105,M,175.5,80.8,39.68,101.1,91.6,98.7,32.98,41.36,48.6,73.5,8.85,0.7973887814313345,0.6612244897959184
1078,8_SM_001079,F,166.6,66.5,37.72,89.9,82.7,98.4,33.36,38.78,43.1,69.2,7.239999999999986,0.8602372356884992,0.6228323699421965
1823,8_SM_001824,F,151.9,64.7,34.519999999999996,101.0,85.4,93.3,27.060000000000002,33.76,43.3,61.2,6.290000000000009,0.8015402843601896,0.707516339869281
828,8_SM_000829,F,162.8,55.7,36.97,84.5,74.8,89.7,31.82,36.43,47.0,66.2,5.3,0.8734559429041998,0.7099697885196374
1434,8_SM_001435,F,165.5,67.2,35.65,94.8,82.0,99.4,29.929999999999996,36.88,48.0,67.5,7.039999999999987,0.8115509761388284,0.7111111111111111
2537,8_SM_002538,M,169.5,60.8,39.339999999999996,88.1,77.9,90.6,32.25,40.290000000000006,44.0,71.6,6.770000000000005,0.800446760982874,0.6145251396648045
826,8_SM_000827,F,161.2,56.0,34.61,84.0,71.9,92.9,31.389999999999997,36.709999999999994,42.0,66.4,7.260000000000014,0.8550803595750477,0.6325301204819277
3640,8_SM_003641,M,174.8,80.6,41.29,102.6,88.7,98.0,29.839999999999996,41.809999999999995,46.5,71.7,9.129999999999995,0.7137048552977756,0.6485355648535565
384,8_SM_000385,F,152.9,44.3,29.55,75.0,62.3,89.0,31.129999999999995,33.44,44.2,63.0,5.990000000000009,0.9309210526315789,0.7015873015873016
3538,8_SM_003539,M,188.7,130.0,42.08,121.2,111.7,121.6,30.089999999999996,44.559999999999995,50.1,74.4,5.95,0.6752692998204668,0.6733870967741935
3938,8_SM_003939,M,171.2,88.0,40.1,97.0,95.3,106.1,29.759999999999998,37.8,45.9,67.7,5.110000000000014,0.7873015873015873,0.6779911373707532
4107,8_SM_004108,M,165.0,75.6,38.55,99.0,97.5,99.1,27.110000000000003,36.08,47.0,62.7,8.25,0.7513858093126387,0.7496012759170654
2231,8_SM_002232,F,153.2,59.0,34.25,88.3,88.8,94.8,26.689999999999998,35.69,43.3,61.4,7.260000000000014,0.7478285233959092,0.7052117263843648
1794,8_SM_001795,F,160.4,53.3,33.18,78.5,69.2,93.2,31.189999999999998,35.260000000000005,45.4,65.2,5.469999999999982,0.8845717526942709,0.696319018404908
874,8_SM_000875,F,156.3,58.6,37.15,92.3,86.4,96.5,30.79,34.99,42.7,63.3,6.009999999999991,0.8799657044869962,0.6745655608214851
2034,8_SM_002035,F,153.4,52.4,35.67,86.0,78.9,92.5,27.22,34.23,43.6,61.0,5.479999999999995,0.7952088810984517,0.7147540983606557
2574,8_SM_002575,M,170.6,68.9,38.489999999999995,95.1,81.7,95.8,31.96,37.89,43.8,68.8,6.469999999999982,0.8434943256795988,0.6366279069767442
560,8_SM_000561,F,168.3,52.3,33.25,77.7,63.2,91.4,32.300000000000004,38.42,46.0,69.0,6.7,0.84070796460177,0.6666666666666666
1173,8_SM_001174,F,162.7,54.6,38.46,83.4,70.1,93.8,31.259999999999998,34.14,46.5,64.4,7.5,0.9156414762741651,0.7220496894409937
1228,8_SM_001229,F,162.1,48.5,35.65,81.7,67.5,87.6,31.78000000000001,36.279999999999994,47.4,66.2,7.8599999999999905,0.8759647188533631,0.7160120845921449
3929,8_SM_003930,M,174.4,81.1,42.81,107.6,87.4,97.1,32.13,39.29,46.1,71.6,8.879999999999995,0.8177653346907611,0.643854748603352
4051,8_SM_004052,M,168.3,89.1,42.010000000000005,112.3,101.0,102.8,29.229999999999997,39.77,43.0,68.3,8.779999999999996,0.7349761126477243,0.629575402635432
1833,8_SM_001834,F,153.3,60.2,34.6,101.7,95.4,92.1,29.18,34.42,41.7,63.4,5.840000000000009,0.8477629285299244,0.6577287066246057
1528,8_SM_001529,F,162.6,50.6,35.08,78.3,73.4,87.7,31.689999999999998,39.49,39.9,71.3,7.6300000000000185,0.8024816409217522,0.5596072931276297
4001,8_SM_004002,M,166.0,65.4,36.69,93.9,84.9,91.0,33.03,36.620000000000005,46.3,68.6,6.75,0.9019661387220097,0.6749271137026239
758,8_SM_000759,F,157.3,69.2,34.8,102.2,93.1,99.5,29.46999999999999,35.52,42.8,65.3,6.25,0.8296734234234231,0.6554364471669218
1442,8_SM_001443,F,158.6,47.7,34.25,74.3,64.9,90.8,29.940000000000005,36.64,42.6,65.7,9.029999999999996,0.8171397379912665,0.6484018264840182
876,8_SM_000877,F,156.8,49.3,35.38,82.8,72.4,84.9,31.04,34.07,44.5,63.5,7.520000000000005,0.9110654534781332,0.7007874015748031
762,8_SM_000763,F,160.1,47.5,32.010000000000005,76.0,67.6,88.7,29.439999999999998,35.309999999999995,44.8,65.6,6.190000000000009,0.8337581421693572,0.6829268292682927
3738,8_SM_003739,M,180.2,80.4,42.29,98.8,88.3,100.5,33.89,41.14,44.5,75.4,6.840000000000009,0.8237724842002917,0.5901856763925729
2302,8_SM_002303,F,151.0,56.2,33.910000000000004,99.1,85.4,87.8,25.820000000000004,35.61,39.0,60.9,4.8,0.7250772254984557,0.6403940886699507
1939,8_SM_001940,F,155.5,82.7,37.55,108.5,107.6,109.5,26.78,35.46,45.0,63.0,6.970000000000004,0.7552171460800903,0.7142857142857143
1998,8_SM_001999,F,159.5,61.5,36.69,94.2,86.3,92.5,31.160000000000004,37.08,44.1,65.7,6.020000000000005,0.8403451995685006,0.6712328767123288
739,8_SM_000740,F,158.3,48.9,30.9,79.0,73.8,90.1,32.760000000000005,35.709999999999994,42.1,66.9,6.240000000000009,0.9173900868104176,0.6292974588938715
2223,8_SM_002224,F,162.8,71.7,33.8,90.9,87.1,104.3,28.970000000000006,35.730000000000004,45.1,64.9,7.8,0.8108032465715086,0.6949152542372881
2637,8_SM_002638,M,169.4,59.0,37.010000000000005,86.3,68.1,90.1,33.74999999999999,38.45,47.1,70.7,7.3,0.8777633289986994,0.6661951909476662
1901,8_SM_001902,F,159.3,75.3,38.45,98.4,91.5,100.8,28.179999999999996,34.93,44.0,62.8,6.970000000000004,0.8067563698826223,0.7006369426751593
1626,8_SM_001627,F,156.3,43.0,36.62,75.3,65.8,83.9,32.36,37.589999999999996,44.0,63.6,6.189999999999986,0.8608672519287045,0.6918238993710691
2842,8_SM_002843,M,170.7,56.8,39.1,88.0,71.0,88.5,32.07000000000001,39.89,41.7,70.7,9.120000000000005,0.8039608924542494,0.5898161244695899
1124,8_SM_001125,F,158.5,81.1,37.510000000000005,108.8,93.8,106.9,29.85,35.67,45.6,64.0,5.540000000000009,0.8368376787216149,0.7125
3924,8_SM_003925,M,165.6,70.2,39.21,95.7,95.4,99.4,25.640000000000004,37.019999999999996,47.1,63.3,6.810000000000014,0.6925985953538629,0.7440758293838863
349,8_SM_000350,F,158.9,51.2,30.25,80.3,76.7,90.3,31.949999999999996,35.83,43.5,66.4,5.210000000000013,0.8917108568238905,0.6551204819277108
3784,8_SM_003785,M,181.6,65.2,39.47,94.0,76.6,92.3,35.74,43.52,43.4,78.6,9.29000000000001,0.8212316176470588,0.5521628498727735
3261,8_SM_003262,M,175.7,74.8,41.83,96.7,86.6,96.5,27.009999999999998,42.07000000000001,46.1,69.4,9.2,0.642025196101735,0.6642651296829971
4249,8_SM_004250,M,167.8,84.2,39.13,106.5,105.5,103.6,28.440000000000005,38.14,44.7,66.5,6.6,0.7456738332459362,0.6721804511278195
584,8_SM_000585,F,162.6,52.9,32.769999999999996,78.8,64.9,92.8,31.680000000000007,35.279999999999994,45.6,65.2,7.510000000000014,0.8979591836734697,0.6993865030674846
4095,8_SM_004096,M,175.7,69.0,38.05,94.6,86.1,94.9,33.29,39.97,45.7,71.9,9.020000000000005,0.832874655991994,0.6356050069541029
2924,8_SM_002925,M,174.5,66.0,38.31,93.2,76.4,91.9,32.67,40.65,48.9,73.4,7.6099999999999905,0.8036900369003691,0.6662125340599454
3922,8_SM_003923,M,163.4,52.1,37.07,86.3,77.7,86.2,29.880000000000003,37.15,40.3,67.3,6.520000000000005,0.804306864064603,0.5988112927191679
4362,8_SM_004363,M,168.5,65.4,36.510000000000005,94.3,83.4,93.0,28.75,38.760000000000005,47.4,67.8,6.6,0.7417440660474716,0.6991150442477876
1887,8_SM_001888,F,156.0,62.9,37.31,99.1,92.7,93.7,29.9,35.660000000000004,40.5,64.0,7.7,0.8384744812114413,0.6328125
180,8_SM_000181,F,169.4,51.4,36.68,78.0,68.5,91.6,34.52,37.65,48.9,70.4,6.420000000000004,0.9168658698539178,0.6946022727272726
3984,8_SM_003985,M,172.3,72.0,38.93,92.2,81.0,94.1,32.540000000000006,39.760000000000005,42.9,72.5,6.179999999999995,0.81841046277666,0.5917241379310345
1463,8_SM_001464,F,153.2,53.2,34.010000000000005,84.8,73.1,93.5,29.059999999999995,33.21,43.4,60.7,7.3,0.8750376392652813,0.71499176276771
2081,8_SM_002082,F,160.8,55.2,33.45,83.1,70.1,92.8,32.230000000000004,37.08,44.5,68.9,6.65,0.8692017259978426,0.6458635703918723
3883,8_SM_003884,M,171.1,78.4,37.730000000000004,105.5,95.7,98.8,28.329999999999995,40.720000000000006,47.0,69.2,6.0,0.6957269155206285,0.6791907514450867
611,8_SM_000612,F,155.4,52.8,31.04,91.5,73.7,89.2,30.119999999999997,33.379999999999995,46.0,62.2,5.1600000000000135,0.902336728579988,0.7395498392282958
4180,8_SM_004181,M,164.2,62.5,38.44,91.5,78.9,89.8,30.809999999999995,36.5,45.7,66.6,6.970000000000004,0.8441095890410958,0.6861861861861863
25,8_SM_000026,F,175.8,61.9,36.57,82.0,68.7,99.0,31.929999999999996,39.910000000000004,47.6,71.7,6.809999999999991,0.8000501127536956,0.6638772663877266
665,8_SM_000666,F,161.0,48.5,32.0,77.3,65.0,88.7,29.279999999999994,36.21,45.8,64.6,5.770000000000005,0.8086164043082019,0.7089783281733746
3119,8_SM_003120,M,176.5,68.5,40.92,92.6,76.9,93.3,31.560000000000002,39.93,47.2,72.3,10.120000000000005,0.7903831705484599,0.65283540802213
4529,8_SM_004530,M,165.5,64.1,37.95,90.8,84.5,95.4,27.05,36.010000000000005,46.2,62.9,6.809999999999991,0.7511802277145236,0.7344992050874405
175,8_SM_000176,F,153.4,44.3,33.97,78.0,64.9,88.5,30.75,33.82,41.7,64.2,3.8899999999999864,0.9092253104671791,0.6495327102803738
4357,8_SM_004358,M,174.3,65.0,38.15,92.1,85.5,90.6,31.3,40.3,49.1,72.2,9.819999999999983,0.7766749379652607,0.6800554016620498
334,8_SM_000335,F,170.6,71.7,34.96,92.3,91.2,103.9,34.3,38.83,43.9,72.5,6.95,0.8833376255472573,0.6055172413793103
345,8_SM_000346,F,155.7,51.4,34.79,84.9,78.0,89.2,31.4,33.68,40.4,63.1,5.3,0.9323040380047506,0.6402535657686212
2604,8_SM_002605,M,180.2,72.8,42.5,97.4,79.6,96.1,35.89,39.23,48.7,74.7,9.779999999999996,0.9148610757073669,0.6519410977242303
3644,8_SM_003645,M,170.8,91.4,37.95,105.7,99.4,109.3,29.48,38.83,45.2,67.1,6.590000000000009,0.7592067988668556,0.6736214605067065
1102,8_SM_001103,F,160.6,59.0,35.230000000000004,86.7,69.3,99.4,31.589999999999996,36.17999999999999,44.5,66.4,6.2,0.873134328358209,0.6701807228915662
484,8_SM_000485,F,165.6,52.0,33.89,78.2,66.1,95.0,35.739999999999995,36.48,45.3,70.6,7.409999999999991,0.9797149122807017,0.641643059490085
737,8_SM_000738,F,157.9,45.5,32.87,76.0,65.6,84.4,30.670000000000005,35.03,42.8,64.3,6.529999999999996,0.8755352554952899,0.6656298600311041
3073,8_SM_003074,M,182.6,87.7,39.44,100.8,97.0,104.8,32.14999999999999,43.61,50.2,75.8,8.579999999999995,0.7372162348085299,0.662269129287599
986,8_SM_000987,F,168.5,69.2,35.06,86.5,81.8,102.1,32.6,38.440000000000005,48.6,69.8,5.470000000000004,0.8480749219562954,0.6962750716332379
1979,8_SM_001980,F,157.6,56.7,33.79,88.3,83.8,92.3,31.53000000000001,35.51,40.8,66.3,6.970000000000004,0.8879188960856099,0.6153846153846154
2419,8_SM_002420,F,157.5,49.9,33.160000000000004,86.4,76.2,87.7,29.140000000000004,34.96,44.8,63.1,6.5,0.8335240274599544,0.7099841521394611
3912,8_SM_003913,M,175.8,56.6,40.8,83.6,71.3,89.0,34.33,41.0,46.8,74.0,10.270000000000005,0.8373170731707317,0.6324324324324324
4422,8_SM_004423,M,169.5,76.2,39.989999999999995,99.7,96.3,100.3,30.82,37.94,46.1,68.9,6.720000000000004,0.812335266209805,0.6690856313497823
1314,8_SM_001315,F,162.2,69.3,35.58,96.3,85.9,102.2,31.419999999999998,36.17999999999999,42.5,66.6,7.779999999999996,0.8684355997788835,0.6381381381381382
2429,8_SM_002430,F,155.2,51.3,34.47,88.5,76.5,89.9,27.509999999999998,37.6,40.6,63.7,6.330000000000018,0.7316489361702126,0.6373626373626373
4185,8_SM_004186,M,172.0,77.5,40.79,98.0,91.6,99.0,31.769999999999992,37.96,49.4,69.4,7.3900000000000095,0.8369336143308744,0.7118155619596541
2183,8_SM_002184,F,151.7,65.0,33.8,101.7,99.8,99.6,27.380000000000006,34.92999999999999,39.5,61.7,4.6400000000000095,0.7838534211279705,0.6401944894651539
2816,8_SM_002817,M,174.2,76.1,36.11,90.9,86.0,101.5,33.12,38.93,47.0,71.5,6.830000000000018,0.850757770357051,0.6573426573426573
1595,8_SM_001596,F,167.3,61.5,37.32,88.5,79.6,94.3,31.309999999999995,38.839999999999996,46.4,68.0,6.069999999999982,0.8061277033985581,0.6823529411764706
2479,8_SM_002480,F,149.2,56.8,35.29,97.9,85.8,92.7,26.049999999999994,34.160000000000004,39.9,59.6,5.310000000000014,0.7625878220140513,0.6694630872483222
1593,8_SM_001594,F,161.1,56.2,35.67,88.7,73.5,91.0,30.920000000000005,36.62,44.7,66.9,5.360000000000014,0.844347351174222,0.6681614349775784
1827,8_SM_001828,F,164.4,50.0,38.410000000000004,80.1,70.4,88.0,34.3,36.18,44.8,68.6,8.690000000000008,0.9480375898286345,0.653061224489796
1613,8_SM_001614,F,163.3,47.8,34.72,79.3,66.0,87.9,30.279999999999994,38.65,45.9,67.7,6.479999999999995,0.7834411384217334,0.6779911373707532
3791,8_SM_003792,M,170.9,67.9,39.32,93.4,82.3,96.3,27.339999999999996,41.97,45.4,69.2,7.65,0.6514176792947343,0.6560693641618497
3535,8_SM_003536,M,176.4,71.4,40.89,93.9,79.7,97.7,31.48,42.61,44.3,75.1,10.190000000000008,0.7387937103966206,0.5898801597869507
1548,8_SM_001549,F,154.6,53.6,35.36,85.2,69.3,91.7,27.309999999999995,34.730000000000004,43.7,62.7,5.8399999999999865,0.7863518571839906,0.696969696969697
2597,8_SM_002598,M,176.3,78.6,39.07,96.1,85.4,101.1,28.379999999999995,40.21,49.1,72.6,5.559999999999991,0.7057945784630688,0.6763085399449037
1293,8_SM_001294,F,167.4,71.0,36.92,96.0,81.9,100.0,34.83,38.8,45.4,71.0,7.8700000000000045,0.897680412371134,0.6394366197183098
4222,8_SM_004223,M,173.5,82.5,41.37,106.5,95.6,99.0,29.8,39.42,43.8,68.9,8.810000000000013,0.7559614408929477,0.6357039187227865
3195,8_SM_003196,M,175.4,103.6,44.25,114.5,103.9,111.3,27.72,41.23,46.8,71.7,7.65,0.6723259762308998,0.6527196652719665
2307,8_SM_002308,F,156.8,54.9,35.6,86.7,80.5,95.3,28.040000000000003,35.14,42.9,62.1,6.539999999999987,0.7979510529311327,0.6908212560386473
67,8_SM_000068,F,168.1,61.9,35.79,88.5,78.3,96.0,34.31999999999999,37.260000000000005,43.8,69.2,6.309999999999991,0.9210950080515294,0.6329479768786126
1500,8_SM_001501,F,155.2,58.3,33.25,88.7,75.4,100.4,26.7,34.65,44.8,61.9,7.010000000000014,0.7705627705627706,0.7237479806138933
223,8_SM_000224,F,165.0,56.5,34.519999999999996,86.1,73.6,93.3,32.5,38.660000000000004,42.9,69.5,6.0899999999999865,0.8406621831350232,0.6172661870503597
3516,8_SM_003517,M,178.3,76.9,43.160000000000004,96.4,83.7,96.1,29.02,40.92,48.0,71.8,1.7300000000000182,0.709188660801564,0.6685236768802229
1617,8_SM_001618,F,166.0,67.9,34.78,96.5,83.1,102.1,31.429999999999996,38.44,47.0,68.8,5.1200000000000045,0.8176378772112383,0.6831395348837209
3469,8_SM_003470,M,168.1,60.0,39.19,90.4,76.7,91.4,31.730000000000008,37.879999999999995,41.5,68.7,7.8700000000000045,0.8376451953537489,0.604075691411936
1847,8_SM_001848,F,158.2,49.5,35.37,77.2,73.8,91.8,28.839999999999996,34.410000000000004,43.0,62.7,7.579999999999996,0.8381284510316767,0.6858054226475279
88,8_SM_000089,F,162.4,49.6,33.57,84.4,70.5,93.0,31.669999999999998,38.29,42.2,69.1,4.970000000000004,0.827108905719509,0.6107091172214183
2146,8_SM_002147,F,160.0,61.4,37.31,87.5,74.0,103.0,27.97,36.64,43.6,64.6,5.45,0.7633733624454148,0.6749226006191952
2310,8_SM_002311,F,157.8,49.8,33.230000000000004,76.6,64.0,87.6,30.04,36.21,44.1,65.4,6.95,0.8296050814692073,0.6743119266055045
3551,8_SM_003552,M,166.1,87.8,39.87,101.0,98.8,105.5,25.309999999999995,36.64,47.9,63.3,5.270000000000005,0.6907751091703055,0.7567140600315956
1525,8_SM_001526,F,153.3,45.6,34.53,76.6,70.0,88.0,29.160000000000004,36.160000000000004,39.3,64.7,6.729999999999995,0.8064159292035399,0.6074188562596599
2244,8_SM_002245,F,160.5,78.8,36.839999999999996,101.3,94.5,107.4,28.040000000000003,36.5,46.9,64.5,5.4,0.7682191780821919,0.7271317829457364
3974,8_SM_003975,M,180.8,79.0,41.28,96.6,82.1,99.8,30.570000000000004,45.65,48.2,77.1,7.3799999999999955,0.6696604600219059,0.6251621271076525
1717,8_SM_001718,F,157.1,52.7,34.43,86.8,75.3,88.4,28.680000000000007,35.82,44.7,64.4,5.8800000000000185,0.8006700167504189,0.6940993788819876
4139,8_SM_004140,M,168.5,64.4,39.35,98.3,79.1,88.6,32.5,36.019999999999996,46.5,68.0,8.9,0.9022765130483066,0.6838235294117647
3037,8_SM_003038,M,171.6,60.8,38.93,85.3,70.8,90.7,32.39,39.709999999999994,44.7,71.8,5.329999999999996,0.8156635608159155,0.6225626740947076
1157,8_SM_001158,F,167.4,47.4,36.589999999999996,76.0,61.1,87.9,31.980000000000008,39.36,46.1,69.4,8.410000000000014,0.8125000000000002,0.6642651296829971
400,8_SM_000401,F,161.2,73.4,31.919999999999998,106.9,97.4,96.6,32.92,35.86,43.3,68.7,5.440000000000009,0.9180145008365868,0.6302765647743813
4433,8_SM_004434,M,174.4,96.6,40.82,115.7,111.0,106.7,31.45,40.61,48.5,72.4,4.809999999999991,0.7744397931543955,0.6698895027624309
1498,8_SM_001499,F,158.9,46.4,34.64,77.5,70.7,87.0,33.28000000000001,37.6,39.2,69.0,7.289999999999987,0.8851063829787236,0.5681159420289855
2738,8_SM_002739,M,186.9,81.6,37.019999999999996,99.9,82.1,99.0,35.4,44.970000000000006,49.7,79.3,7.980000000000018,0.7871914609739825,0.626733921815889
2257,8_SM_002258,F,159.7,59.4,34.82,91.3,82.4,92.5,33.09,35.36,44.6,67.8,5.720000000000004,0.9358031674208146,0.6578171091445428
1413,8_SM_001414,F,158.2,45.1,35.11,77.8,65.4,85.0,31.18,36.1,44.2,65.5,7.420000000000004,0.8637119113573407,0.6748091603053435
4116,8_SM_004117,M,170.8,79.9,42.38,105.3,98.6,98.0,29.810000000000002,37.29,45.3,65.8,6.520000000000005,0.7994100294985251,0.6884498480243161
1110,8_SM_001111,F,158.3,48.6,35.63,78.5,66.1,90.5,28.65,35.440000000000005,47.3,62.5,8.009999999999991,0.8084085778781037,0.7567999999999999
3287,8_SM_003288,M,186.8,89.6,38.9,99.5,90.2,106.5,30.6,43.870000000000005,48.4,75.9,8.8,0.6975153863688169,0.6376811594202898
1365,8_SM_001366,F,152.9,56.2,35.46,94.5,82.1,96.2,31.0,35.92,39.0,65.6,6.429999999999995,0.8630289532293987,0.5945121951219513
4184,8_SM_004185,M,180.4,73.0,39.25,97.6,89.3,97.0,34.1,42.64,48.2,75.5,8.10999999999999,0.7997185741088181,0.6384105960264901
989,8_SM_000990,F,169.9,53.6,37.81,76.7,63.2,89.3,35.959999999999994,39.62,46.0,73.8,6.810000000000014,0.9076224129227661,0.6233062330623307
286,8_SM_000287,F,165.0,64.4,34.739999999999995,94.4,84.8,103.4,33.2,39.94,41.3,72.6,4.940000000000009,0.8312468703054583,0.568870523415978
1313,8_SM_001314,F,162.4,55.6,33.019999999999996,84.4,74.5,93.0,32.7,36.24,43.0,67.4,6.75,0.902317880794702,0.6379821958456973
908,8_SM_000909,F,164.5,55.5,37.06,81.0,65.1,94.4,30.4,35.95,47.6,68.1,7.110000000000014,0.8456189151599443,0.6989720998531572
3255,8_SM_003256,M,172.5,69.0,38.660000000000004,93.4,79.2,93.5,32.61,39.56,45.3,71.4,7.420000000000004,0.8243174924165824,0.6344537815126049
3846,8_SM_003847,M,168.7,61.6,39.65,93.4,74.3,92.8,32.64,40.55,43.4,72.0,7.9,0.8049321824907523,0.6027777777777777
1981,8_SM_001982,F,159.6,53.5,35.510000000000005,85.3,74.4,91.8,32.14999999999999,35.870000000000005,40.9,66.5,7.020000000000005,0.8962921661555614,0.6150375939849624
620,8_SM_000621,F,158.9,45.5,35.81,75.2,61.9,85.4,33.8,36.42,43.1,67.0,6.8700000000000045,0.9280615046677648,0.6432835820895523
3071,8_SM_003072,M,174.7,83.0,42.06,100.2,86.9,101.4,31.390000000000004,39.529999999999994,47.1,71.7,9.010000000000014,0.79408044523147,0.6569037656903766
1732,8_SM_001733,F,153.6,50.6,35.32,84.2,69.0,90.8,28.579999999999995,33.54,42.6,61.0,5.340000000000009,0.8521168753726892,0.6983606557377049
3353,8_SM_003354,M,175.9,78.5,38.42,100.7,88.0,100.5,33.18000000000001,43.67999999999999,47.9,74.5,7.6199999999999815,0.7596153846153849,0.6429530201342282
427,8_SM_000428,F,161.2,52.6,34.56,78.6,65.4,89.4,30.939999999999998,37.14,44.3,67.2,6.6300000000000185,0.8330640818524501,0.6592261904761904
3743,8_SM_003744,M,171.1,66.7,40.96,91.8,76.7,94.0,31.97,40.88,45.3,69.7,8.379999999999995,0.7820450097847358,0.6499282639885222
1720,8_SM_001721,F,160.1,61.8,36.65,93.1,76.5,95.0,28.71,34.9,44.8,63.5,6.059999999999991,0.8226361031518625,0.705511811023622
3458,8_SM_003459,M,177.7,72.0,37.7,98.9,86.0,92.8,32.730000000000004,41.08,46.3,73.6,8.810000000000013,0.7967380720545278,0.6290760869565217
849,8_SM_000850,F,150.8,67.2,35.75,98.4,89.3,99.3,25.740000000000002,31.590000000000003,45.1,57.1,5.740000000000009,0.8148148148148148,0.7898423817863398
505,8_SM_000506,F,149.2,68.2,32.6,99.0,86.1,100.7,26.71,31.090000000000003,42.3,57.1,5.610000000000014,0.8591186876809263,0.7408056042031523
1755,8_SM_001756,F,164.7,70.5,36.089999999999996,95.3,91.1,98.8,29.9,39.58,44.1,68.3,7.429999999999995,0.7554320363820111,0.6456808199121523
1699,8_SM_001700,F,158.5,46.7,34.18,77.0,65.1,88.9,31.079999999999995,35.64,45.9,65.6,6.95,0.8720538720538719,0.6996951219512195
555,8_SM_000556,F,165.0,51.0,33.79,79.5,66.0,89.3,33.01,36.019999999999996,45.7,67.8,5.559999999999991,0.9164353137146031,0.6740412979351034
563,8_SM_000564,F,163.4,51.1,33.95,78.5,68.0,92.4,33.559999999999995,35.370000000000005,40.3,68.0,6.479999999999995,0.9488266892847043,0.5926470588235294
2639,8_SM_002640,M,171.8,61.6,40.64,88.5,73.8,90.6,30.96999999999999,41.9,44.2,71.1,9.870000000000005,0.7391408114558471,0.6216596343178623
2496,8_SM_002497,F,152.6,44.0,34.61,75.0,63.3,84.6,29.580000000000002,32.529999999999994,39.3,62.0,5.479999999999995,0.9093144789425148,0.6338709677419354
3619,8_SM_003620,M,175.5,80.8,42.67,102.0,90.2,99.5,30.119999999999997,43.81,46.6,74.6,6.720000000000004,0.6875142661492809,0.6246648793565684
220,8_SM_000221,F,171.4,61.9,37.39,83.0,76.7,99.5,30.759999999999998,39.2,46.3,69.0,6.179999999999995,0.7846938775510203,0.6710144927536231
2468,8_SM_002469,F,160.7,56.0,34.96,80.4,74.3,93.8,31.310000000000002,35.98,44.6,66.1,6.730000000000018,0.8702056698165649,0.6747352496217852
1522,8_SM_001523,F,164.9,61.2,34.55,92.2,75.1,93.9,31.15,37.14,46.2,69.0,6.470000000000004,0.8387183629509962,0.6695652173913044
1152,8_SM_001153,F,160.7,45.1,34.13,76.8,63.8,85.2,32.21,37.53,40.9,68.6,7.110000000000014,0.8582467359445777,0.5962099125364432
211,8_SM_000212,F,159.4,53.7,30.79,85.5,71.6,92.1,31.109999999999996,36.78,44.2,65.6,5.560000000000014,0.8458401305057095,0.6737804878048782
3607,8_SM_003608,M,177.9,90.3,39.43,100.6,101.1,105.8,28.5,41.2,53.5,69.2,7.959999999999991,0.6917475728155339,0.773121387283237
2575,8_SM_002576,M,178.8,73.8,36.68,92.8,78.4,99.6,31.550000000000004,40.87,51.1,71.1,6.329999999999996,0.7719598727673112,0.7187060478199719
2100,8_SM_002101,F,161.2,60.4,35.87,93.3,82.3,95.9,28.9,36.63,45.5,64.6,7.279999999999996,0.7889707889707889,0.7043343653250774
556,8_SM_000557,F,169.6,54.3,33.760000000000005,79.2,68.0,91.5,34.11,39.71,43.3,72.9,6.0,0.8589775875094434,0.5939643347050754
1439,8_SM_001440,F,167.1,69.4,37.06,96.9,84.0,98.5,29.169999999999998,39.85,45.9,69.5,8.289999999999987,0.7319949811794227,0.660431654676259
3168,8_SM_003169,M,166.4,70.1,40.410000000000004,97.5,82.3,96.3,30.74,39.64,41.6,68.7,8.589999999999986,0.7754793138244197,0.6055312954876274
3622,8_SM_003623,M,173.4,77.2,38.019999999999996,97.5,84.2,96.3,30.520000000000003,43.67,45.8,75.4,6.1600000000000135,0.6988779482482254,0.6074270557029177
958,8_SM_000959,F,164.1,77.4,37.67,102.4,94.3,105.4,33.66,37.769999999999996,44.0,69.8,5.6400000000000095,0.8911834789515488,0.6303724928366763
3390,8_SM_003391,M,173.2,79.3,41.33,102.1,88.3,100.3,32.14,38.87,44.3,71.0,7.559999999999991,0.8268587599691279,0.6239436619718309
1924,8_SM_001925,F,156.0,54.4,36.25,86.7,76.2,93.3,31.51,36.46,42.4,65.5,6.95,0.8642347778387274,0.6473282442748092
537,8_SM_000538,F,162.3,56.3,34.269999999999996,84.1,73.0,97.9,32.94,35.08,43.8,66.7,7.570000000000005,0.9389965792474344,0.656671664167916
3983,8_SM_003984,M,179.9,76.6,40.269999999999996,93.9,84.2,96.5,32.470000000000006,40.75,47.3,75.4,6.279999999999996,0.7968098159509204,0.6273209549071617
2645,8_SM_002646,M,175.8,82.1,38.83,106.0,92.3,102.5,31.78000000000001,39.529999999999994,47.6,71.0,8.45,0.8039463698456871,0.6704225352112676
3153,8_SM_003154,M,173.6,67.4,40.29,89.4,76.3,95.1,30.160000000000004,40.9,42.3,71.7,9.10999999999999,0.7374083129584353,0.5899581589958158
1861,8_SM_001862,F,162.3,55.5,36.3,84.1,77.1,95.9,31.609999999999996,36.92999999999999,44.6,67.8,7.110000000000014,0.8559436772271867,0.6578171091445428
3230,8_SM_003231,M,168.5,59.3,37.63,88.3,74.4,90.3,32.910000000000004,36.95,43.4,69.6,6.95,0.8906630581867389,0.6235632183908046
646,8_SM_000647,F,167.7,59.9,34.11,83.3,79.5,95.9,33.01,38.57,46.5,71.4,8.210000000000013,0.8558465128338086,0.6512605042016806
4394,8_SM_004395,M,164.8,65.6,37.989999999999995,92.5,85.0,94.2,28.46,37.14,45.3,65.8,7.85,0.7662897145934303,0.6884498480243161
3937,8_SM_003938,M,171.1,81.7,40.260000000000005,100.0,88.0,101.0,28.639999999999997,39.790000000000006,42.7,70.5,6.490000000000009,0.7197788389042471,0.6056737588652482
0,8_SM_000001,F,165.7,55.5,36.660000000000004,84.8,76.4,90.6,29.7,38.56,44.3,67.8,7.720000000000004,0.7702282157676348,0.6533923303834808
1797,8_SM_001798,F,158.5,49.2,33.589999999999996,78.4,67.7,89.8,33.120000000000005,36.019999999999996,42.3,67.2,8.369999999999981,0.9194891726818436,0.6294642857142857
4460,8_SM_004461,M,182.5,81.0,40.230000000000004,100.4,87.7,95.7,33.46,41.99,51.5,74.8,8.030000000000019,0.7968563943796142,0.6885026737967914
2862,8_SM_002863,M,176.3,81.5,41.17,102.1,86.6,103.4,28.740000000000002,41.99,49.0,72.9,7.670000000000004,0.6844486782567278,0.672153635116598
1802,8_SM_001803,F,157.8,59.6,32.55,90.0,80.9,98.0,28.52,35.72,42.1,64.3,5.920000000000004,0.7984322508398657,0.6547433903576984
1506,8_SM_001507,F,173.6,93.3,40.62,108.0,92.9,113.6,33.16,37.589,46.5,70.8,6.789999999999987,0.8821729761366357,0.6567796610169492
249,8_SM_000250,F,161.1,49.9,34.44,81.5,72.1,88.0,32.44,35.0,41.8,66.7,5.470000000000004,0.9268571428571428,0.6266866566716641
2684,8_SM_002685,M,170.2,76.1,40.63,94.5,93.6,103.7,32.6,37.83,44.8,69.5,7.489999999999986,0.8617499339148824,0.6446043165467625
2312,8_SM_002313,F,160.0,74.1,36.089999999999996,100.0,91.4,104.1,29.26,35.470000000000006,48.4,63.8,6.970000000000004,0.824922469692698,0.7586206896551724
1649,8_SM_001650,F,158.1,42.1,32.8,77.8,59.5,83.8,28.869999999999997,34.78,47.9,63.0,7.670000000000004,0.8300747556066704,0.7603174603174603
2962,8_SM_002963,M,174.5,74.1,39.589999999999996,97.0,83.2,97.4,33.36,39.010000000000005,47.5,71.5,6.3599999999999905,0.8551653422199434,0.6643356643356644
3601,8_SM_003602,M,177.3,85.4,39.6,100.8,94.3,102.0,30.410000000000004,42.160000000000004,46.2,73.9,8.75,0.7212998102466793,0.625169147496617
3560,8_SM_003561,M,176.5,91.6,42.95,102.8,92.7,110.4,30.18,41.2,45.7,73.7,5.309999999999991,0.7325242718446602,0.6200814111261873
1674,8_SM_001675,F,158.9,49.6,33.5,78.8,67.4,91.3,31.689999999999998,35.19,41.8,66.1,6.529999999999996,0.9005399261153737,0.632375189107413
1759,8_SM_001760,F,163.3,59.1,36.019999999999996,87.7,76.0,94.4,30.630000000000003,37.69,41.5,69.2,7.279999999999996,0.8126824091270896,0.5997109826589595
2509,8_SM_002510,F,164.5,53.8,37.94,76.5,68.5,92.7,32.050000000000004,38.459999999999994,45.0,68.4,7.479999999999995,0.8333333333333336,0.6578947368421052
2489,8_SM_002490,F,159.8,53.0,34.9,88.5,75.6,86.5,30.139999999999997,36.98,42.2,66.7,7.15,0.8150351541373715,0.6326836581709145
1792,8_SM_001793,F,163.1,55.4,35.35,81.5,69.6,93.8,32.45,38.94,41.9,70.5,7.189999999999986,0.8333333333333335,0.5943262411347517
1864,8_SM_001865,F,158.0,65.9,36.12,95.3,87.6,99.6,30.57,34.44,45.1,64.6,7.2,0.887630662020906,0.6981424148606812
4535,8_SM_004536,M,182.1,71.3,41.06,93.5,86.4,95.1,33.39,42.6,49.2,75.6,7.5,0.7838028169014084,0.6507936507936509
2865,8_SM_002866,M,173.7,69.8,38.35,97.2,77.5,94.4,31.309999999999995,41.589999999999996,49.0,71.9,6.970000000000004,0.7528251983649915,0.6815020862308762
281,8_SM_000282,F,150.6,63.6,31.1,96.5,84.8,98.5,30.26,33.23,43.5,62.3,4.05,0.9106229310863678,0.6982343499197432
962,8_SM_000963,F,163.5,81.4,38.94,105.1,89.6,111.8,30.72,36.6,43.7,65.4,7.219999999999982,0.8393442622950819,0.6681957186544343
3094,8_SM_003095,M,168.1,62.7,37.83,89.6,72.4,91.8,32.99999999999999,35.44,48.1,67.6,6.55,0.9311512415349886,0.7115384615384616
4092,8_SM_004093,M,170.0,70.1,40.82,95.8,84.5,96.9,32.49999999999999,37.4,49.8,68.8,9.579999999999995,0.8689839572192511,0.7238372093023255
3627,8_SM_003628,M,174.5,86.5,41.58,104.7,91.9,103.6,28.46,41.62,45.4,71.6,5.740000000000009,0.6838058625660741,0.6340782122905029
1517,8_SM_001518,F,154.6,49.7,34.730000000000004,82.4,71.5,90.2,29.609999999999996,35.55,39.7,64.6,7.270000000000005,0.8329113924050633,0.6145510835913314
3903,8_SM_003904,M,174.6,58.9,37.46,85.5,72.2,87.5,33.35,39.17999999999999,44.6,71.4,10.809999999999992,0.851199591628382,0.6246498599439776
3467,8_SM_003468,M,191.0,117.1,44.57,125.9,117.0,112.0,33.410000000000004,44.04,52.4,77.7,8.75,0.7586285195277022,0.6743886743886743
2111,8_SM_002112,F,163.1,55.8,36.57,82.0,72.0,94.1,28.46999999999999,36.89,46.2,65.9,5.429999999999995,0.7717538628354565,0.701062215477997
4286,8_SM_004287,M,158.8,62.4,38.68,92.2,86.1,88.8,28.79,35.33,40.6,64.2,8.159999999999991,0.8148881969997169,0.632398753894081
2402,8_SM_002403,F,156.5,58.9,34.81,96.4,88.5,90.7,29.72,35.12,41.3,64.4,7.439999999999986,0.8462414578587699,0.6413043478260868
3696,8_SM_003697,M,183.3,89.0,40.29,106.6,100.4,104.5,32.620000000000005,44.12,46.9,77.3,7.8700000000000045,0.7393472348141434,0.6067270375161707
2292,8_SM_002293,F,162.1,65.0,35.480000000000004,95.2,79.2,100.1,29.230000000000008,36.5,45.2,65.2,7.229999999999995,0.8008219178082194,0.6932515337423313
156,8_SM_000157,F,160.9,54.0,36.67,84.7,70.5,91.0,33.76,36.43,44.1,69.2,4.320000000000005,0.9267087565193521,0.6372832369942196
2333,8_SM_002334,F,155.9,68.7,37.1,99.2,89.7,100.0,27.970000000000006,34.26,42.6,62.6,4.819999999999982,0.8164039696438998,0.6805111821086262
995,8_SM_000996,F,159.1,51.9,35.4,87.3,74.2,90.3,29.910000000000004,37.0,43.7,66.2,6.059999999999991,0.8083783783783784,0.6601208459214502
2150,8_SM_002151,F,160.0,58.7,33.75,85.4,77.4,95.4,31.020000000000003,34.589999999999996,44.6,65.4,5.470000000000004,0.8967909800520384,0.6819571865443425
1642,8_SM_001643,F,157.1,44.2,34.13,71.3,61.7,87.0,32.53,37.94,39.1,69.9,7.0899999999999865,0.8574064312071693,0.5593705293276109
2430,8_SM_002431,F,164.0,56.6,37.6,90.1,78.9,94.3,31.170000000000005,37.44,46.7,68.1,7.309999999999991,0.8325320512820514,0.6857562408223202
991,8_SM_000992,F,167.7,73.7,40.980000000000004,97.0,87.4,102.1,32.959999999999994,39.19,45.8,70.8,6.3599999999999905,0.8410308752232711,0.6468926553672316
2033,8_SM_002034,F,156.2,52.0,34.55,86.6,75.6,89.0,28.410000000000004,33.61,43.0,62.4,7.1200000000000045,0.8452841416245166,0.6891025641025641
1743,8_SM_001744,F,164.7,48.1,35.97,81.2,66.0,86.9,33.230000000000004,39.93,43.3,71.4,7.959999999999991,0.8322063611319811,0.6064425770308123
2163,8_SM_002164,F,170.0,57.3,34.95,89.4,76.9,90.3,33.190000000000005,40.720000000000006,42.6,73.1,7.5899999999999865,0.8150785854616895,0.5827633378932969
1751,8_SM_001752,F,163.5,50.5,36.9,80.5,67.0,89.7,30.910000000000004,39.11,43.1,68.7,7.6,0.79033495269752,0.6273653566229985
3818,8_SM_003819,M,172.8,72.8,38.67,95.8,87.2,100.5,29.49,37.230000000000004,45.6,70.2,6.709999999999991,0.7921031426269136,0.6495726495726496
4542,8_SM_004543,M,161.4,65.8,40.64,97.2,92.8,94.8,28.22,36.809999999999995,42.8,64.9,7.8900000000000095,0.7666395001358327,0.6594761171032356
2872,8_SM_002873,M,178.7,88.7,38.739999999999995,103.6,96.5,105.0,29.400000000000006,41.57,47.8,73.0,8.720000000000004,0.7072407986528748,0.6547945205479452
2627,8_SM_002628,M,169.9,65.6,39.65,91.0,78.0,95.8,34.42,38.2,43.0,71.0,8.470000000000004,0.9010471204188482,0.6056338028169014
3379,8_SM_003380,M,174.6,78.0,40.28,102.2,82.2,96.2,31.560000000000002,40.519999999999996,45.3,72.1,7.459999999999991,0.7788746298124384,0.6282940360610264
4461,8_SM_004462,M,170.1,72.2,38.96,98.6,88.5,95.7,29.68,38.0,47.4,68.8,6.710000000000013,0.7810526315789473,0.688953488372093
1472,8_SM_001473,F,162.6,72.6,36.69,97.2,83.4,106.2,28.409999999999997,36.21,46.8,64.5,6.85,0.784589892294946,0.7255813953488371
1410,8_SM_001411,F,155.8,45.2,33.75,77.0,64.1,85.3,29.729999999999997,34.69,43.4,62.8,8.159999999999991,0.8570193139233208,0.6910828025477707
4094,8_SM_004095,M,179.6,82.1,40.489999999999995,100.6,93.7,100.5,31.8,41.21,47.4,72.0,8.64000000000001,0.7716573647173016,0.6583333333333333
3176,8_SM_003177,M,175.6,73.7,39.54,96.7,82.5,96.5,34.14,40.67999999999999,45.7,73.0,6.360000000000014,0.8392330383480827,0.626027397260274
1514,8_SM_001515,F,162.8,64.6,37.15,89.4,74.2,97.4,31.96999999999999,36.65,45.0,68.6,4.720000000000004,0.8723055934515687,0.6559766763848397
710,8_SM_000711,F,158.3,77.3,35.29,104.22999999999999,91.9,108.9,28.270000000000003,34.6,45.9,62.4,5.309999999999991,0.8170520231213874,0.735576923076923
1605,8_SM_001606,F,153.5,52.2,32.410000000000004,84.4,75.6,90.8,27.679999999999996,35.980000000000004,43.4,63.4,6.059999999999991,0.7693162868260143,0.6845425867507886
651,8_SM_000652,F,158.7,58.8,32.04,89.8,77.7,95.4,30.28,35.82000000000001,41.9,65.3,6.760000000000014,0.8453378001116694,0.6416539050535988
2729,8_SM_002730,M,177.3,56.8,37.54,79.3,72.0,90.1,35.459999999999994,43.58,42.2,78.3,7.389999999999986,0.8136759981642955,0.5389527458492976
2060,8_SM_002061,F,161.0,72.9,37.769999999999996,99.4,88.5,98.7,31.28000000000001,34.739999999999995,45.4,66.0,7.45,0.9004029936672427,0.6878787878787879
939,8_SM_000940,F,156.3,50.7,34.47,82.3,68.7,90.1,31.660000000000004,35.47,44.4,64.7,5.689999999999986,0.8925852833380322,0.6862442040185471
3140,8_SM_003141,M,171.6,63.4,41.589999999999996,93.2,76.5,92.0,32.65,41.96,42.6,72.8,8.860000000000014,0.7781220209723546,0.5851648351648352
2925,8_SM_002926,M,173.5,76.0,41.04,96.0,86.7,97.3,29.500000000000007,41.010000000000005,45.7,70.9,8.779999999999996,0.7193367471348452,0.6445698166431594
2997,8_SM_002998,M,191.0,77.1,41.660000000000004,92.2,79.0,98.9,34.410000000000004,45.980000000000004,52.6,80.6,9.779999999999996,0.7483688560243584,0.652605459057072
248,8_SM_000249,F,163.4,48.8,33.29,78.4,69.7,89.2,33.63000000000001,36.2,42.3,68.7,6.729999999999995,0.9290055248618786,0.6157205240174671
2291,8_SM_002292,F,157.0,61.3,36.35,103.8,91.0,89.4,26.65,37.0,41.1,63.0,5.040000000000009,0.7202702702702702,0.6523809523809524
933,8_SM_000934,F,157.6,53.5,36.22,84.5,78.0,93.5,29.419999999999998,35.45,44.1,63.5,5.520000000000005,0.8299012693935118,0.694488188976378
1764,8_SM_001765,F,158.6,59.8,35.07,90.1,77.8,98.4,31.130000000000003,38.029999999999994,39.5,68.4,6.05,0.8185642913489353,0.577485380116959
1200,8_SM_001201,F,164.2,63.0,36.96,85.4,76.7,96.6,30.929999999999996,35.5,45.7,64.8,8.589999999999986,0.8712676056338027,0.7052469135802469
271,8_SM_000272,F,154.5,41.2,32.08,75.8,64.8,82.4,30.49,34.95,38.6,64.4,6.260000000000014,0.8723891273247495,0.5993788819875776
677,8_SM_000678,F,169.1,69.1,33.230000000000004,91.8,82.8,99.9,34.010000000000005,39.84,47.2,71.4,6.689999999999986,0.8536646586345382,0.6610644257703081
2237,8_SM_002238,F,150.8,70.5,34.83,102.3,95.1,101.8,26.930000000000007,31.74,43.6,57.9,6.020000000000005,0.8484562066792694,0.7530224525043179
1837,8_SM_001838,F,164.4,62.9,35.37,91.9,85.7,96.2,33.36,36.94,43.7,69.2,7.3799999999999955,0.9030860855441256,0.6315028901734104
2424,8_SM_002425,F,160.0,49.3,36.81,81.5,69.4,86.6,30.46,35.33,42.4,64.9,7.340000000000009,0.8621568072459667,0.6533127889060092
2809,8_SM_002810,M,180.3,83.6,41.69,100.4,87.5,101.8,31.76,41.0,49.3,72.1,7.459999999999991,0.7746341463414634,0.6837725381414702
3024,8_SM_003025,M,170.9,76.9,39.68,95.2,93.8,99.5,27.860000000000003,37.989999999999995,45.8,67.6,10.2,0.733350881811003,0.6775147928994083
3007,8_SM_003008,M,178.8,94.6,41.03,104.7,98.9,104.7,31.380000000000003,40.82000000000001,52.6,71.9,6.709999999999991,0.7687408133268006,0.7315716272600834
655,8_SM_000656,F,159.8,49.5,34.510000000000005,84.0,69.7,90.5,29.250000000000007,37.11,45.1,65.9,4.979999999999995,0.7881972514147132,0.6843702579666161
549,8_SM_000550,F,167.7,67.3,35.18,92.2,74.4,103.5,33.660000000000004,36.36,48.1,68.6,6.570000000000005,0.9257425742574259,0.7011661807580176
3939,8_SM_003940,M,165.9,81.7,41.57,102.5,92.5,105.2,29.070000000000004,37.36,45.8,65.7,8.04000000000001,0.7781049250535333,0.6971080669710806
1886,8_SM_001887,F,156.3,50.3,33.75,76.0,71.0,90.0,30.170000000000005,36.56,43.4,64.7,7.3799999999999955,0.8252188183807441,0.6707882534775889
3008,8_SM_003009,M,175.7,69.5,39.11,88.0,78.7,94.7,34.379999999999995,41.65,46.3,75.2,8.65,0.8254501800720287,0.615691489361702
262,8_SM_000263,F,160.3,59.9,33.21,85.5,83.0,98.3,31.099999999999994,35.3,45.9,65.3,6.25,0.8810198300283285,0.7029096477794793
2906,8_SM_002907,M,179.0,73.2,42.15,97.0,80.7,98.8,31.889999999999997,42.18,47.3,74.6,9.070000000000004,0.7560455192034139,0.6340482573726541
2421,8_SM_002422,F,162.7,61.7,36.17,94.5,84.9,92.2,29.099999999999994,37.230000000000004,45.0,66.9,6.55,0.7816277195809829,0.6726457399103138
937,8_SM_000938,F,160.8,59.9,35.660000000000004,85.2,76.2,98.0,33.370000000000005,36.81,43.9,67.8,5.659999999999991,0.9065471339309971,0.6474926253687315
619,8_SM_000620,F,159.2,47.7,34.67,76.1,65.5,89.5,32.58,36.410000000000004,42.8,67.2,6.470000000000004,0.894809118374073,0.6369047619047619
1558,8_SM_001559,F,163.6,65.9,37.29,96.0,87.2,100.7,28.3,36.08,47.0,65.1,6.689999999999986,0.7843680709534369,0.7219662058371736
1037,8_SM_001038,F,163.5,56.2,35.64,87.4,71.5,92.5,30.350000000000005,36.23,46.4,65.4,7.3599999999999905,0.8377035605851506,0.7094801223241589
2326,8_SM_002327,F,160.6,70.5,35.22,104.0,97.5,99.8,28.139999999999997,37.44,41.8,65.4,6.75,0.7516025641025641,0.6391437308868501
1166,8_SM_001167,F,160.8,60.0,37.8,88.1,73.3,97.8,31.079999999999995,34.510000000000005,43.2,64.2,7.639999999999986,0.9006085192697766,0.6728971962616822
221,8_SM_000222,F,161.4,60.2,33.82,87.3,76.4,97.6,34.589999999999996,35.56,40.8,67.2,7.1,0.9727221597300336,0.6071428571428571
4241,8_SM_004242,M,177.3,84.0,41.519999999999996,108.0,105.2,99.8,31.419999999999998,41.9,46.2,73.7,9.220000000000004,0.7498806682577566,0.6268656716417911
490,8_SM_000491,F,163.3,55.0,32.56,82.0,73.6,95.3,32.129999999999995,36.49,43.4,67.0,6.229999999999995,0.8805152096464783,0.6477611940298508
2996,8_SM_002997,M,174.4,64.9,38.980000000000004,90.0,76.6,91.2,33.849999999999994,40.57000000000001,49.6,74.2,6.709999999999991,0.8343603648015773,0.6684636118598383
2170,8_SM_002171,F,157.3,53.6,34.43,86.1,80.7,89.3,28.029999999999994,35.83,41.0,64.1,6.520000000000005,0.7823053307284398,0.6396255850234009
260,8_SM_000261,F,160.9,50.2,30.189999999999998,81.9,68.7,91.3,32.61,35.93,42.1,68.1,5.690000000000009,0.907598107431116,0.618208516886931
4463,8_SM_004464,M,167.6,60.7,41.160000000000004,93.0,82.4,90.2,29.76,37.45,43.0,68.2,7.65,0.7946595460614152,0.6304985337243402
389,8_SM_000390,F,167.7,56.5,34.78,83.5,75.0,93.9,33.46,38.86,44.3,71.7,7.190000000000009,0.8610396294390119,0.6178521617852161
857,8_SM_000858,F,153.1,56.4,33.69,88.5,81.6,90.9,30.76,34.379999999999995,45.1,62.6,3.6799999999999953,0.8947062245491566,0.7204472843450479
3865,8_SM_003866,M,170.5,62.4,39.81,91.8,80.0,88.5,29.839999999999996,39.410000000000004,45.0,69.9,8.379999999999995,0.7571682314133467,0.6437768240343347
2133,8_SM_002134,F,163.2,63.4,35.019999999999996,88.5,77.8,97.0,29.220000000000006,39.809999999999995,41.0,68.8,6.330000000000018,0.7339864355689527,0.5959302325581396
2555,8_SM_002556,M,177.0,71.4,39.760000000000005,86.0,80.9,98.5,35.33,39.290000000000006,47.8,73.8,8.480000000000018,0.8992109951641637,0.6476964769647696
1492,8_SM_001493,F,158.7,58.0,35.72,90.6,78.9,91.5,28.920000000000005,36.83,43.5,65.9,6.720000000000004,0.7852294325278307,0.6600910470409711
3588,8_SM_003589,M,169.8,81.1,38.72,98.0,96.2,103.8,24.79,40.089999999999996,47.3,67.2,8.580000000000018,0.6183586929408831,0.7038690476190476
3369,8_SM_003370,M,178.0,94.6,42.1,109.0,94.3,105.0,31.51,41.73,50.7,73.7,6.420000000000004,0.755092259765157,0.6879240162822252
559,8_SM_000560,F,163.4,54.5,35.78,84.8,70.8,92.1,32.75,35.22,45.8,65.7,7.35,0.9298693923906871,0.6971080669710806
1248,8_SM_001249,F,157.5,64.1,35.04,94.0,78.3,98.9,29.439999999999998,36.260000000000005,43.0,63.3,6.479999999999995,0.8119139547710974,0.679304897314376
1930,8_SM_001931,F,151.2,52.3,35.5,87.4,79.5,89.3,27.509999999999998,34.32,42.9,60.2,7.6,0.8015734265734266,0.7126245847176079
1989,8_SM_001990,F,160.3,55.7,37.089999999999996,81.8,70.8,92.8,31.76,35.27,43.4,66.3,7.3900000000000095,0.9004819960306208,0.6546003016591252
4171,8_SM_004172,M,172.2,63.4,37.730000000000004,88.4,77.3,87.1,29.809999999999995,39.64,49.7,69.2,6.179999999999995,0.7520181634712411,0.7182080924855492
3713,8_SM_003714,M,167.5,61.6,38.18,90.3,80.2,88.4,29.479999999999997,37.42,44.9,66.6,6.989999999999986,0.7878140032068411,0.6741741741741742
4420,8_SM_004421,M,174.8,72.5,41.19,93.5,79.0,100.9,33.28000000000001,37.44,49.0,70.1,6.960000000000013,0.8888888888888892,0.6990014265335236
1109,8_SM_001110,F,159.0,51.6,34.589999999999996,82.0,71.3,93.0,31.740000000000002,37.15,42.8,65.9,7.170000000000004,0.8543741588156125,0.6494688922610015
3658,8_SM_003659,M,166.7,91.8,37.980000000000004,108.1,105.8,109.1,27.21999999999999,38.93,44.2,66.3,5.979999999999995,0.6992036989468274,0.6666666666666667
3167,8_SM_003168,M,173.3,90.4,41.78,111.0,97.8,105.9,33.379999999999995,38.370000000000005,43.8,70.1,8.280000000000019,0.8699504821475108,0.6248216833095578
1335,8_SM_001336,F,153.7,45.7,35.17,79.0,66.5,87.4,30.060000000000002,33.79,40.4,63.3,6.6099999999999905,0.8896123113347145,0.6382306477093207
2710,8_SM_002711,M,178.8,63.4,40.21,88.7,72.4,92.7,32.19,41.63,47.6,72.8,8.54000000000001,0.7732404515974056,0.6538461538461539
512,8_SM_000513,F,156.4,57.4,33.65,84.1,81.9,94.0,33.75,34.019999999999996,41.9,65.1,4.6600000000000135,0.9920634920634922,0.6436251920122888
7,8_SM_000008,F,155.0,49.1,33.36,82.6,71.4,89.5,31.48,34.089999999999996,41.9,63.3,5.85,0.923437958345556,0.6619273301737757
3819,8_SM_003820,M,167.4,62.7,37.33,89.9,76.6,91.7,32.78000000000001,38.61,46.6,66.1,6.05,0.8490028490028493,0.7049924357034797
2530,8_SM_002531,M,173.6,77.2,39.19,96.2,84.9,95.6,35.24999999999999,39.68,46.1,74.8,7.520000000000005,0.8883568548387095,0.6163101604278075
2671,8_SM_002672,M,176.3,74.6,41.43,94.7,85.2,100.7,35.54,42.47,45.8,75.6,9.029999999999996,0.8368259948198729,0.6058201058201058
2595,8_SM_002596,M,175.3,73.3,40.839999999999996,97.3,80.9,92.1,33.91,41.489999999999995,46.3,74.1,8.129999999999995,0.8173053747891058,0.6248313090418354
3896,8_SM_003897,M,176.1,66.5,40.65,94.3,73.5,91.7,34.85,39.58,46.3,72.0,8.529999999999996,0.8804951995957555,0.6430555555555555
1465,8_SM_001466,F,161.6,59.8,35.71,85.8,76.1,99.2,29.93,36.71,43.7,64.3,7.739999999999986,0.8153091800599291,0.6796267496111976
2417,8_SM_002418,F,152.0,57.8,35.05,89.1,78.3,95.3,28.009999999999998,33.5,42.3,61.5,5.719999999999982,0.8361194029850746,0.6878048780487804
381,8_SM_000382,F,152.8,55.6,32.87,83.4,83.4,95.4,31.96,33.17,42.5,62.6,6.8700000000000045,0.963521254145312,0.6789137380191693
3491,8_SM_003492,M,174.3,66.2,39.83,94.4,78.4,85.4,30.639999999999997,42.95,44.7,74.3,7.65,0.7133876600698486,0.6016150740242262
2105,8_SM_002106,F,155.2,53.4,34.15,82.5,74.0,95.4,28.230000000000008,35.05,44.2,62.1,8.5,0.805420827389444,0.711755233494364
686,8_SM_000687,F,168.9,74.5,36.11,101.9,82.0,99.8,33.089999999999996,37.910000000000004,47.3,70.4,4.990000000000009,0.8728567660247953,0.6718749999999999
783,8_SM_000784,F,159.1,51.8,33.269999999999996,82.0,67.7,89.8,32.65,35.0,43.3,65.3,6.6,0.9328571428571428,0.663093415007657
3387,8_SM_003388,M,171.1,74.6,39.39,97.3,88.8,97.6,30.659999999999997,38.25,47.5,68.4,7.570000000000005,0.8015686274509803,0.6944444444444444
1021,8_SM_001022,F,157.5,50.1,38.13,84.9,70.6,88.0,31.159999999999997,36.07,40.7,64.8,6.709999999999991,0.8638757970612696,0.6280864197530865
2296,8_SM_002297,F,155.0,64.6,34.839999999999996,97.6,90.0,97.2,27.919999999999995,33.6,47.1,61.2,6.759999999999991,0.8309523809523808,0.7696078431372549
4349,8_SM_004350,M,163.7,58.4,37.05,86.8,76.0,86.8,30.830000000000002,36.879999999999995,46.4,67.1,6.5,0.8359544468546639,0.6915052160953801
2392,8_SM_002393,F,156.0,53.8,35.81,88.0,76.4,92.2,29.040000000000003,37.190000000000005,41.0,64.7,4.5899999999999865,0.780855068566819,0.633693972179289
4530,8_SM_004531,M,169.5,72.9,38.839999999999996,99.9,94.3,95.8,30.99,38.989999999999995,44.0,70.6,6.0899999999999865,0.7948191844062581,0.623229461756374
65,8_SM_000066,F,161.1,62.2,34.17,92.8,75.6,96.5,34.14,36.4,42.1,67.8,5.709999999999991,0.9379120879120879,0.6209439528023599
3789,8_SM_003790,M,180.4,79.2,41.28,100.0,81.2,96.8,31.130000000000003,43.379999999999995,47.3,74.0,8.520000000000005,0.7176118026740435,0.6391891891891891
4329,8_SM_004330,M,181.0,74.8,41.72,96.3,86.7,98.8,31.580000000000005,41.959999999999994,48.6,73.6,7.980000000000018,0.7526215443279316,0.6603260869565218
3699,8_SM_003700,M,177.6,80.0,41.79,96.6,88.2,100.5,31.669999999999998,42.2,46.2,75.3,6.259999999999991,0.750473933649289,0.6135458167330677
2271,8_SM_002272,F,155.2,65.9,36.04,99.0,91.0,98.6,28.009999999999998,36.0,42.7,63.6,5.009999999999991,0.7780555555555555,0.6713836477987422
687,8_SM_000688,F,165.6,56.8,35.75,84.0,74.3,93.5,32.11999999999999,36.120000000000005,46.0,66.8,7.510000000000014,0.8892580287929122,0.688622754491018
2414,8_SM_002415,F,156.5,60.8,33.14,88.2,83.9,97.6,28.779999999999994,31.15,48.7,58.9,5.989999999999986,0.9239165329052969,0.8268251273344652
3584,8_SM_003585,M,182.5,98.6,39.63,115.4,109.4,109.0,28.339999999999996,44.980000000000004,50.7,77.0,5.690000000000009,0.6300578034682079,0.6584415584415585
791,8_SM_000792,F,157.7,59.7,34.47,89.2,80.5,98.4,30.150000000000006,37.15,40.8,66.6,6.8799999999999955,0.8115746971736206,0.6126126126126126
3357,8_SM_003358,M,183.3,99.0,40.22,104.9,95.6,113.1,31.53000000000001,45.599999999999994,49.7,77.3,7.860000000000014,0.6914473684210529,0.6429495472186287
634,8_SM_000635,F,166.4,62.2,32.12,91.5,75.4,96.4,33.120000000000005,37.83,46.7,70.1,5.959999999999991,0.8754956383822364,0.6661911554921541
3657,8_SM_003658,M,167.0,57.1,39.61,92.5,69.8,85.4,30.45,37.83,47.6,66.8,6.809999999999991,0.8049167327517843,0.7125748502994013
4310,8_SM_004311,M,178.8,84.4,43.03,100.0,101.2,97.5,33.37,41.55,47.1,74.6,6.0,0.8031287605294826,0.6313672922252012
2107,8_SM_002108,F,157.5,53.1,34.82,86.3,76.6,90.3,28.46,35.31,42.3,62.8,7.039999999999987,0.8060039648824695,0.6735668789808917
2951,8_SM_002952,M,171.3,75.3,37.82,95.2,81.2,100.1,33.21,40.11,46.5,71.8,7.579999999999996,0.8279730740463725,0.6476323119777159
2670,8_SM_002671,M,174.5,76.2,41.519999999999996,99.3,84.7,97.2,32.99999999999999,40.04,45.4,71.8,7.0,0.824175824175824,0.6323119777158774
893,8_SM_000894,F,164.7,76.8,36.87,101.7,87.4,107.0,30.29,35.97,46.1,66.6,6.029999999999996,0.8420906310814568,0.6921921921921923
1105,8_SM_001106,F,170.3,64.9,35.519999999999996,85.3,76.2,99.5,35.89,37.41,46.6,70.2,6.729999999999995,0.9593691526329859,0.6638176638176638
385,8_SM_000386,F,162.8,58.4,34.239999999999995,85.4,75.0,98.8,31.0,36.010000000000005,44.5,66.3,6.209999999999991,0.8608719800055539,0.6711915535444948
1879,8_SM_001880,F,161.7,51.7,35.58,80.7,70.8,92.5,31.509999999999998,35.39,42.5,65.6,9.279999999999996,0.8903645097485164,0.6478658536585367
3558,8_SM_003559,M,171.5,83.9,40.47,103.3,96.3,104.5,31.810000000000002,39.309999999999995,44.2,71.1,9.529999999999996,0.8092088527092345,0.6216596343178623
279,8_SM_000280,F,167.1,54.6,33.760000000000005,80.0,71.7,94.4,32.11,38.14,44.5,68.3,6.289999999999987,0.8418982695332984,0.6515373352855052
3019,8_SM_003020,M,175.9,67.8,42.25,93.8,75.0,95.8,32.58,42.24,46.8,75.2,8.35,0.7713068181818181,0.6223404255319148
31,8_SM_000032,F,162.0,48.4,35.7,82.7,63.9,88.5,31.65,37.7,43.0,67.9,6.829999999999996,0.8395225464190981,0.6332842415316642
2708,8_SM_002709,M,172.1,56.5,37.81,87.6,70.2,88.5,33.98,40.83,46.2,74.6,7.6200000000000045,0.8322312025471467,0.6193029490616623
2325,8_SM_002326,F,147.7,64.1,35.14,105.7,95.3,97.6,27.929999999999996,34.730000000000004,39.5,61.2,6.020000000000005,0.8042038583357326,0.6454248366013071
3597,8_SM_003598,M,173.4,74.5,40.4,101.1,81.4,94.6,31.180000000000007,39.73,46.1,70.3,9.690000000000008,0.7847973823307327,0.6557610241820768
617,8_SM_000618,F,158.8,63.8,34.25,96.7,82.5,101.0,34.739999999999995,35.61,42.1,68.2,5.460000000000013,0.9755686604886267,0.6173020527859238
576,8_SM_000577,F,157.2,47.8,31.630000000000003,79.5,65.2,87.9,31.439999999999998,34.35,45.8,63.9,6.6099999999999905,0.9152838427947597,0.7167449139280125
2462,8_SM_002463,F,161.3,57.2,35.36,86.3,77.7,94.9,30.24,35.519999999999996,44.0,65.5,7.289999999999987,0.8513513513513514,0.6717557251908397
346,8_SM_000347,F,155.4,49.6,32.480000000000004,83.0,75.6,89.7,29.640000000000004,32.64,46.5,62.1,5.810000000000014,0.9080882352941178,0.748792270531401
2438,8_SM_002439,F,156.4,55.4,33.56,88.0,80.0,91.9,28.810000000000002,35.809999999999995,42.2,63.9,7.809999999999991,0.8045238760122873,0.6604068857589985
2662,8_SM_002663,M,169.9,68.9,35.63,91.5,80.0,96.0,30.339999999999996,37.760000000000005,46.7,67.7,6.1,0.8034957627118642,0.6898079763663221
2556,8_SM_002557,M,170.2,67.6,40.85,93.4,77.1,94.6,31.359999999999996,39.69,44.1,70.7,9.779999999999996,0.7901234567901234,0.6237623762376238
3801,8_SM_003802,M,177.5,67.7,40.56,91.2,87.0,94.2,29.480000000000008,46.11,43.9,75.4,7.5899999999999865,0.6393407070049882,0.5822281167108753
4072,8_SM_004073,M,161.0,67.2,40.53,95.2,90.3,94.8,30.54,34.790000000000006,43.8,65.3,5.039999999999987,0.8778384593273928,0.6707503828483921
3087,8_SM_003088,M,172.5,72.9,37.87,95.8,80.1,97.7,28.829999999999995,40.72,43.6,70.4,7.709999999999991,0.7080058939096266,0.6193181818181818
3260,8_SM_003261,M,172.2,83.8,41.0,99.1,91.1,102.0,28.520000000000003,41.25,46.2,70.6,8.10999999999999,0.6913939393939394,0.6543909348441928
3247,8_SM_003248,M,170.7,91.0,40.58,113.2,98.1,104.1,28.45,39.440000000000005,46.5,66.6,8.1,0.7213488843813386,0.6981981981981983
3969,8_SM_003970,M,169.7,75.4,39.33,98.0,83.6,101.0,27.279999999999994,39.010000000000005,47.8,67.6,7.0,0.69930786977698,0.7071005917159764
1149,8_SM_001150,F,160.3,57.2,35.57,86.9,72.6,95.4,33.01,35.17,44.8,66.7,6.9,0.9385840204719931,0.6716641679160419
2616,8_SM_002617,M,168.4,71.8,39.94,95.2,84.3,99.1,29.860000000000003,37.57000000000001,45.7,65.9,8.439999999999987,0.7947830715996805,0.6934749620637329
1552,8_SM_001553,F,155.6,47.0,34.83,78.3,66.0,86.8,29.319999999999993,33.8,42.2,62.7,7.719999999999982,0.867455621301775,0.6730462519936204
4380,8_SM_004381,M,173.5,93.4,40.06,111.7,99.9,100.2,26.82,40.120000000000005,49.1,67.2,6.179999999999995,0.668494516450648,0.7306547619047619
1687,8_SM_001688,F,159.9,59.9,36.21,87.9,80.4,99.5,30.29,35.96,45.2,65.0,7.210000000000013,0.8423248053392658,0.6953846153846154
851,8_SM_000852,F,162.3,49.1,34.57,86.9,72.6,84.9,31.259999999999998,37.5,43.5,67.7,6.490000000000009,0.8335999999999999,0.6425406203840472
1615,8_SM_001616,F,164.1,48.4,33.61,77.0,65.5,88.5,33.06999999999999,37.95,44.3,70.4,6.5,0.871409749670619,0.6292613636363635
4079,8_SM_004080,M,174.8,79.5,42.239999999999995,105.3,93.0,99.6,32.92,39.11,49.0,71.7,7.710000000000013,0.8417284581948351,0.6834030683403068
3762,8_SM_003763,M,174.5,72.5,43.45,95.3,77.5,98.6,29.68,41.54,47.0,72.1,8.220000000000004,0.7144920558497834,0.651872399445215
1532,8_SM_001533,F,166.2,60.3,34.85,85.0,74.2,95.2,31.860000000000003,36.89,44.8,68.7,6.279999999999996,0.8636486852805639,0.6521106259097524
975,8_SM_000976,F,166.9,83.3,38.989999999999995,95.5,88.6,107.2,33.690000000000005,36.260000000000005,47.2,67.6,7.470000000000004,0.9291230005515719,0.698224852071006
3867,8_SM_003868,M,165.4,75.6,35.68,101.5,93.0,98.5,27.48,38.19,47.9,65.0,6.740000000000009,0.7195600942655146,0.7369230769230769
533,8_SM_000534,F,166.9,54.3,34.510000000000005,82.9,65.0,88.3,33.66,38.760000000000005,43.4,71.2,6.670000000000004,0.8684210526315788,0.6095505617977528
178,8_SM_000179,F,161.3,63.4,34.21,85.5,80.1,101.7,31.570000000000004,33.62,48.1,63.6,7.2,0.9390243902439026,0.7562893081761006
1636,8_SM_001637,F,162.8,48.1,36.83,82.4,70.5,88.8,32.160000000000004,38.58,41.0,69.7,7.659999999999991,0.8335925349922241,0.5882352941176471
426,8_SM_000427,F,157.5,66.9,32.410000000000004,92.3,86.3,101.0,27.939999999999998,35.730000000000004,47.0,62.2,4.779999999999996,0.78197593059054,0.7556270096463023
2174,8_SM_002175,F,155.8,56.0,35.7,95.3,82.6,90.2,29.420000000000005,36.58,39.9,65.4,6.0,0.8042646254784037,0.610091743119266
4474,8_SM_004475,M,169.4,72.2,41.6,101.4,86.3,96.7,30.01,39.19,44.5,69.1,7.4,0.7657565705537127,0.6439942112879885
2524,8_SM_002525,F,168.0,61.2,37.589999999999996,91.0,78.8,95.0,30.380000000000003,39.8,45.0,69.5,6.569999999999982,0.7633165829145729,0.6474820143884892
1392,8_SM_001393,F,154.9,53.4,34.13,77.6,67.3,95.0,32.230000000000004,35.59,41.4,64.7,5.970000000000004,0.9055914582747964,0.6398763523956723
578,8_SM_000579,F,158.9,61.7,33.519999999999996,90.4,77.2,95.7,34.6,34.56,44.9,66.6,6.1200000000000045,1.0011574074074074,0.6741741741741742
3668,8_SM_003669,M,176.9,86.5,40.87,104.2,92.4,104.3,30.439999999999998,41.42,49.0,72.2,8.029999999999996,0.7349106711733461,0.6786703601108033
2857,8_SM_002858,M,168.6,85.4,41.160000000000004,107.4,94.4,103.0,27.169999999999998,37.7,47.9,65.9,4.939999999999986,0.7206896551724137,0.7268588770864947
291,8_SM_000292,F,167.8,66.0,33.87,94.1,85.0,95.0,32.36,37.991,46.2,70.2,6.239999999999986,0.851780684899055,0.6581196581196581
1893,8_SM_001894,F,151.5,46.7,34.36,85.8,72.2,83.3,31.650000000000006,31.909999999999997,42.6,62.3,7.329999999999996,0.9918520839862115,0.6837881219903692
1909,8_SM_001910,F,159.0,73.6,36.83,98.8,85.8,109.0,29.6,35.73,44.6,64.9,8.75,0.8284354883851107,0.687211093990755
3283,8_SM_003284,M,179.0,74.5,39.910000000000004,95.2,84.0,97.2,29.830000000000005,42.89,44.8,74.8,8.580000000000018,0.6955001165772908,0.5989304812834224
2260,8_SM_002261,F,153.2,56.0,36.14,89.8,78.8,97.4,28.2,34.28,39.8,62.2,6.570000000000005,0.822637106184364,0.6398713826366559
4246,8_SM_004247,M,171.5,64.8,40.019999999999996,90.3,84.3,92.3,29.870000000000005,38.94,44.2,68.3,8.0,0.7670775552131486,0.6471449487554906
2614,8_SM_002615,M,178.1,73.6,40.160000000000004,88.2,79.2,98.0,33.01,39.86,51.1,71.6,9.2,0.8281485198193678,0.713687150837989
2113,8_SM_002114,F,154.8,53.9,36.089999999999996,88.6,78.2,91.3,29.459999999999997,36.1,39.5,65.0,5.8599999999999905,0.8160664819944597,0.6076923076923076
3384,8_SM_003385,M,163.4,62.6,39.010000000000005,98.6,76.9,89.5,32.24,37.29,40.7,68.8,7.420000000000004,0.8645749530705283,0.5915697674418605
1808,8_SM_001809,F,165.3,59.3,35.9,83.5,71.6,96.6,30.729999999999997,38.71,41.9,69.6,6.510000000000014,0.7938517179023508,0.6020114942528736
2787,8_SM_002788,M,172.7,78.9,40.42,104.8,87.8,99.0,29.740000000000002,43.3,45.3,74.5,7.220000000000004,0.686836027713626,0.6080536912751677
2346,8_SM_002347,F,160.8,57.1,33.06,85.6,72.7,92.2,31.28,35.160000000000004,44.0,66.2,7.4,0.8896473265073948,0.6646525679758308
386,8_SM_000387,F,166.9,58.8,34.28,86.9,76.5,94.8,34.49,36.339999999999996,47.6,68.9,6.3,0.9490919097413321,0.690856313497823
3875,8_SM_003876,M,180.2,87.0,39.94,106.9,91.8,99.5,30.379999999999995,42.220000000000006,49.3,73.9,7.210000000000013,0.7195641875888202,0.6671177266576453
373,8_SM_000374,F,157.8,59.9,33.67,88.2,81.1,101.0,29.179999999999996,33.75,43.5,62.5,6.170000000000004,0.8645925925925925,0.696
4153,8_SM_004154,M,173.3,67.0,40.739999999999995,93.4,71.5,93.1,36.05,36.660000000000004,49.2,71.4,7.55,0.9833606110201853,0.6890756302521008
2328,8_SM_002329,F,158.6,56.7,32.89,89.0,80.0,93.0,30.979999999999997,37.42,42.3,67.2,5.289999999999987,0.8278995189738106,0.6294642857142857
2549,8_SM_002550,M,180.6,69.3,39.35,94.0,77.9,92.1,33.61,42.08,46.9,65.4,8.79000000000001,0.7987167300380228,0.7171253822629968
4343,8_SM_004344,M,172.3,90.4,39.35,107.4,103.3,107.3,32.279999999999994,38.510000000000005,46.3,70.9,8.45,0.8382238379641649,0.6530324400564174
3520,8_SM_003521,M,166.7,69.2,39.35,93.0,84.8,94.4,29.74,39.15,43.5,69.4,6.239999999999986,0.7596424010217113,0.6268011527377522
1119,8_SM_001120,F,156.7,69.2,34.3,97.3,85.5,100.6,29.690000000000005,34.95,44.1,64.6,5.9,0.8494992846924178,0.6826625386996905
4507,8_SM_004508,M,174.0,72.7,37.9,98.2,85.0,95.7,29.620000000000005,40.519999999999996,44.4,70.1,7.1099999999999905,0.7309970384995066,0.6333808844507847
1906,8_SM_001907,F,163.0,56.1,36.260000000000005,84.8,76.5,95.9,33.56,35.720000000000006,45.8,68.0,8.110000000000014,0.9395296752519596,0.6735294117647058
3217,8_SM_003218,M,178.7,78.2,41.980000000000004,96.4,88.8,97.9,33.96,41.239999999999995,45.5,74.1,8.05,0.8234723569350146,0.6140350877192983
1756,8_SM_001757,F,156.7,49.9,34.18,83.5,71.3,89.0,30.369999999999997,35.53,42.6,64.0,7.889999999999986,0.8547706163805234,0.665625
142,8_SM_000143,F,153.1,43.1,31.689999999999998,75.6,64.0,85.6,33.55,33.290000000000006,41.1,63.8,5.190000000000009,1.0078101531991586,0.6442006269592477
4181,8_SM_004182,M,164.6,64.4,39.1,92.3,87.3,92.4,29.559999999999995,37.64,46.7,65.8,7.5899999999999865,0.7853347502656747,0.7097264437689971
496,8_SM_000497,F,153.2,37.9,31.139999999999997,72.0,59.3,79.5,30.359999999999996,33.339999999999996,41.3,62.2,6.1299999999999955,0.910617876424715,0.6639871382636655
2384,8_SM_002385,F,159.0,58.6,34.61,90.0,78.9,95.5,29.249999999999993,36.3,44.8,64.9,6.409999999999991,0.805785123966942,0.6902927580893682
200,8_SM_000201,F,162.8,47.4,35.19,78.5,70.9,90.0,34.489999999999995,37.43,44.1,69.7,4.8,0.9214533796419982,0.6327116212338594
2382,8_SM_002383,F,155.5,51.5,34.21,85.0,74.1,88.8,29.450000000000006,36.25,42.3,64.3,6.75,0.8124137931034484,0.6578538102643857
4437,8_SM_004438,M,174.1,83.2,41.57,102.2,97.4,103.8,31.5,38.69,46.9,71.3,6.3599999999999905,0.8141638666322047,0.6577840112201964
4408,8_SM_004409,M,182.8,80.4,39.86,99.0,87.3,100.7,33.510000000000005,41.92,48.9,75.5,8.329999999999995,0.7993797709923665,0.647682119205298
1186,8_SM_001187,F,162.4,52.5,37.06,79.0,67.5,90.8,32.470000000000006,37.87,42.7,68.1,7.3,0.8574069184050702,0.6270190895741558
1241,8_SM_001242,F,168.2,48.6,33.64,74.8,66.8,89.0,32.9,38.69,43.4,71.4,8.610000000000014,0.8503489273714138,0.6078431372549019
2122,8_SM_002123,F,163.9,53.1,36.480000000000004,82.0,70.8,91.6,30.51,39.8,40.0,69.6,7.05,0.7665829145728644,0.574712643678161
1437,8_SM_001438,F,163.7,52.4,38.31,83.8,68.7,89.0,33.09,36.53,40.2,68.5,7.789999999999987,0.9058308239802902,0.5868613138686132
3689,8_SM_003690,M,175.9,71.2,41.230000000000004,92.4,80.5,95.7,31.540000000000003,43.38,43.9,74.6,7.329999999999996,0.72706316274781,0.5884718498659518
1892,8_SM_001893,F,155.3,55.3,36.17,87.5,79.1,96.1,30.76,34.31,42.1,64.6,7.509999999999991,0.8965316234334013,0.6517027863777091
4045,8_SM_004046,M,174.4,76.3,41.92,100.3,84.4,100.4,33.11,36.68,46.9,69.2,10.070000000000004,0.9026717557251909,0.6777456647398843
2168,8_SM_002169,F,157.6,59.8,34.72,94.9,85.8,92.5,30.309999999999995,33.58,46.0,63.9,6.6299999999999955,0.9026206075044668,0.7198748043818467
197,8_SM_000198,F,161.2,61.0,34.339999999999996,90.0,80.7,97.5,31.21,36.13,42.2,66.1,6.520000000000005,0.8638250761140326,0.638426626323752
1571,8_SM_001572,F,158.5,52.5,35.06,83.4,71.8,90.5,29.46,35.910000000000004,42.6,66.1,6.8799999999999955,0.8203842940685045,0.6444780635400909
3575,8_SM_003576,M,184.6,72.2,42.910000000000004,91.7,81.2,96.0,32.67,45.14,45.5,78.6,8.979999999999995,0.7237483385024369,0.578880407124682
884,8_SM_000885,F,159.0,48.0,35.28,76.8,66.2,90.6,31.360000000000003,34.410000000000004,46.1,65.5,5.229999999999995,0.9113629758791049,0.7038167938931298
3020,8_SM_003021,M,188.6,77.3,41.86,96.5,86.5,95.8,33.25,43.85,52.8,77.7,10.559999999999992,0.758266818700114,0.6795366795366795
4108,8_SM_004109,M,169.0,75.5,41.87,103.2,93.0,101.2,28.75,36.54,49.4,63.8,7.220000000000004,0.7868089764641489,0.774294670846395
1785,8_SM_001786,F,158.7,65.2,34.17,98.5,85.0,98.7,29.370000000000005,38.339999999999996,43.0,66.9,6.470000000000004,0.7660406885759,0.6427503736920777
1266,8_SM_001267,F,162.0,56.2,34.269999999999996,83.9,75.5,93.7,28.979999999999997,37.92,45.1,65.4,7.729999999999995,0.7642405063291138,0.6896024464831804
850,8_SM_000851,F,169.9,57.6,36.67,84.5,72.6,92.2,35.620000000000005,40.589999999999996,43.9,74.2,6.279999999999996,0.8775560482877558,0.591644204851752
2495,8_SM_002496,F,153.1,47.1,34.64,83.4,75.4,87.5,29.009999999999998,35.19,41.1,63.7,6.270000000000005,0.824381926683717,0.6452119309262166
587,8_SM_000588,F,169.0,63.7,33.0,90.8,79.6,92.5,30.130000000000003,38.15,47.8,67.9,6.1600000000000135,0.7897771952817826,0.7039764359351988
3760,8_SM_003761,M,171.6,71.5,38.17,97.5,77.8,96.1,30.230000000000008,40.519999999999996,45.0,71.0,7.009999999999991,0.7460513326752224,0.6338028169014085
1656,8_SM_001657,F,156.1,51.9,33.58,81.8,69.7,91.4,31.649999999999995,34.498000000000005,41.1,64.6,5.85,0.917444489535625,0.6362229102167184
1753,8_SM_001754,F,153.0,46.9,34.089999999999996,80.0,72.4,87.9,28.279999999999994,34.867000000000004,40.6,62.8,7.789999999999987,0.8110821120256974,0.6464968152866243
1895,8_SM_001896,F,155.0,55.4,35.39,92.5,84.1,92.8,28.870000000000005,34.25,43.8,62.4,7.010000000000014,0.8429197080291972,0.7019230769230769
915,8_SM_000916,F,159.0,81.4,38.13,102.7,91.0,118.6,28.75,35.64,43.4,64.4,5.819999999999982,0.8066778900112234,0.6739130434782608
638,8_SM_000639,F,160.6,64.4,32.68,90.1,80.3,101.7,32.42999999999999,34.429,45.9,64.8,6.440000000000009,0.9419384820935837,0.7083333333333334
2513,8_SM_002514,F,159.4,52.2,35.519999999999996,78.0,70.6,90.0,31.46,36.571999999999996,41.3,67.2,5.979999999999995,0.8602209340479057,0.6145833333333333
1736,8_SM_001737,F,156.5,61.4,35.47,92.3,86.0,98.1,29.73,36.4,40.6,65.2,7.55,0.8167582417582419,0.6226993865030674
164,8_SM_000165,F,158.2,48.9,36.15,78.5,69.8,91.8,31.51,34.2,45.8,63.4,4.6099999999999905,0.921345029239766,0.722397476340694
2581,8_SM_002582,M,182.4,72.4,40.480000000000004,92.0,84.1,97.9,32.86,42.239999999999995,48.8,74.7,7.1,0.7779356060606062,0.6532797858099062
3750,8_SM_003751,M,177.7,81.4,39.07,103.2,92.8,101.0,28.610000000000003,43.26,49.0,74.3,7.1600000000000135,0.6613499768839576,0.6594885598923285
4165,8_SM_004166,M,170.8,83.9,41.43,102.2,97.9,103.8,28.630000000000003,39.410000000000004,47.3,68.0,7.6300000000000185,0.7264653641207816,0.6955882352941176
2201,8_SM_002202,F,159.0,66.0,35.0,95.3,86.1,99.0,29.490000000000002,35.339999999999996,44.2,64.1,5.3699999999999815,0.8344651952461801,0.6895475819032763
624,8_SM_000625,F,163.4,73.5,33.92,101.3,87.0,109.4,32.059999999999995,36.8,47.7,68.1,5.3900000000000095,0.8711956521739129,0.7004405286343613
3315,8_SM_003316,M,169.1,66.3,39.62,93.5,80.4,93.6,32.529999999999994,37.58,46.1,67.2,8.129999999999995,0.8656200106439594,0.6860119047619048
1446,8_SM_001447,F,157.4,54.2,33.86,85.7,68.2,91.7,30.009999999999998,34.57,43.8,64.5,6.960000000000013,0.8680937228811108,0.6790697674418604
935,8_SM_000936,F,159.2,49.1,36.88,80.0,72.2,90.0,31.810000000000002,36.75,41.1,66.7,7.1299999999999955,0.8655782312925171,0.616191904047976
3498,8_SM_003499,M,175.0,78.0,34.989999999999995,99.7,87.0,100.9,29.119999999999997,43.220000000000006,45.3,73.4,6.2,0.6737621471540952,0.6171662125340599
553,8_SM_000554,F,171.1,72.8,32.7,90.2,78.9,102.4,32.879999999999995,37.69,51.0,69.0,6.040000000000009,0.8723799416290793,0.7391304347826086
2019,8_SM_002020,F,160.0,48.5,35.260000000000005,79.8,72.0,87.3,30.18,37.15,42.3,67.8,7.559999999999991,0.8123822341857335,0.6238938053097345
4125,8_SM_004126,M,172.5,80.8,42.58,99.6,90.5,102.0,32.89,39.86,44.7,72.0,7.1400000000000095,0.8251379829402911,0.6208333333333333
3532,8_SM_003533,M,179.0,67.2,40.96,87.9,74.8,93.0,32.67,40.589999999999996,45.8,72.7,6.679999999999995,0.804878048780488,0.6299862448418156
1581,8_SM_001582,F,162.1,57.4,33.78,87.0,73.5,91.9,33.28,36.85,44.7,68.2,7.2,0.9031207598371778,0.655425219941349
1607,8_SM_001608,F,167.0,61.5,36.46,82.4,74.0,102.5,30.99,40.35,43.4,70.7,7.1299999999999955,0.7680297397769517,0.6138613861386139
4405,8_SM_004406,M,176.0,88.0,40.0,111.5,103.0,103.7,28.820000000000004,39.41,51.8,68.6,5.340000000000009,0.7312864755138292,0.7551020408163266
2572,8_SM_002573,M,176.3,59.1,38.18,82.8,70.3,88.7,34.03,38.47,46.6,71.2,6.090000000000009,0.884585391213933,0.6544943820224719
2845,8_SM_002846,M,176.1,66.9,40.61,96.2,80.0,93.6,36.32000000000001,40.87,46.8,76.4,8.120000000000005,0.8886713971127969,0.6125654450261779
3312,8_SM_003313,M,179.8,91.7,42.45,107.9,92.6,105.1,34.540000000000006,40.910000000000004,48.5,73.9,8.220000000000004,0.8442923490589099,0.6562922868741542
3596,8_SM_003597,M,175.3,71.4,41.88,96.8,83.0,94.6,31.54,43.46,40.1,75.3,9.870000000000005,0.7257248044178555,0.5325365205843294
618,8_SM_000619,F,168.0,61.3,33.45,93.7,81.1,92.7,32.86,39.519999999999996,44.1,70.5,8.220000000000004,0.8314777327935223,0.625531914893617
1351,8_SM_001352,F,158.5,62.3,34.980000000000004,88.7,78.8,99.6,29.429999999999996,34.63,45.4,63.3,6.4,0.8498411781692172,0.717219589257504
2726,8_SM_002727,M,176.1,101.2,38.13,106.5,108.4,115.3,29.48,41.220000000000006,47.4,70.6,4.75,0.715186802523047,0.6713881019830029
647,8_SM_000648,F,164.7,63.4,33.04,95.2,89.5,95.5,35.46,38.91,43.6,71.9,6.189999999999986,0.9113338473400155,0.6063977746870653
940,8_SM_000941,F,160.3,60.2,38.31,91.6,77.5,98.3,32.00000000000001,36.7,44.8,66.7,5.15,0.8719346049046323,0.6716641679160419
2426,8_SM_002427,F,152.6,59.7,34.31,91.1,88.3,96.8,27.2,35.15,41.2,61.9,6.029999999999996,0.7738264580369844,0.6655896607431342
3484,8_SM_003485,M,172.4,79.0,38.9,100.9,88.9,99.5,29.169999999999998,40.2,50.3,67.1,9.95999999999999,0.7256218905472636,0.7496274217585693
752,8_SM_000753,F,170.3,61.7,32.65,88.7,76.9,91.4,32.989999999999995,39.629999999999995,46.0,72.0,6.179999999999995,0.8324501640171587,0.6388888888888888
644,8_SM_000645,F,164.4,53.6,32.36,88.3,67.9,92.3,31.869999999999997,38.730000000000004,44.9,68.3,6.540000000000009,0.8228763232636198,0.657393850658858
3233,8_SM_003234,M,175.1,71.5,42.6,93.4,75.4,93.8,33.870000000000005,41.45,44.2,74.2,8.7,0.8171290711700845,0.5956873315363882
3870,8_SM_003871,M,179.5,71.2,41.83,93.4,80.0,97.0,32.89,43.09,45.7,75.8,9.509999999999991,0.7632861452773265,0.6029023746701847
3610,8_SM_003611,M,176.1,78.8,40.25,97.8,90.8,100.6,32.46,42.05,45.4,74.8,7.170000000000004,0.7719381688466113,0.606951871657754
2831,8_SM_002832,M,173.2,81.6,39.769999999999996,101.4,90.2,103.6,30.85,37.489999999999995,48.7,69.4,9.35,0.8228861029607897,0.7017291066282421
4519,8_SM_004520,M,165.5,75.6,36.980000000000004,99.5,99.3,99.4,26.77,37.36,46.4,64.4,6.730000000000018,0.716541755888651,0.7204968944099378
3670,8_SM_003671,M,175.4,83.0,43.32,109.3,86.0,102.5,28.71,41.05,46.7,69.5,8.10999999999999,0.6993909866017053,0.6719424460431656
1111,8_SM_001112,F,161.8,69.2,36.79,100.0,81.0,104.7,35.56,38.17999999999999,41.2,71.8,6.45,0.9313776846516503,0.573816155988858
2404,8_SM_002405,F,157.0,56.6,35.08,87.0,78.8,96.0,31.720000000000006,34.72,41.8,65.7,7.1299999999999955,0.9135944700460832,0.6362252663622526
48,8_SM_000049,F,166.1,60.9,35.69,85.5,74.6,97.5,20.159999999999997,36.96,45.3,68.7,6.229999999999995,0.5454545454545453,0.6593886462882096
4135,8_SM_004136,M,172.0,68.2,39.25,95.9,88.7,93.9,27.889999999999997,38.93,47.9,65.9,6.1,0.7164140765476495,0.7268588770864947
2314,8_SM_002315,F,153.7,52.8,33.83,84.4,74.8,94.1,28.720000000000006,32.239999999999995,41.3,60.7,8.429999999999996,0.8908188585607943,0.6803953871499175
931,8_SM_000932,F,167.2,73.8,38.82,96.3,89.2,103.6,32.24,36.79,45.1,66.4,6.520000000000005,0.8763250883392227,0.6792168674698795
2930,8_SM_002931,M,183.7,90.7,41.019999999999996,105.0,91.6,102.8,30.359999999999992,44.260000000000005,54.1,75.1,8.75,0.6859466787166739,0.7203728362183756
552,8_SM_000553,F,160.0,50.3,31.65,75.5,63.0,92.4,29.96,36.75,43.7,65.6,7.1600000000000135,0.8152380952380952,0.666158536585366
2985,8_SM_002986,M,184.3,71.1,42.06,93.7,74.5,91.8,36.96,45.120000000000005,48.2,82.0,8.990000000000009,0.8191489361702127,0.5878048780487806
766,8_SM_000767,F,154.6,51.7,33.2,79.7,70.5,92.5,30.660000000000004,34.36,40.8,64.8,5.95,0.8923166472642609,0.6296296296296297
2677,8_SM_002678,M,172.0,73.2,40.589999999999996,94.5,84.9,98.7,30.76,39.790000000000006,43.8,70.0,9.639999999999986,0.773058557426489,0.6257142857142857
4366,8_SM_004367,M,168.3,77.8,36.72,104.8,100.4,95.5,28.439999999999998,40.14,46.6,69.1,3.95,0.7085201793721972,0.67438494934877
1952,8_SM_001953,F,160.5,70.6,37.660000000000004,98.0,86.3,100.7,28.48,37.58,44.2,65.3,7.029999999999996,0.7578499201703034,0.6768759571209801
3637,8_SM_003638,M,172.9,81.8,39.5,101.2,91.0,100.6,27.54,39.089999999999996,46.4,69.5,7.65,0.7045280122793554,0.6676258992805755
4376,8_SM_004377,M,173.4,79.3,37.6,100.5,92.7,99.0,30.740000000000002,40.42,48.9,71.2,5.209999999999991,0.76051459673429,0.6867977528089887
1657,8_SM_001658,F,153.3,44.2,35.589999999999996,77.8,67.9,85.9,29.45,34.35,39.5,64.0,7.040000000000009,0.8573508005822416,0.6171875
2858,8_SM_002859,M,173.0,80.1,40.22,101.4,91.3,97.7,30.600000000000005,38.61,48.1,70.6,8.779999999999996,0.7925407925407927,0.6813031161473089
2319,8_SM_002320,F,154.0,60.5,34.2,99.1,81.3,95.0,30.270000000000003,34.83,42.2,64.5,4.8699999999999815,0.8690783807062878,0.6542635658914729
3772,8_SM_003773,M,178.0,66.7,40.07,93.9,74.9,91.1,31.65,44.67999999999999,44.6,75.8,7.1600000000000135,0.708370635631155,0.5883905013192613
2902,8_SM_002903,M,168.5,62.9,37.19,89.3,75.0,89.0,31.859999999999996,36.07000000000001,45.7,66.3,7.779999999999996,0.8832825062378705,0.689291101055807
1852,8_SM_001853,F,163.0,55.2,34.54,86.2,73.2,93.2,33.440000000000005,35.65,44.3,66.8,6.15,0.9380084151472653,0.6631736526946108
4515,8_SM_004516,M,170.5,73.3,39.95,92.4,89.1,97.0,28.360000000000003,38.220000000000006,46.9,66.7,6.3399999999999865,0.7420198848770277,0.7031484257871063
846,8_SM_000847,F,164.4,50.4,35.13,74.8,70.0,89.3,31.770000000000003,39.2,42.6,69.9,6.729999999999995,0.8104591836734694,0.6094420600858369
2779,8_SM_002780,M,177.0,71.5,37.480000000000004,93.7,79.9,96.3,32.19,43.01,49.2,77.0,8.370000000000005,0.7484305975354568,0.638961038961039
4137,8_SM_004138,M,177.5,76.0,40.96,96.4,90.0,97.8,32.05,40.980000000000004,49.5,73.1,6.560000000000014,0.7820888238164957,0.677154582763338
4039,8_SM_004040,M,174.1,83.1,42.56,105.9,98.9,103.9,32.64999999999999,38.7,46.1,70.4,6.920000000000004,0.8436692506459945,0.6548295454545454
3149,8_SM_003150,M,182.4,92.6,42.69,106.4,96.6,103.0,29.519999999999992,43.86,49.1,75.9,8.1,0.6730506155950751,0.6469038208168643
2020,8_SM_002021,F,165.9,47.6,36.019999999999996,78.4,64.5,85.9,35.36,35.87,45.3,71.1,9.470000000000004,0.9857819905213271,0.6371308016877637
3494,8_SM_003495,M,181.9,86.8,42.21,100.0,90.0,103.3,31.839999999999996,43.629999999999995,49.1,75.8,7.260000000000014,0.7297730919092368,0.6477572559366755
1597,8_SM_001598,F,155.6,46.3,31.27,79.4,68.7,84.0,30.5,35.25,41.0,64.4,8.529999999999996,0.8652482269503546,0.6366459627329192
3611,8_SM_003612,M,166.4,72.9,37.38,101.9,81.9,97.7,30.65,40.089999999999996,43.4,70.8,6.110000000000014,0.7645298079321526,0.6129943502824858
4506,8_SM_004507,M,161.6,64.2,36.989999999999995,93.4,88.0,92.4,27.229999999999997,36.480000000000004,45.9,64.1,6.429999999999995,0.7464364035087717,0.7160686427457099
1084,8_SM_001085,F,164.5,69.0,36.160000000000004,99.5,85.6,100.4,31.310000000000002,38.57,44.4,68.1,8.520000000000005,0.8117708063261603,0.6519823788546256
1790,8_SM_001791,F,158.6,79.9,34.989999999999995,100.3,92.5,108.4,27.800000000000004,34.67,42.4,63.3,5.009999999999991,0.8018459763484281,0.669826224328594
4372,8_SM_004373,M,169.8,77.8,41.230000000000004,104.1,97.8,98.2,29.259999999999998,40.0,45.8,69.8,7.179999999999995,0.7314999999999999,0.6561604584527221
1298,8_SM_001299,F,159.2,49.9,34.88,77.0,68.6,90.3,31.7,35.17,45.6,65.9,6.55,0.9013363662212112,0.6919575113808801
2478,8_SM_002479,F,161.0,68.0,35.38,99.8,90.0,102.6,28.059999999999995,37.339999999999996,41.5,64.8,7.529999999999996,0.7514729512587037,0.6404320987654322
4399,8_SM_004400,M,168.8,71.4,39.980000000000004,99.5,92.1,91.2,30.370000000000005,38.7,48.5,67.8,7.139999999999986,0.7847545219638243,0.7153392330383481
4323,8_SM_004324,M,165.0,71.7,40.019999999999996,99.7,95.8,98.0,25.439999999999998,36.86,42.8,63.3,6.6400000000000095,0.6901790558871405,0.6761453396524486
4406,8_SM_004407,M,172.6,79.5,39.980000000000004,102.0,91.2,97.8,28.890000000000004,39.370000000000005,49.0,68.1,7.25,0.7338074676149352,0.7195301027900147
3781,8_SM_003782,M,173.6,64.3,39.019999999999996,89.0,77.9,89.6,30.330000000000002,40.529999999999994,48.0,70.8,8.159999999999991,0.7483345669874168,0.6779661016949153
2609,8_SM_002610,M,176.6,72.2,37.38,96.7,81.8,95.7,34.78,40.839999999999996,48.2,75.3,8.25,0.8516160626836435,0.6401062416998673
1341,8_SM_001342,F,155.6,43.7,33.28,74.7,67.1,88.5,29.360000000000003,33.9,41.7,62.5,5.8399999999999865,0.8660766961651919,0.6672
1815,8_SM_001816,F,161.2,64.0,35.95,95.2,83.5,98.8,31.520000000000003,37.260000000000005,43.3,68.3,7.740000000000009,0.8459473966720343,0.6339677891654465
3859,8_SM_003860,M,181.7,74.9,42.18,100.1,83.9,96.3,33.45,45.14999999999999,45.2,79.6,9.119999999999981,0.7408637873754155,0.5678391959798996
2765,8_SM_002766,M,179.8,69.7,41.08,90.7,80.8,95.1,37.410000000000004,42.71,47.4,78.3,10.370000000000005,0.875907281667057,0.6053639846743295
2879,8_SM_002880,M,180.7,85.6,43.1,98.7,87.9,106.4,31.080000000000005,40.1,48.6,70.8,9.2,0.775062344139651,0.6864406779661018
1666,8_SM_001667,F,165.9,53.5,36.239999999999995,80.4,68.7,92.7,32.089999999999996,36.95,45.0,67.7,6.670000000000004,0.8684709066305817,0.6646971935007385
3254,8_SM_003255,M,172.8,64.5,37.07,92.3,81.5,90.2,29.640000000000004,41.04,49.1,71.0,7.6200000000000045,0.7222222222222223,0.6915492957746479
4403,8_SM_004404,M,172.7,66.4,41.29,91.8,83.3,94.6,31.78000000000001,40.709999999999994,46.9,72.8,9.159999999999991,0.7806435765168267,0.6442307692307693
3568,8_SM_003569,M,175.8,72.0,41.55,90.9,77.3,94.5,31.03,43.13,46.2,73.1,9.370000000000005,0.7194528170646881,0.6320109439124488
2134,8_SM_002135,F,160.8,41.4,34.88,74.2,63.2,81.3,32.24,36.68,43.0,68.2,7.279999999999996,0.8789531079607417,0.6304985337243402
2010,8_SM_002011,F,161.3,52.6,36.47,83.7,70.7,92.4,30.350000000000005,35.66,44.5,64.5,8.7,0.8510936623667977,0.689922480620155
2026,8_SM_002027,F,156.7,56.9,33.85,91.5,76.2,94.7,27.28,34.290000000000006,47.2,60.7,7.829999999999996,0.795567220764071,0.7775947281713345
1388,8_SM_001389,F,166.1,60.6,38.21,87.0,77.4,96.1,32.94,39.31,44.1,69.4,7.579999999999996,0.8379547189010429,0.6354466858789625
3918,8_SM_003919,M,183.6,85.3,43.67,102.2,92.4,101.6,32.790000000000006,44.56999999999999,43.7,77.0,8.4,0.7356966569441331,0.5675324675324676
2336,8_SM_002337,F,155.9,56.2,32.93,87.3,78.6,92.8,31.310000000000002,35.209999999999994,41.0,65.1,6.030000000000018,0.8892360124964501,0.6298003072196621
4012,8_SM_004013,M,164.8,73.5,39.32,101.3,91.4,94.3,26.22,36.33,46.4,62.1,3.7,0.7217175887696119,0.7471819645732689
1951,8_SM_001952,F,153.0,58.7,35.760000000000005,93.4,86.4,95.2,28.75,34.53,39.9,63.9,6.05,0.8326093252244425,0.6244131455399061
1742,8_SM_001743,F,165.5,52.6,35.53,86.9,71.3,87.9,31.26,37.65,46.5,67.6,8.05,0.8302788844621515,0.6878698224852071
877,8_SM_000878,F,165.9,68.1,38.13,96.5,84.2,97.2,35.010000000000005,36.99,44.7,69.1,5.95,0.9464720194647203,0.6468885672937772
936,8_SM_000937,F,159.4,52.3,34.71,87.5,74.9,88.4,31.299999999999994,34.92,45.0,65.3,5.979999999999995,0.8963344788087054,0.6891271056661562
3976,8_SM_003977,M,174.8,69.8,41.72,89.5,79.0,97.7,31.46999999999999,39.71,46.2,71.5,7.3799999999999955,0.7924955930496095,0.6461538461538462
1007,8_SM_001008,F,162.5,51.1,33.78,77.0,67.0,92.0,34.83,35.72,46.8,68.1,6.479999999999995,0.97508398656215,0.6872246696035242
1352,8_SM_001353,F,156.1,54.9,35.0,83.8,70.4,93.5,29.389999999999997,34.39,43.5,62.4,6.8799999999999955,0.8546088979354463,0.6971153846153846
4350,8_SM_004351,M,178.0,64.5,39.47,89.8,80.0,92.4,34.11,42.46,47.4,75.7,9.1,0.8033443240697127,0.6261558784676353
1113,8_SM_001114,F,164.1,54.4,36.33,84.0,75.6,93.0,32.36,36.910000000000004,45.9,66.1,6.7,0.8767271742075318,0.6944024205748865
1146,8_SM_001147,F,163.6,48.9,35.18,80.3,65.6,86.4,33.36,36.93,45.1,68.4,6.729999999999995,0.9033306255077173,0.6593567251461988
3311,8_SM_003312,M,173.7,76.6,42.589999999999996,97.4,89.0,99.8,30.77,37.81,41.7,67.1,7.829999999999996,0.813805871462576,0.6214605067064084
3272,8_SM_003273,M,177.5,74.9,40.15,93.5,89.5,99.2,29.910000000000004,43.47,46.7,73.8,9.029999999999996,0.6880607315389925,0.6327913279132792
212,8_SM_000213,F,164.0,51.3,36.230000000000004,82.0,68.1,90.5,34.08,37.410000000000004,41.1,71.0,5.229999999999995,0.9109863672814754,0.5788732394366197
3955,8_SM_003956,M,178.9,55.7,40.1,84.0,68.3,86.5,33.489999999999995,45.39,46.3,78.2,5.740000000000009,0.7378277153558052,0.5920716112531969
2317,8_SM_002318,F,155.8,44.4,32.730000000000004,78.3,67.0,87.2,29.51,36.9,42.5,65.9,7.579999999999996,0.7997289972899729,0.644916540212443
59,8_SM_000060,F,153.3,54.8,31.79,90.5,78.0,94.8,32.93,35.97,40.1,62.5,7.3700000000000045,0.9154851264943008,0.6416000000000001
1226,8_SM_001227,F,174.7,50.5,35.71,81.0,65.5,85.5,37.919999999999995,42.120000000000005,43.8,79.2,7.460000000000013,0.9002849002849,0.553030303030303
4525,8_SM_004526,M,172.0,83.2,41.980000000000004,103.8,102.9,102.9,29.369999999999997,39.0,48.0,68.3,6.639999999999986,0.753076923076923,0.7027818448023426
2108,8_SM_002109,F,161.3,76.3,37.7,95.2,90.6,105.7,29.640000000000004,35.63,47.8,65.3,5.7,0.8318832444569184,0.7320061255742726
2209,8_SM_002210,F,160.5,55.9,35.83,85.9,76.3,93.0,31.090000000000003,35.089999999999996,43.7,65.3,6.969999999999982,0.8860074095183815,0.6692189892802451
4485,8_SM_004486,M,163.2,59.3,38.46,89.5,81.2,93.2,28.270000000000003,36.67,43.5,64.5,6.85,0.7709299154622308,0.6744186046511628
1882,8_SM_001883,F,162.0,53.4,36.86,80.8,75.8,88.9,30.180000000000007,35.559999999999995,47.6,65.2,7.8700000000000045,0.848706411698538,0.7300613496932515
775,8_SM_000776,F,165.0,69.1,34.06,98.6,87.6,102.0,31.320000000000004,36.75,45.3,66.6,6.480000000000018,0.8522448979591838,0.6801801801801802
3593,8_SM_003594,M,171.0,76.1,38.269999999999996,100.6,87.5,97.3,28.24,41.120000000000005,46.5,70.4,8.920000000000005,0.6867704280155641,0.6605113636363635
1911,8_SM_001912,F,157.6,62.8,37.480000000000004,100.5,84.5,93.9,29.189999999999998,34.76,43.8,63.0,6.220000000000004,0.8397583429228999,0.6952380952380952
1092,8_SM_001093,F,168.1,58.9,36.89,87.7,72.4,92.1,35.21,39.38,45.3,73.1,7.3700000000000045,0.8941086846114779,0.6196990424076607
1888,8_SM_001889,F,160.5,62.0,35.6,92.9,80.0,96.8,31.330000000000002,37.42,45.6,66.8,8.539999999999987,0.8372528059861037,0.6826347305389222
4189,8_SM_004190,M,174.3,68.8,41.28,94.3,85.6,93.4,32.89,41.97,44.2,73.4,8.0,0.7836549916607101,0.6021798365122616
3324,8_SM_003325,M,176.1,94.9,41.75,108.0,103.3,104.7,30.169999999999998,41.68,49.7,72.2,5.3,0.7238483685220729,0.6883656509695291
1766,8_SM_001767,F,153.9,73.9,34.489999999999995,106.8,95.5,106.3,27.690000000000005,34.879999999999995,41.5,63.7,7.05,0.7938646788990829,0.65149136577708
1553,8_SM_001554,F,157.8,55.3,35.2,87.4,76.7,90.2,27.45,36.239999999999995,45.1,63.7,5.559999999999991,0.7574503311258279,0.7080062794348508
2547,8_SM_002548,M,180.8,54.5,39.739999999999995,80.6,68.2,87.5,36.37,41.95,49.9,77.2,9.829999999999995,0.8669845053635279,0.6463730569948186
1259,8_SM_001260,F,162.0,75.1,36.03,104.2,91.6,99.9,30.1,37.589999999999996,44.2,69.3,3.9600000000000137,0.8007448789571696,0.6378066378066378
3400,8_SM_003401,M,166.0,73.8,41.910000000000004,100.8,90.5,101.1,31.05,38.22,42.8,67.3,8.670000000000005,0.8124018838304553,0.6359583952451708
588,8_SM_000589,F,158.1,44.5,32.17,74.9,71.6,84.1,31.759999999999998,34.870000000000005,42.4,65.4,7.830000000000018,0.9108115858904501,0.6483180428134556
4175,8_SM_004176,M,160.0,61.2,37.07,89.3,86.6,90.4,25.52,34.339999999999996,44.9,59.8,7.829999999999996,0.7431566686080373,0.7508361204013378
2029,8_SM_002030,F,167.8,59.9,38.28,88.5,76.0,93.3,33.14,40.41,46.2,72.5,6.6299999999999955,0.8200940361296709,0.6372413793103449
2711,8_SM_002712,M,167.0,60.9,38.61,87.2,76.9,94.8,33.010000000000005,39.79,43.2,71.7,8.6,0.8296054284996232,0.602510460251046
950,8_SM_000951,F,154.8,48.6,34.63,79.4,65.1,86.3,30.7,33.8,45.5,62.4,5.479999999999995,0.9082840236686391,0.7291666666666666
1094,8_SM_001095,F,157.2,50.2,36.64,79.4,71.5,88.2,29.330000000000002,34.0,43.3,62.5,6.8700000000000045,0.8626470588235294,0.6928
189,8_SM_000190,F,165.8,55.3,34.160000000000004,82.4,74.0,89.6,33.75,35.8,44.2,68.6,7.810000000000014,0.9427374301675978,0.6443148688046648
3424,8_SM_003425,M,178.6,57.3,41.61,85.9,65.5,84.5,30.679999999999996,42.63,48.1,74.0,8.730000000000018,0.7196809758386111,0.65
951,8_SM_000952,F,159.6,59.2,35.86,88.3,75.6,92.0,29.95,35.58,44.4,64.5,6.8,0.8417650365373806,0.6883720930232557
2868,8_SM_002869,M,167.2,57.8,37.17,85.3,73.9,89.5,29.74,39.67999999999999,43.2,69.9,8.95999999999999,0.7494959677419356,0.6180257510729613
4063,8_SM_004064,M,169.2,84.3,40.21,104.0,96.2,106.2,31.49,38.33,46.6,69.2,5.529999999999996,0.8215496999739108,0.6734104046242775
3862,8_SM_003863,M,179.5,79.1,37.269999999999996,99.7,87.0,100.0,33.04,43.35000000000001,48.3,76.2,6.75,0.7621683967704728,0.6338582677165354
4448,8_SM_004449,M,170.8,89.8,38.489999999999995,105.0,105.9,102.1,26.269999999999992,39.83,49.6,68.3,4.7,0.6595531006778809,0.726207906295754
2191,8_SM_002192,F,148.6,54.1,33.31,100.3,90.0,86.1,23.4,32.279999999999994,40.7,56.4,3.9100000000000135,0.7249070631970261,0.7216312056737589
3296,8_SM_003297,M,184.1,89.6,40.17,108.5,87.6,101.3,35.19,44.19,48.6,78.6,8.470000000000004,0.7963340122199593,0.6183206106870229
1780,8_SM_001781,F,164.4,55.4,35.9,82.2,72.7,94.6,33.260000000000005,37.35,41.8,68.8,9.85999999999999,0.8904953145917003,0.6075581395348837
4267,8_SM_004268,M,172.8,64.0,39.730000000000004,90.1,81.7,91.3,31.709999999999997,38.980000000000004,47.8,70.9,9.1,0.8134940995382246,0.6741889985895627
2389,8_SM_002390,F,155.7,70.6,36.589999999999996,104.5,89.0,102.7,27.390000000000004,36.16,45.0,63.1,5.270000000000005,0.7574668141592922,0.7131537242472266
228,8_SM_000229,F,155.3,60.1,33.21,91.9,75.0,98.4,31.01,32.99,40.6,65.1,4.069999999999982,0.9399818126705062,0.6236559139784947
2694,8_SM_002695,M,166.9,68.5,37.660000000000004,94.9,81.8,96.3,33.67999999999999,37.839999999999996,42.8,74.3,8.430000000000017,0.8900634249471457,0.576043068640646
540,8_SM_000541,F,157.4,48.0,30.53,77.7,62.0,89.8,31.410000000000004,35.39,42.7,65.9,6.479999999999995,0.8875388527832722,0.6479514415781487
4328,8_SM_004329,M,178.6,74.5,41.6,96.9,90.9,98.9,33.739999999999995,40.88,47.0,74.9,8.579999999999995,0.8253424657534245,0.6275033377837116
4019,8_SM_004020,M,168.0,70.1,38.6,94.3,87.4,92.1,28.820000000000004,35.61,48.1,64.3,8.04000000000001,0.8093232238135356,0.7480559875583205
1419,8_SM_001420,F,159.8,47.3,34.95,78.5,67.9,87.0,32.0,36.08,41.1,67.3,7.95,0.8869179600886918,0.6106983655274889
2532,8_SM_002533,M,171.5,66.7,37.58,90.1,80.8,94.9,32.89,39.86,46.0,72.4,7.9100000000000135,0.8251379829402911,0.6353591160220994
3492,8_SM_003493,M,176.9,95.4,39.64,104.8,99.1,109.9,27.610000000000003,40.97,48.3,70.3,6.420000000000004,0.6739077373688065,0.6870554765291608
707,8_SM_000708,F,166.1,58.9,32.79,80.4,72.5,94.4,33.83,36.010000000000005,48.3,67.9,7.440000000000009,0.9394612607608995,0.7113402061855669
1138,8_SM_001139,F,164.9,57.8,37.33,86.6,71.5,95.6,33.1,36.79,43.2,69.0,7.510000000000014,0.8997010057080729,0.6260869565217392
3534,8_SM_003535,M,169.4,75.3,40.54,99.0,83.9,98.0,27.51,42.010000000000005,42.1,68.3,5.820000000000005,0.6548440847417282,0.616398243045388
4196,8_SM_004197,M,167.3,72.1,41.39,94.6,89.5,98.5,30.079999999999995,36.33,45.1,65.5,8.809999999999992,0.8279658684282961,0.6885496183206107
2916,8_SM_002917,M,173.8,75.2,39.81,98.5,86.6,99.9,33.85,39.88,44.1,74.4,6.6200000000000045,0.8487963891675024,0.592741935483871
2376,8_SM_002377,F,164.6,63.7,34.9,86.3,80.0,101.0,29.129999999999995,37.870000000000005,46.9,66.8,8.860000000000014,0.7692104568259834,0.7020958083832335
1773,8_SM_001774,F,157.4,63.8,33.589999999999996,93.6,81.5,100.0,28.8,35.85,44.0,63.6,5.329999999999996,0.803347280334728,0.6918238993710691
1793,8_SM_001794,F,161.8,52.1,34.96,78.8,69.2,93.5,30.349999999999994,37.43,41.7,67.5,7.9100000000000135,0.8108469142399144,0.6177777777777779
592,8_SM_000593,F,166.0,71.9,35.05,92.7,90.1,101.0,32.42,36.05,45.0,68.6,6.320000000000005,0.8993065187239946,0.6559766763848397
2567,8_SM_002568,M,170.1,62.0,39.37,91.1,72.8,91.8,33.120000000000005,38.1,47.2,69.3,8.339999999999986,0.8692913385826773,0.6810966810966812
1415,8_SM_001416,F,156.6,54.3,33.75,80.5,73.1,95.3,30.389999999999997,34.3,42.6,63.3,7.169999999999982,0.88600583090379,0.6729857819905214
3614,8_SM_003615,M,178.4,83.9,41.57,97.7,87.1,100.9,30.639999999999997,41.5,44.6,74.1,7.529999999999996,0.7383132530120481,0.601889338731444
2563,8_SM_002564,M,179.6,79.1,39.94,94.4,83.1,99.8,31.24,43.16,48.5,73.7,9.10999999999999,0.7238183503243745,0.6580732700135685
2327,8_SM_002328,F,158.2,51.6,34.489999999999995,87.5,79.8,91.2,31.089999999999996,39.72,36.7,69.5,5.689999999999986,0.7827291037260825,0.5280575539568346
1051,8_SM_001052,F,158.1,54.9,35.489999999999995,87.5,71.9,93.2,31.090000000000003,36.81,41.8,65.5,6.459999999999991,0.8446074436294485,0.6381679389312976
210,8_SM_000211,F,164.1,57.6,33.12,86.8,82.3,93.1,32.589999999999996,36.910000000000004,45.9,68.1,6.520000000000005,0.8829585478190191,0.6740088105726872
2473,8_SM_002474,F,158.0,47.9,35.71,84.4,72.0,84.7,27.889999999999997,34.9,45.6,63.1,6.540000000000009,0.7991404011461317,0.722662440570523
571,8_SM_000572,F,158.5,49.2,33.6,77.9,64.6,87.4,31.410000000000004,37.07,39.9,67.2,4.9,0.8473158888589156,0.59375
316,8_SM_000317,F,159.8,63.4,34.38,88.0,77.0,99.5,30.820000000000004,33.96,43.7,64.9,6.790000000000009,0.9075382803297999,0.6733436055469953
607,8_SM_000608,F,152.0,52.4,33.67,80.9,71.8,94.7,30.26,34.2,40.6,61.4,6.680000000000018,0.8847953216374269,0.6612377850162867
235,8_SM_000236,F,163.5,57.7,35.86,90.7,77.8,91.8,33.589999999999996,36.24,43.3,67.3,7.429999999999995,0.926876379690949,0.6433878157503714
1982,8_SM_001983,F,159.0,56.5,35.95,89.2,80.1,95.3,33.56,34.9,41.0,66.9,7.030000000000018,0.9616045845272208,0.6128550074738415
941,8_SM_000942,F,164.5,82.0,40.3,115.0,99.9,105.9,26.479999999999997,40.21,43.3,67.8,4.829999999999996,0.6585426510818203,0.6386430678466076
4025,8_SM_004026,M,177.5,68.1,37.489999999999995,89.5,78.5,94.5,34.57,41.660000000000004,50.1,75.6,8.679999999999996,0.8298127700432069,0.6626984126984128
4040,8_SM_004041,M,171.9,80.5,40.44,107.7,98.6,97.7,29.979999999999997,38.18,48.5,70.1,7.520000000000005,0.7852278679937139,0.6918687589158345
1050,8_SM_001051,F,163.8,61.2,37.61,87.8,80.9,96.3,30.51,37.839999999999996,45.2,67.0,6.65,0.8062896405919663,0.6746268656716419
111,8_SM_000112,F,155.8,54.5,33.65,83.6,71.0,94.5,31.440000000000005,33.0,44.0,62.0,5.559999999999991,0.9527272727272729,0.7096774193548387
2915,8_SM_002916,M,171.5,80.2,40.0,96.9,95.5,100.5,31.819999999999993,37.75,44.1,71.1,8.340000000000009,0.842913907284768,0.6202531645569621
1103,8_SM_001104,F,157.7,48.6,33.910000000000004,77.4,65.2,88.5,30.069999999999993,35.06,43.3,62.6,7.85,0.8576725613234453,0.6916932907348242
4282,8_SM_004283,M,163.3,63.1,40.13,96.0,88.7,92.5,27.55,35.65,44.0,63.3,7.829999999999996,0.7727910238429173,0.6951026856240127
1769,8_SM_001770,F,169.8,85.9,38.08,102.0,93.5,112.7,30.439999999999998,37.8,48.2,68.0,7.070000000000005,0.8052910052910053,0.7088235294117647
232,8_SM_000233,F,156.3,42.8,34.1,75.2,64.0,85.1,31.51,34.86,41.6,65.3,6.0,0.9039013195639702,0.6370597243491578
3475,8_SM_003476,M,182.9,76.8,39.62,94.9,83.2,96.0,33.44,41.33,53.5,73.8,8.680000000000017,0.8090975078635374,0.7249322493224932
2204,8_SM_002205,F,153.0,58.1,34.28,94.0,84.6,92.1,26.649999999999995,35.720000000000006,39.6,61.2,5.730000000000018,0.7460806270996638,0.6470588235294118
1047,8_SM_001048,F,166.8,58.0,37.7,85.4,73.8,94.0,31.4,37.53,45.2,67.3,6.740000000000009,0.836664002131628,0.6716196136701338
477,8_SM_000478,F,150.7,54.9,32.28,93.2,75.9,93.8,30.27,32.85,39.8,61.4,4.909999999999991,0.9214611872146118,0.6482084690553745
1529,8_SM_001530,F,162.3,61.8,35.57,92.8,80.4,96.4,29.410000000000004,36.65,43.2,65.8,6.990000000000009,0.8024556616643931,0.6565349544072949
2847,8_SM_002848,M,177.9,88.8,39.78,106.9,96.8,103.3,36.11,41.11,45.2,77.5,8.370000000000005,0.8783750912186816,0.5832258064516129
2611,8_SM_002612,M,174.5,65.0,41.05,87.0,77.7,94.5,32.74,39.89,44.8,72.1,11.170000000000005,0.8207570819754325,0.6213592233009709
2728,8_SM_002729,M,183.6,80.9,39.510000000000005,98.8,82.8,98.8,33.470000000000006,44.32,46.6,77.5,7.7,0.7551895306859208,0.6012903225806452
2793,8_SM_002794,M,164.1,58.9,38.5,92.0,77.9,90.3,30.089999999999996,39.25,42.4,67.8,7.990000000000009,0.766624203821656,0.6253687315634219
1521,8_SM_001522,F,158.7,68.4,35.519999999999996,97.9,84.8,102.0,31.029999999999994,34.660000000000004,43.1,65.1,7.65,0.8952683208309288,0.6620583717357912
1141,8_SM_001142,F,172.1,56.4,37.21,82.0,68.4,96.0,35.010000000000005,39.75,49.6,71.8,9.360000000000014,0.8807547169811322,0.6908077994428969
3835,8_SM_003836,M,174.5,75.9,39.339999999999996,96.7,90.5,98.4,31.45,40.67,46.9,72.6,7.779999999999996,0.773297270715515,0.6460055096418733
2486,8_SM_002487,F,156.0,53.2,35.489999999999995,82.0,75.2,92.9,29.15,35.709999999999994,42.0,64.1,6.6400000000000095,0.8162979557546907,0.655226209048362
2072,8_SM_002073,F,154.0,57.1,34.989999999999995,89.8,78.3,93.0,28.020000000000003,35.54,43.2,62.1,5.520000000000005,0.7884074282498594,0.6956521739130435
4517,8_SM_004518,M,160.0,66.9,37.72,103.5,86.4,92.9,28.340000000000003,38.06,42.1,65.5,4.720000000000004,0.7446137677351551,0.6427480916030535
2451,8_SM_002452,F,165.0,55.0,34.78,85.5,75.2,93.0,32.4,38.12,44.8,70.0,9.079999999999995,0.8499475341028332,0.64
2721,8_SM_002722,M,177.5,79.5,39.339999999999996,97.6,91.7,102.4,32.24,41.9,47.2,72.4,8.259999999999991,0.7694510739856802,0.6519337016574586
4419,8_SM_004420,M,166.6,65.7,37.46,91.5,91.4,90.0,26.930000000000007,35.709999999999994,48.4,63.5,6.720000000000004,0.7541304956594794,0.7622047244094488
4066,8_SM_004067,M,166.0,55.0,38.87,87.3,74.7,89.5,31.339999999999996,37.58,43.1,68.5,7.830000000000018,0.8339542309739222,0.6291970802919709
364,8_SM_000365,F,154.5,57.6,31.630000000000003,89.2,80.1,95.9,31.04,34.03,43.5,64.7,5.679999999999995,0.9121363502791654,0.6723338485316847
135,8_SM_000136,F,160.9,44.5,35.089999999999996,75.0,65.9,88.5,32.52,36.5,43.4,65.6,4.270000000000005,0.8909589041095891,0.6615853658536586
1148,8_SM_001149,F,166.0,71.1,39.39,102.9,84.2,102.5,34.480000000000004,38.39,45.4,70.3,6.520000000000005,0.8981505600416776,0.6458036984352774
3625,8_SM_003626,M,171.2,67.5,39.92,89.9,77.9,95.0,27.54,41.75,46.6,70.9,6.179999999999995,0.6596407185628742,0.6572637517630465
1165,8_SM_001166,F,172.5,71.0,36.410000000000004,96.8,81.9,97.1,34.37,39.4,49.4,72.2,7.470000000000004,0.8723350253807106,0.6842105263157894
3231,8_SM_003232,M,178.7,79.4,36.769999999999996,96.7,86.6,99.0,35.45,42.059999999999995,48.3,76.4,7.290000000000009,0.8428435568235855,0.632198952879581
2719,8_SM_002720,M,162.0,62.6,38.019999999999996,90.3,78.9,93.5,30.139999999999997,36.58,43.2,65.3,7.509999999999991,0.8239475123018042,0.66156202143951
3055,8_SM_003056,M,172.7,66.5,39.72,91.8,79.0,95.9,31.690000000000005,39.45,46.9,70.4,5.959999999999991,0.8032953105196452,0.6661931818181818
1845,8_SM_001846,F,158.4,52.7,36.43,84.7,74.8,91.3,30.29,35.32000000000001,46.1,64.1,7.970000000000004,0.8575877689694222,0.7191887675507022
1067,8_SM_001068,F,164.8,64.0,35.35,84.5,75.6,99.7,32.16,39.06,44.1,68.1,7.510000000000014,0.8233486943164361,0.6475770925110133
4146,8_SM_004147,M,175.9,77.8,42.06,100.4,98.5,97.7,32.260000000000005,42.470000000000006,48.1,73.5,6.659999999999991,0.7595950082411114,0.654421768707483
22,8_SM_000023,F,161.6,45.1,36.15,75.0,67.5,88.0,32.56,38.34,42.2,69.0,6.279999999999996,0.8492436098069901,0.6115942028985508
4187,8_SM_004188,M,182.7,73.7,40.36,93.3,85.2,96.8,36.09,42.65,49.6,77.3,8.280000000000019,0.8461899179366942,0.6416558861578266
1668,8_SM_001669,F,154.2,62.0,35.5,97.3,77.9,96.9,28.8,35.25,40.5,63.7,5.940000000000009,0.8170212765957447,0.6357927786499215
2649,8_SM_002650,M,183.1,86.0,39.989999999999995,102.3,82.2,101.5,33.23,41.7,50.3,73.5,9.5,0.796882494004796,0.6843537414965986
2613,8_SM_002614,M,173.1,74.1,40.05,95.5,85.2,98.2,31.839999999999996,41.05,45.0,72.7,8.520000000000005,0.7756394640682095,0.6189821182943603
704,8_SM_000705,F,159.6,53.6,34.339999999999996,80.0,70.2,91.6,30.400000000000006,35.43,43.9,64.8,6.829999999999996,0.858029918148462,0.6774691358024691
2282,8_SM_002283,F,163.0,54.9,36.71,87.3,74.7,92.5,31.890000000000004,36.44,45.3,67.8,7.209999999999991,0.8751372118551044,0.668141592920354
3923,8_SM_003924,M,175.1,92.7,38.32,107.0,100.2,106.0,32.160000000000004,41.190000000000005,48.1,72.2,6.459999999999991,0.7807720320466133,0.6662049861495845
424,8_SM_000425,F,156.5,51.8,32.45,82.5,75.5,91.6,30.2,35.63,42.1,64.9,5.35,0.8476003367948357,0.6486902927580893
4004,8_SM_004005,M,167.0,64.8,38.6,93.1,85.2,94.6,31.340000000000003,35.29,46.1,66.0,6.8700000000000045,0.8880702748654011,0.6984848484848485
2785,8_SM_002786,M,174.6,85.1,38.89,100.6,93.9,106.8,32.150000000000006,42.339999999999996,46.4,74.1,8.110000000000014,0.7593292394898443,0.6261808367071525
465,8_SM_000466,F,161.9,56.9,34.47,80.8,76.5,93.2,33.25000000000001,35.55,47.2,68.1,6.420000000000004,0.9353023909985938,0.6930983847283407
1081,8_SM_001082,F,163.5,47.6,35.11,74.0,64.0,89.2,32.589999999999996,37.75,46.1,68.3,6.6400000000000095,0.8633112582781456,0.6749633967789166
87,8_SM_000088,F,164.8,79.7,35.160000000000004,103.6,87.2,105.0,30.270000000000003,36.85,47.2,66.1,4.0,0.821438263229308,0.714069591527988
3889,8_SM_003890,M,168.2,69.1,40.36,89.7,87.4,96.4,27.389999999999997,40.290000000000006,44.3,67.3,7.520000000000005,0.6798212956068501,0.6582466567607727
2991,8_SM_002992,M,169.5,66.0,38.32,92.8,81.3,94.8,29.390000000000004,39.5,48.2,68.7,7.760000000000014,0.7440506329113925,0.7016011644832606
3650,8_SM_003651,M,170.0,73.9,39.17,100.2,76.4,95.6,33.040000000000006,39.4,45.0,71.8,8.529999999999996,0.8385786802030458,0.6267409470752089
2273,8_SM_002274,F,170.5,60.9,36.21,84.6,74.8,94.6,31.639999999999997,39.12,51.2,69.3,6.6200000000000045,0.8087934560327198,0.7388167388167389
285,8_SM_000286,F,159.9,55.1,37.0,87.2,75.5,91.8,31.370000000000005,36.57,45.4,67.0,5.75,0.857806945583812,0.6776119402985075
3406,8_SM_003407,M,166.4,72.6,39.89,94.0,87.4,99.4,30.079999999999995,38.61,39.3,69.8,5.1400000000000095,0.7790727790727789,0.5630372492836676
467,8_SM_000468,F,155.9,52.5,30.660000000000004,83.4,73.7,90.5,31.490000000000002,35.01,43.0,66.1,5.45,0.8994572979148816,0.6505295007564297
214,8_SM_000215,F,162.3,80.3,34.13,105.2,99.9,109.3,30.29,36.370000000000005,46.3,66.4,5.679999999999995,0.8328292548803958,0.6972891566265059
545,8_SM_000546,F,161.8,50.1,34.05,77.7,68.5,97.1,33.739999999999995,37.11,41.9,69.8,7.6400000000000095,0.9091888978711936,0.6002865329512894
2043,8_SM_002044,F,145.2,52.5,34.010000000000005,98.3,84.4,89.4,25.769999999999992,32.290000000000006,39.2,57.5,5.779999999999996,0.7980799008981104,0.6817391304347826
3730,8_SM_003731,M,183.5,80.6,42.46,101.2,88.0,97.7,39.56,44.54,42.3,82.8,7.759999999999991,0.8881903906600809,0.5108695652173912
3871,8_SM_003872,M,176.1,81.8,43.12,97.4,84.5,102.0,30.610000000000003,41.279999999999994,46.7,71.1,7.040000000000009,0.7415213178294575,0.6568213783403658
1835,8_SM_001836,F,155.8,56.9,34.0,92.2,85.1,95.1,30.47,34.64,41.9,64.2,6.429999999999995,0.8796189376443417,0.6526479750778815
869,8_SM_000870,F,162.9,50.3,36.37,82.1,67.6,90.0,35.989999999999995,37.86,43.1,71.8,5.710000000000013,0.950607501320655,0.6002785515320335
538,8_SM_000539,F,167.8,82.4,37.589999999999996,111.0,101.4,112.8,32.0,38.29,44.2,69.6,7.8,0.835727343954035,0.635057471264368
1383,8_SM_001384,F,162.8,55.8,35.510000000000005,88.8,75.9,92.6,31.03000000000001,37.87,43.9,67.9,7.539999999999987,0.8193820966464223,0.6465390279823269
4173,8_SM_004174,M,167.7,66.0,42.93,93.5,82.4,92.0,32.24999999999999,37.96,46.2,69.3,6.6099999999999905,0.8495785036880925,0.6666666666666667
3072,8_SM_003073,M,176.7,65.8,39.85,90.9,82.5,95.5,36.550000000000004,44.485,39.2,80.7,7.240000000000009,0.8216252669439138,0.4857496902106568
603,8_SM_000604,F,160.5,55.9,32.12,86.7,70.5,91.5,29.650000000000006,36.87,44.6,64.5,6.340000000000009,0.8041768375372934,0.6914728682170543
4451,8_SM_004452,M,172.6,81.0,39.05,101.3,96.5,97.0,29.270000000000003,38.239999999999995,49.6,69.5,4.6200000000000045,0.7654288702928872,0.7136690647482015
3963,8_SM_003964,M,173.6,73.6,40.339999999999996,91.8,82.2,97.3,34.54,42.7,45.1,75.2,9.809999999999992,0.8088992974238876,0.5997340425531915
3281,8_SM_003282,M,166.4,70.8,38.739999999999995,90.8,82.1,97.3,27.730000000000008,40.1,44.7,69.1,6.85,0.6915211970074815,0.6468885672937772
4489,8_SM_004490,M,168.1,75.0,40.8,97.7,93.9,97.0,30.929999999999996,41.34,42.6,71.2,3.959999999999991,0.7481857764876632,0.598314606741573
669,8_SM_000670,F,162.3,49.3,31.95,75.8,68.6,90.3,32.199999999999996,36.8,43.5,68.6,7.189999999999986,0.875,0.6341107871720117
4511,8_SM_004512,M,163.1,54.0,36.019999999999996,85.9,79.9,85.9,29.02,36.69,46.8,65.0,8.1,0.7909512128645407,0.72
3147,8_SM_003148,M,174.3,74.7,40.089999999999996,94.4,85.8,97.5,32.03000000000001,39.51,47.0,72.0,7.670000000000004,0.8106808402935968,0.6527777777777778
3285,8_SM_003286,M,183.7,94.2,39.36,107.0,96.0,103.9,32.56,42.86,49.6,76.3,7.459999999999991,0.759682687820812,0.6500655307994758
4293,8_SM_004294,M,172.3,69.7,38.54,96.8,84.5,94.0,28.400000000000006,40.14,46.6,68.4,7.759999999999991,0.7075236671649229,0.6812865497076023
2599,8_SM_002600,M,168.2,84.3,39.760000000000005,105.8,98.2,105.1,23.200000000000006,40.239999999999995,45.5,67.5,6.35,0.5765407554671971,0.674074074074074
2749,8_SM_002750,M,181.2,69.4,42.67,87.8,80.4,94.9,35.260000000000005,41.790000000000006,46.8,74.4,10.95999999999999,0.843742522134482,0.629032258064516
667,8_SM_000668,F,167.4,51.1,32.79,77.3,67.3,86.2,32.54,36.57,45.0,67.5,6.210000000000013,0.8898003828274542,0.6666666666666666
4490,8_SM_004491,M,162.4,65.3,35.58,91.6,85.9,92.9,28.72,36.370000000000005,43.3,64.9,7.020000000000005,0.7896618091833928,0.6671802773497688
1435,8_SM_001436,F,154.3,82.1,35.910000000000004,109.9,96.8,112.0,31.380000000000006,34.3,41.7,65.2,5.490000000000009,0.9148688046647233,0.6395705521472392
3462,8_SM_003463,M,177.0,86.4,40.82,105.7,94.3,100.5,29.640000000000004,41.58,48.0,71.3,7.559999999999991,0.7128427128427129,0.6732117812061711
1568,8_SM_001569,F,164.5,58.1,34.9,81.6,72.4,94.0,31.450000000000006,36.9,46.7,68.5,7.269999999999982,0.8523035230352306,0.6817518248175183
952,8_SM_000953,F,161.3,53.5,36.35,84.5,70.8,91.5,32.089999999999996,34.87,46.6,64.7,6.8800000000000185,0.9202753082879266,0.7202472952086553
2794,8_SM_002795,M,181.5,83.1,42.6,106.2,88.1,105.3,34.05,41.410000000000004,47.5,76.0,10.490000000000009,0.8222651533446026,0.625
789,8_SM_000790,F,154.6,46.7,31.119999999999997,81.7,66.3,86.6,31.119999999999994,35.02,41.6,64.7,5.560000000000014,0.8886350656767559,0.642967542503864
2119,8_SM_002120,F,152.7,58.9,35.260000000000005,92.2,83.9,94.1,28.340000000000003,34.970000000000006,42.8,62.3,5.95,0.8104089219330854,0.6869983948635634
2748,8_SM_002749,M,175.0,65.8,39.519999999999996,90.7,72.3,91.7,33.32,43.160000000000004,47.7,74.4,8.020000000000005,0.7720111214087118,0.6411290322580645
4006,8_SM_004007,M,169.2,74.2,37.79,99.8,98.1,95.5,31.290000000000003,39.37,46.3,71.3,5.540000000000009,0.7947675895351792,0.6493688639551192
3777,8_SM_003778,M,175.5,61.3,41.089999999999996,87.8,75.1,89.5,33.08,40.63,46.6,74.0,6.820000000000005,0.8141767167117893,0.6297297297297297
2678,8_SM_002679,M,177.5,74.9,39.47,96.7,87.0,97.4,33.839999999999996,44.17999999999999,45.6,76.4,8.129999999999995,0.7659574468085106,0.5968586387434555
121,8_SM_000122,F,148.2,55.2,32.71,90.0,78.3,96.3,29.72,32.18,41.5,61.4,4.090000000000009,0.9235550031075201,0.6758957654723127
2116,8_SM_002117,F,161.6,90.3,39.35,119.5,114.0,114.3,29.85,36.69,47.5,65.6,5.929999999999995,0.813573180703189,0.7240853658536586
897,8_SM_000898,F,170.2,58.0,37.510000000000005,82.9,70.4,94.4,35.339999999999996,39.239999999999995,45.3,73.2,7.4,0.900611620795107,0.6188524590163934
3557,8_SM_003558,M,168.6,90.3,39.339999999999996,106.3,100.2,108.0,30.070000000000004,41.769999999999996,47.3,70.2,6.45,0.7198946612401247,0.6737891737891737
694,8_SM_000695,F,157.5,46.5,31.43,77.2,64.7,87.0,32.010000000000005,36.769999999999996,42.5,67.1,6.720000000000004,0.8705466412836554,0.6333830104321908
3344,8_SM_003345,M,181.8,82.3,41.29,100.8,85.7,100.4,34.8,42.690000000000005,48.6,74.0,8.85,0.8151791988756147,0.6567567567567568
2897,8_SM_002898,M,184.0,86.6,40.339999999999996,99.0,82.5,100.3,35.400000000000006,39.75,50.4,73.9,9.15,0.8905660377358492,0.6820027063599458
2702,8_SM_002703,M,171.0,77.6,42.06,98.2,81.6,101.1,36.010000000000005,40.63,43.0,74.2,6.490000000000009,0.8862909180408566,0.5795148247978437
2579,8_SM_002580,M,171.6,74.2,38.42,94.6,88.0,101.5,31.310000000000002,38.15,44.1,69.1,5.6199999999999815,0.8207077326343383,0.6382054992764111
417,8_SM_000418,F,153.4,50.9,31.29,86.4,77.3,88.1,31.349999999999994,33.339999999999996,40.8,63.4,6.5,0.9403119376124774,0.6435331230283912
799,8_SM_000800,F,158.7,43.5,33.44,72.6,64.4,86.0,30.07,36.74,44.8,65.6,6.179999999999995,0.8184540010887316,0.6829268292682927
4149,8_SM_004150,M,173.4,78.0,40.61,101.9,94.5,98.5,33.05,36.82000000000001,47.4,69.4,8.75,0.8976099945681693,0.6829971181556195
2718,8_SM_002719,M,169.5,57.9,37.94,87.2,71.1,90.2,33.85,41.1,44.4,72.0,7.729999999999995,0.8236009732360098,0.6166666666666667
3630,8_SM_003631,M,172.5,82.0,44.1,103.2,91.4,102.8,29.570000000000004,42.339999999999996,44.4,71.6,7.979999999999995,0.6983939537080777,0.6201117318435755
2179,8_SM_002180,F,158.5,61.1,37.089999999999996,93.1,85.9,90.8,29.04,37.970000000000006,40.3,66.5,6.690000000000009,0.7648143271003423,0.6060150375939849
1865,8_SM_001866,F,157.0,68.0,34.769999999999996,102.9,91.9,98.4,32.080000000000005,35.42,45.1,67.1,7.7,0.9057029926595145,0.6721311475409837
3833,8_SM_003834,M,175.9,105.9,40.97,110.0,103.1,119.6,26.48,41.07000000000001,50.4,69.7,4.8900000000000095,0.6447528609690771,0.7230989956958392
1703,8_SM_001704,F,167.0,48.2,35.519999999999996,78.7,66.4,88.0,32.769999999999996,38.54,45.6,70.4,5.960000000000013,0.8502854177477944,0.6477272727272727
2007,8_SM_002008,F,158.5,57.7,37.2,90.0,85.6,92.9,30.519999999999992,34.25,45.4,64.5,6.179999999999995,0.8910948905109487,0.703875968992248
2114,8_SM_002115,F,161.6,61.1,36.010000000000005,88.8,79.5,95.1,31.07,35.519999999999996,44.3,66.3,5.039999999999987,0.8747184684684686,0.6681749622926093
1440,8_SM_001441,F,164.4,65.1,37.489999999999995,94.7,77.0,100.6,31.54,36.84,43.5,68.8,8.329999999999995,0.8561346362649294,0.6322674418604651
3264,8_SM_003265,M,178.8,75.2,40.19,97.2,77.4,95.8,33.330000000000005,43.35,45.8,77.0,8.360000000000014,0.7688581314878894,0.5948051948051948
275,8_SM_000276,F,158.7,49.4,33.589999999999996,84.2,73.7,88.7,31.569999999999993,33.3,45.1,63.4,7.580000000000018,0.9480480480480479,0.7113564668769716
792,8_SM_000793,F,164.4,59.6,34.5,83.7,79.4,101.7,30.68,36.760000000000005,43.5,66.8,6.8599999999999905,0.8346028291621326,0.6511976047904192
526,8_SM_000527,F,156.4,51.9,30.189999999999998,85.3,76.7,87.7,33.76,36.9,36.8,67.3,5.079999999999996,0.9149051490514905,0.5468053491827637
527,8_SM_000528,F,159.1,60.0,32.38,86.5,73.0,95.5,32.18000000000001,34.58,45.3,63.4,5.360000000000014,0.9305957200694045,0.7145110410094637
3711,8_SM_003712,M,169.4,62.2,39.65,91.6,78.2,90.9,33.19,40.75,38.6,72.6,8.720000000000004,0.814478527607362,0.5316804407713499
2455,8_SM_002456,F,153.8,65.2,36.18,101.6,91.7,100.0,27.559999999999995,34.6,42.6,61.4,5.490000000000009,0.7965317919075143,0.6938110749185669
3578,8_SM_003579,M,169.3,46.1,39.4,80.7,63.8,81.7,29.920000000000005,38.14,46.2,66.7,10.520000000000005,0.7844782380702675,0.6926536731634183
3222,8_SM_003223,M,180.8,76.7,39.57,96.5,77.9,96.7,35.910000000000004,42.95,48.1,78.0,8.710000000000013,0.8360884749708964,0.6166666666666667
3749,8_SM_003750,M,179.2,66.4,40.22,89.7,78.0,91.5,35.230000000000004,42.879999999999995,45.0,77.0,9.759999999999991,0.8215951492537316,0.5844155844155844
353,8_SM_000354,F,162.6,56.6,34.19,87.5,71.5,94.0,30.649999999999995,34.24,47.3,63.6,6.05,0.8951518691588783,0.7437106918238993
3708,8_SM_003709,M,170.2,69.8,40.489999999999995,101.0,79.7,98.4,28.060000000000002,38.4,46.7,67.7,8.639999999999986,0.7307291666666668,0.6898079763663221
3962,8_SM_003963,M,177.8,88.6,40.160000000000004,104.0,97.8,104.9,33.160000000000004,40.65,47.5,73.1,9.0,0.8157441574415746,0.6497948016415869
3891,8_SM_003892,M,170.9,65.1,36.7,96.5,71.8,91.8,32.98,41.03,45.4,72.4,7.020000000000005,0.803802096027297,0.6270718232044198
3882,8_SM_003883,M,179.6,78.9,38.089999999999996,93.3,79.0,102.9,32.44,39.78,52.2,71.9,8.590000000000009,0.8154851684263448,0.7260083449235049
2300,8_SM_002301,F,151.0,50.8,35.96,94.2,85.1,89.9,28.9,34.9,40.9,62.3,7.6200000000000045,0.828080229226361,0.6565008025682183
1526,8_SM_001527,F,164.4,52.8,35.06,81.0,67.4,89.8,30.690000000000005,37.190000000000005,45.3,68.1,7.310000000000014,0.8252218338262974,0.6651982378854626
1897,8_SM_001898,F,154.8,64.0,37.04,98.3,91.5,96.7,31.420000000000005,34.28,43.1,64.7,6.090000000000009,0.9165694282380398,0.6661514683153014
658,8_SM_000659,F,160.8,49.8,32.230000000000004,81.0,65.5,86.2,31.690000000000005,37.12,43.5,67.5,4.829999999999996,0.8537176724137933,0.6444444444444445
3960,8_SM_003961,M,175.1,76.3,38.78,96.8,81.5,99.5,31.810000000000002,42.559999999999995,44.2,74.1,6.969999999999982,0.7474154135338347,0.5964912280701755
2159,8_SM_002160,F,156.5,51.9,33.78,82.1,75.4,89.1,30.24,36.92,40.7,66.1,6.509999999999991,0.8190682556879739,0.6157337367624812
2510,8_SM_002511,F,164.0,55.0,33.980000000000004,82.3,68.0,93.4,33.290000000000006,35.58,44.0,67.3,6.159999999999991,0.9356379988757731,0.6537890044576523
372,8_SM_000373,F,160.4,57.9,33.11,82.5,71.2,99.7,31.250000000000007,34.5,45.3,65.1,6.439999999999986,0.9057971014492756,0.695852534562212
4385,8_SM_004386,M,174.0,85.2,40.88,107.5,93.8,103.7,28.959999999999997,38.029999999999994,52.2,67.9,8.20999999999999,0.7615040757296871,0.7687776141384388
4200,8_SM_004201,M,176.5,69.0,38.980000000000004,94.8,82.6,93.3,35.57000000000001,39.37,46.1,74.5,9.120000000000005,0.9034798069596142,0.6187919463087248
118,8_SM_000119,F,163.2,80.5,38.63,103.9,95.0,102.8,30.79,36.0,48.6,66.0,4.309999999999991,0.8552777777777778,0.7363636363636363
3221,8_SM_003222,M,173.1,74.5,38.82,101.0,86.2,96.4,31.79,37.1,49.9,68.8,9.2,0.8568733153638813,0.7252906976744186
2466,8_SM_002467,F,166.5,58.4,36.31,82.5,78.9,94.6,32.08,36.22,45.4,67.7,7.15,0.8856985091109884,0.6706056129985228
170,8_SM_000171,F,153.9,42.5,32.2,79.4,65.1,82.5,31.379999999999995,35.49,42.5,66.0,3.6299999999999955,0.8841927303465763,0.6439393939393939
2885,8_SM_002886,M,165.6,65.2,34.980000000000004,88.4,79.3,94.5,29.740000000000002,37.339999999999996,42.5,65.9,6.009999999999991,0.796464916979111,0.644916540212443
1628,8_SM_001629,F,163.0,78.6,37.19,106.8,97.7,105.7,29.999999999999993,36.64,45.7,64.9,6.430000000000018,0.818777292576419,0.7041602465331279
845,8_SM_000846,F,158.5,47.8,34.260000000000005,76.7,69.5,86.8,33.540000000000006,36.510000000000005,41.8,68.1,6.4100000000000135,0.9186524239934265,0.6138032305433186
1420,8_SM_001421,F,164.7,56.4,34.13,82.5,71.9,97.5,29.810000000000002,37.76,46.8,66.5,10.620000000000005,0.7894597457627119,0.7037593984962406
2372,8_SM_002373,F,159.7,51.7,35.46,86.0,73.5,89.8,29.679999999999996,36.739999999999995,44.6,65.4,7.809999999999991,0.8078388677191073,0.6819571865443425
2313,8_SM_002314,F,155.5,56.4,35.45,90.3,83.4,91.8,28.52,38.4,39.2,66.7,5.709999999999991,0.7427083333333333,0.5877061469265368
972,8_SM_000973,F,161.7,71.0,36.96,96.2,84.8,103.9,33.82000000000001,38.31,42.2,71.5,5.210000000000013,0.8827982250065258,0.5902097902097903
3707,8_SM_003708,M,187.6,98.6,40.660000000000004,109.1,98.3,106.8,31.21,46.339999999999996,50.5,80.2,7.559999999999991,0.6735002157962884,0.6296758104738155
3213,8_SM_003214,M,163.4,64.7,38.769999999999996,89.9,80.6,94.2,29.129999999999995,39.07000000000001,42.1,67.4,8.270000000000005,0.7455848477092396,0.6246290801186943
3487,8_SM_003488,M,191.0,101.2,42.57,105.4,95.6,107.9,31.6,47.36999999999999,52.2,79.6,9.179999999999996,0.6670888748152841,0.6557788944723619
4234,8_SM_004235,M,168.5,64.7,39.45,94.5,89.9,90.9,28.01,37.43,44.9,67.8,6.75,0.7483302164039541,0.6622418879056047
3799,8_SM_003800,M,176.4,67.9,41.87,91.5,74.3,98.5,34.089999999999996,40.61,45.1,73.9,7.4100000000000135,0.8394484117212508,0.6102841677943166
2299,8_SM_002300,F,157.2,53.3,35.88,90.0,83.5,88.0,27.809999999999995,35.839999999999996,43.2,63.7,6.270000000000005,0.7759486607142857,0.6781789638932496
2052,8_SM_002053,F,162.3,50.8,35.94,80.3,65.4,90.4,34.49,36.239999999999995,42.6,68.8,8.259999999999991,0.9517108167770422,0.619186046511628
782,8_SM_000783,F,167.8,58.2,33.61,87.3,75.6,93.2,33.52,36.8,42.6,69.3,7.440000000000009,0.9108695652173915,0.6147186147186148
1299,8_SM_001300,F,160.9,42.2,35.92,69.3,63.4,83.1,31.24,35.089999999999996,42.7,65.1,8.79000000000001,0.8902821316614421,0.6559139784946237
4311,8_SM_004312,M,171.3,71.0,37.88,90.5,89.5,95.7,27.640000000000004,39.81,48.9,67.6,8.210000000000013,0.6942979150967095,0.7233727810650888
1429,8_SM_001430,F,162.7,54.4,34.089999999999996,84.8,70.0,89.8,31.880000000000006,37.989999999999995,45.3,68.5,5.690000000000009,0.839168202158463,0.6613138686131387
1249,8_SM_001250,F,176.1,56.1,37.489999999999995,80.6,68.8,88.7,40.279999999999994,41.54,41.5,79.7,6.179999999999995,0.9696677900818487,0.520702634880803
4301,8_SM_004302,M,172.0,75.9,37.43,96.9,95.4,94.0,27.320000000000004,38.8,50.1,66.2,8.190000000000008,0.7041237113402063,0.756797583081571
439,8_SM_000440,F,160.2,98.6,38.56,117.0,106.7,114.1,28.78,35.21,51.7,63.7,4.489999999999986,0.8173814257313263,0.8116169544740973
1689,8_SM_001690,F,159.3,40.8,34.03,73.8,64.7,83.1,30.399999999999995,34.99,42.8,65.0,6.8599999999999905,0.8688196627607886,0.6584615384615384
368,8_SM_000369,F,159.2,57.8,34.82,88.4,80.2,94.3,30.199999999999996,35.45,42.2,63.5,4.3,0.8519040902679829,0.6645669291338583
3468,8_SM_003469,M,174.1,70.9,40.61,97.0,82.3,101.0,33.11,40.39,44.1,72.2,8.370000000000005,0.8197573656845754,0.6108033240997229
233,8_SM_000234,F,170.7,61.5,35.2,82.6,73.4,99.1,32.029999999999994,36.59,47.7,67.8,7.580000000000018,0.8753757857338068,0.7035398230088497
3290,8_SM_003291,M,169.8,52.7,36.739999999999995,82.4,73.2,86.7,29.9,42.43,43.7,72.0,6.809999999999991,0.704690077775159,0.6069444444444445
3566,8_SM_003567,M,173.9,74.8,40.58,92.7,81.8,102.6,30.020000000000003,41.129999999999995,45.9,72.3,8.539999999999987,0.7298808655482618,0.6348547717842323
411,8_SM_000412,F,154.7,45.1,32.269999999999996,74.8,63.9,87.1,31.29,35.4,40.2,65.9,5.8,0.8838983050847458,0.6100151745068285
86,8_SM_000087,F,165.6,60.4,35.97,88.8,83.7,97.8,31.380000000000006,38.22,46.2,67.6,6.05,0.8210361067503926,0.6834319526627219
854,8_SM_000855,F,168.2,66.0,36.07,88.3,82.3,103.3,32.65,37.67,47.3,69.3,7.439999999999986,0.8667374568622245,0.6825396825396826
3931,8_SM_003932,M,169.3,85.0,39.910000000000004,104.5,92.6,99.9,29.660000000000004,39.31,47.4,68.6,5.3700000000000045,0.7545153904858815,0.6909620991253644
2632,8_SM_002633,M,181.1,75.0,42.339999999999996,92.3,88.6,97.4,33.459999999999994,42.989999999999995,48.3,75.8,8.54000000000001,0.7783205396603861,0.6372031662269129
865,8_SM_000866,F,163.0,48.2,35.08,77.3,66.0,86.9,30.839999999999996,36.190000000000005,45.2,65.8,6.1099999999999905,0.8521691074882562,0.6869300911854104
78,8_SM_000079,F,167.8,55.4,37.62,87.0,71.7,91.5,31.339999999999996,37.03,41.2,69.3,6.7,0.846340804752903,0.5945165945165946
4159,8_SM_004160,M,180.7,82.3,40.910000000000004,99.9,90.6,100.7,36.129999999999995,41.260000000000005,48.2,76.7,8.190000000000008,0.875666505089675,0.6284224250325945
2977,8_SM_002978,M,175.0,48.1,39.19,76.4,65.6,83.8,32.59,40.489999999999995,44.0,72.3,10.410000000000014,0.8048900963200792,0.6085753803596128
2598,8_SM_002599,M,171.5,67.6,38.21,89.1,80.1,93.8,33.46,41.010000000000005,46.4,70.6,8.3,0.8158985613265056,0.6572237960339944
2770,8_SM_002771,M,174.4,65.3,39.67,91.8,76.4,94.8,31.259999999999998,41.36,45.5,72.2,10.580000000000018,0.7558027079303674,0.6301939058171745
2125,8_SM_002126,F,164.4,50.9,36.63,78.4,70.5,91.4,30.98,37.45,45.0,67.5,8.35,0.8272363150867823,0.6666666666666666
3428,8_SM_003429,M,181.4,91.4,42.5,103.5,98.0,103.8,30.0,44.33,52.1,75.2,6.029999999999996,0.6767426122264832,0.6928191489361702
4201,8_SM_004202,M,172.5,80.1,41.06,102.4,90.3,104.4,30.429999999999996,39.58,45.3,70.2,9.659999999999991,0.7688226376958059,0.6452991452991452
3164,8_SM_003165,M,174.8,76.6,42.06,99.0,86.5,99.6,33.910000000000004,37.120000000000005,48.9,69.6,8.370000000000005,0.9135237068965517,0.7025862068965517
428,8_SM_000429,F,158.5,58.1,33.87,90.2,78.8,91.9,31.560000000000002,35.42999999999999,43.4,66.2,5.520000000000005,0.8907705334462322,0.6555891238670695
395,8_SM_000396,F,185.0,71.2,37.42,86.3,78.5,105.2,35.760000000000005,41.25,53.0,75.5,8.639999999999986,0.8669090909090911,0.7019867549668874
4303,8_SM_004304,M,162.5,54.2,36.88,84.7,81.6,87.7,29.5,41.04,42.5,64.2,6.3,0.7188109161793372,0.661993769470405
104,8_SM_000105,F,162.0,46.7,34.989999999999995,69.2,66.5,90.3,32.709999999999994,35.85,43.8,67.2,7.15,0.9124128312412829,0.6517857142857142
2553,8_SM_002554,M,182.5,66.1,40.160000000000004,93.3,71.6,88.9,37.42,41.5,47.6,76.7,8.05,0.9016867469879518,0.6205997392438071
1963,8_SM_001964,F,160.0,52.8,34.31,81.6,77.4,92.6,32.89,34.94,42.7,65.9,9.360000000000014,0.9413279908414426,0.6479514415781487
1474,8_SM_001475,F,156.8,44.3,35.0,76.5,64.9,82.6,30.26,34.67,43.8,63.4,8.180000000000017,0.8728006922411307,0.6908517350157728
2653,8_SM_002654,M,184.3,82.8,37.05,95.8,86.7,102.5,33.04,42.379999999999995,51.6,75.6,6.810000000000014,0.7796130250117981,0.6825396825396826
2942,8_SM_002943,M,188.1,100.5,44.7,104.5,104.5,107.0,32.339999999999996,43.1,52.4,75.4,10.170000000000005,0.7503480278422273,0.6949602122015914
2212,8_SM_002213,F,159.0,56.1,36.81,87.0,82.8,90.2,31.639999999999997,34.118,40.6,65.7,7.670000000000004,0.9273697168649978,0.6179604261796042
3810,8_SM_003811,M,182.8,85.1,42.21,103.0,91.2,99.1,34.65999999999999,45.00000000000001,49.4,78.8,8.829999999999995,0.7702222222222219,0.6269035532994924
1602,8_SM_001603,F,159.6,60.6,34.46,86.6,74.8,96.7,28.4,37.05,46.0,64.8,5.3,0.766531713900135,0.7098765432098766
2980,8_SM_002981,M,183.2,86.4,40.230000000000004,105.1,86.7,104.0,34.26,42.410000000000004,48.0,76.8,10.029999999999996,0.8078283423720819,0.625
1746,8_SM_001747,F,156.1,47.9,32.72,76.9,69.9,86.5,31.95,35.9,41.5,65.4,6.659999999999991,0.8899721448467967,0.6345565749235473
3017,8_SM_003018,M,175.0,72.9,40.62,98.5,78.6,96.1,31.4,41.05,45.6,71.8,9.280000000000019,0.7649208282582217,0.6350974930362118
2994,8_SM_002995,M,165.1,63.2,36.7,92.7,77.6,92.2,30.4,39.89,45.2,69.4,7.539999999999987,0.7620957633492103,0.6512968299711815
1806,8_SM_001807,F,163.5,52.7,35.7,81.2,71.3,89.1,33.07000000000001,37.0,44.9,68.1,7.529999999999996,0.893783783783784,0.6593245227606461
1955,8_SM_001956,F,168.7,52.6,37.53,81.2,69.3,89.8,34.260000000000005,37.68,45.7,70.8,8.690000000000008,0.9092356687898091,0.6454802259887006
712,8_SM_000713,F,153.8,41.9,30.98,72.8,57.9,86.6,29.590000000000003,32.97,41.5,61.0,5.220000000000004,0.8974825599029422,0.680327868852459
2294,8_SM_002295,F,160.8,64.5,35.65,101.1,92.3,95.5,29.509999999999998,38.96,44.2,67.9,4.8799999999999955,0.7574435318275153,0.6509572901325479
501,8_SM_000502,F,158.2,53.7,31.110000000000003,82.3,70.0,93.3,33.42,34.989999999999995,42.9,66.9,4.779999999999996,0.9551300371534726,0.6412556053811659
469,8_SM_000470,F,172.4,64.5,36.37,85.4,78.5,100.5,33.010000000000005,39.01,49.1,71.5,5.729999999999995,0.8461932837733916,0.6867132867132867
4013,8_SM_004014,M,165.0,59.6,39.410000000000004,92.5,78.2,90.4,30.25,35.92,44.5,66.4,6.739999999999986,0.8421492204899776,0.6701807228915662
3737,8_SM_003738,M,174.5,80.8,40.87,101.8,91.6,103.9,31.779999999999994,41.13,44.3,72.5,8.009999999999991,0.772672015560418,0.6110344827586206
4002,8_SM_004003,M,165.0,73.7,37.78,102.2,97.7,101.3,29.580000000000002,36.74,44.6,65.9,6.1099999999999905,0.8051170386499727,0.676783004552352
2499,8_SM_002500,F,159.1,51.8,35.2,87.8,76.3,87.7,30.130000000000003,36.5,44.3,65.8,6.2,0.8254794520547946,0.6732522796352584
2666,8_SM_002667,M,172.7,52.2,35.6,76.5,65.2,85.8,32.58,37.96,48.4,69.3,6.740000000000009,0.8582718651211801,0.6984126984126984
2485,8_SM_002486,F,167.7,53.3,35.17,79.0,69.2,91.0,31.279999999999994,37.05,48.5,68.4,7.1,0.8442645074224021,0.7090643274853801
2127,8_SM_002128,F,154.2,61.8,36.93,94.3,86.3,96.1,29.21,33.54,40.1,62.2,7.05,0.8709004174120454,0.6446945337620579
910,8_SM_000911,F,175.7,79.5,37.760000000000005,100.8,88.9,113.6,35.260000000000005,42.92,47.7,75.6,6.809999999999991,0.821528424976701,0.630952380952381
1461,8_SM_001462,F,170.0,53.6,35.65,79.5,64.6,93.5,32.52,37.79,46.6,70.4,7.5899999999999865,0.8605451177560202,0.6619318181818181
2911,8_SM_002912,M,169.8,55.4,38.19,83.7,71.5,86.5,30.880000000000006,38.57,46.1,69.3,9.039999999999987,0.8006222452683435,0.6652236652236653
751,8_SM_000752,F,151.2,45.7,30.96,79.8,65.0,87.8,27.429999999999996,32.11,40.5,58.9,6.1299999999999955,0.8542510121457488,0.6876061120543294
3014,8_SM_003015,M,164.9,51.4,36.47,82.8,73.4,88.6,30.119999999999994,39.7,43.9,70.0,10.20999999999999,0.758690176322418,0.6271428571428571
3323,8_SM_003324,M,181.0,78.3,44.06,101.8,79.6,99.7,36.21,44.02,44.8,78.6,8.240000000000009,0.8225806451612903,0.5699745547073791
1221,8_SM_001222,F,164.1,59.9,36.58,83.8,73.2,96.5,31.449999999999996,38.71,46.0,68.3,6.060000000000014,0.8124515629036423,0.6734992679355783
514,8_SM_000515,F,169.6,52.3,32.2,79.8,70.2,88.3,35.019999999999996,37.82000000000001,45.9,70.8,8.029999999999996,0.9259650978318347,0.6483050847457628
2139,8_SM_002140,F,154.8,62.2,36.339999999999996,98.0,84.8,89.8,27.109999999999996,35.989999999999995,44.7,63.4,5.3900000000000095,0.7532647957766047,0.7050473186119874
3527,8_SM_003528,M,176.0,65.5,40.75,90.0,79.6,93.2,33.8,42.809999999999995,46.3,76.6,6.929999999999995,0.7895351553375379,0.6044386422976501
3951,8_SM_003952,M,169.4,69.1,37.63,90.4,81.3,99.8,29.910000000000004,39.31,46.7,69.0,7.059999999999991,0.7608750953955737,0.6768115942028986
2059,8_SM_002060,F,158.8,59.1,37.05,92.9,80.5,92.0,29.569999999999993,36.160000000000004,42.1,64.6,5.820000000000005,0.8177544247787608,0.6517027863777091
777,8_SM_000778,F,158.6,58.8,32.589999999999996,84.3,73.4,97.4,30.899999999999995,35.519999999999996,43.4,64.8,6.679999999999995,0.8699324324324323,0.6697530864197531
4429,8_SM_004430,M,168.2,68.9,38.11,94.2,87.8,94.2,29.330000000000002,39.17999999999999,46.8,68.1,4.570000000000005,0.7485962225625321,0.6872246696035242
3035,8_SM_003036,M,174.6,87.0,38.46,98.5,95.2,106.4,31.009999999999998,38.6,48.4,67.7,5.3699999999999815,0.8033678756476683,0.7149187592319054
425,8_SM_000426,F,163.3,50.4,33.589999999999996,79.9,69.0,89.4,32.43000000000001,35.709999999999994,46.6,65.6,5.829999999999996,0.9081489778773456,0.7103658536585367
123,8_SM_000124,F,160.4,60.1,34.89,92.6,81.9,100.5,30.77,34.160000000000004,43.2,62.3,6.810000000000014,0.9007611241217798,0.6934189406099519
3589,8_SM_003590,M,176.1,72.5,40.3,96.8,77.4,96.9,31.880000000000003,40.98,47.8,73.0,8.420000000000005,0.777940458760371,0.6547945205479452
2393,8_SM_002394,F,169.7,60.2,36.95,85.8,78.0,95.0,33.88,39.57,46.2,71.5,7.759999999999991,0.856204195097296,0.6461538461538462
829,8_SM_000830,F,157.8,54.0,34.88,84.5,70.3,91.4,32.169999999999995,36.190000000000005,41.3,66.4,5.229999999999995,0.8889195910472504,0.6219879518072288
1418,8_SM_001419,F,161.5,79.2,36.8,104.1,90.6,113.0,31.359999999999996,35.82000000000001,43.4,66.4,5.459999999999991,0.8754885538805134,0.6536144578313252
1397,8_SM_001398,F,164.4,67.7,37.46,95.2,84.9,99.3,31.579999999999995,37.82,45.4,68.8,6.960000000000013,0.8350079323109465,0.6598837209302326
1590,8_SM_001591,F,162.5,55.0,32.95,84.4,70.9,95.4,28.560000000000002,37.57,46.7,65.3,5.889999999999986,0.7601809954751132,0.7151607963246555
1653,8_SM_001654,F,163.0,60.0,37.589999999999996,89.7,86.7,95.2,28.639999999999997,37.37,43.0,66.7,6.519999999999982,0.7663901525287664,0.6446776611694153
1810,8_SM_001811,F,162.7,88.5,37.03,113.3,99.9,111.0,29.350000000000005,37.160000000000004,43.6,66.1,5.6400000000000095,0.789827771797632,0.6596066565809381
4379,8_SM_004380,M,177.3,87.3,40.94,105.5,95.4,101.5,32.89,42.61,47.7,74.9,6.6099999999999905,0.7718845341469139,0.636849132176235
402,8_SM_000403,F,155.7,87.4,36.17,113.8,112.2,119.2,27.95,34.92,45.7,62.0,5.0,0.8004009163802978,0.7370967741935485
3902,8_SM_003903,M,168.7,67.0,35.980000000000004,99.3,80.8,91.7,33.72,39.589999999999996,41.9,70.9,7.610000000000014,0.8517302349078051,0.5909732016925247
3985,8_SM_003986,M,170.6,63.5,37.82,89.2,77.8,92.8,30.389999999999997,40.78,44.4,70.1,9.60999999999999,0.7452182442373712,0.6333808844507847
3426,8_SM_003427,M,169.2,71.2,38.1,93.9,83.0,94.4,30.829999999999995,38.410000000000004,46.2,68.2,7.070000000000005,0.8026555584483205,0.6774193548387097
1367,8_SM_001368,F,156.3,51.8,33.53,80.6,66.8,92.2,30.560000000000002,34.239999999999995,44.6,62.2,5.520000000000005,0.8925233644859815,0.7170418006430868
2243,8_SM_002244,F,153.2,52.4,34.25,85.5,73.1,86.8,28.419999999999998,33.480000000000004,44.6,61.1,5.4,0.8488649940262842,0.7299509001636661
4131,8_SM_004132,M,174.1,62.2,40.54,88.3,84.1,93.0,34.65,40.97,41.7,74.3,5.989999999999986,0.8457407859409324,0.5612382234185734
2145,8_SM_002146,F,168.3,76.2,38.8,94.1,87.8,101.6,30.74,38.83,48.3,68.4,7.139999999999986,0.7916559361318568,0.7061403508771928
992,8_SM_000993,F,158.6,58.8,36.2,94.7,81.2,92.0,30.54,36.46,40.8,65.5,5.6200000000000045,0.8376302797586396,0.6229007633587785
461,8_SM_000462,F,155.7,64.6,31.48,86.0,85.6,103.5,31.449999999999996,34.02,45.3,64.9,4.420000000000004,0.9244562022339798,0.6979969183359013
3952,8_SM_003953,M,174.5,96.3,42.67,115.2,104.8,105.3,32.41,40.11,43.9,73.0,7.409999999999991,0.8080279232111692,0.6013698630136987
3706,8_SM_003707,M,171.8,79.0,37.7,97.0,93.9,99.0,29.080000000000005,39.25,49.1,68.1,6.860000000000014,0.740891719745223,0.7209985315712188
1965,8_SM_001966,F,140.2,48.5,34.22,89.6,78.8,90.0,26.089999999999996,31.77,38.2,56.9,5.3,0.8212149826880704,0.671353251318102
3850,8_SM_003851,M,179.7,81.6,42.410000000000004,102.4,92.6,102.0,32.589999999999996,42.48,48.5,76.0,8.840000000000009,0.7671845574387947,0.6381578947368421
3542,8_SM_003543,M,175.1,73.8,37.410000000000004,94.2,84.9,96.5,32.839999999999996,41.4,46.2,73.6,6.479999999999995,0.7932367149758454,0.6277173913043479
648,8_SM_000649,F,173.4,64.4,39.14,95.0,72.2,95.5,35.69,38.78,49.6,72.9,7.25,0.9203197524497163,0.6803840877914952
1968,8_SM_001969,F,159.2,59.9,35.7,88.7,79.7,100.9,29.829999999999995,37.25,43.1,65.1,8.14000000000001,0.8008053691275167,0.6620583717357912
2248,8_SM_002249,F,158.8,56.5,34.89,94.0,75.5,88.3,30.8,34.980000000000004,45.7,65.4,6.579999999999996,0.880503144654088,0.6987767584097859
2720,8_SM_002721,M,174.4,77.2,40.97,101.6,78.6,89.9,26.220000000000006,41.559999999999995,47.7,72.2,8.189999999999987,0.6308950914340714,0.6606648199445984
4335,8_SM_004336,M,171.8,88.3,41.56,107.7,97.9,106.3,31.8,38.129999999999995,49.5,70.1,5.65,0.8339889850511409,0.7061340941512126
4337,8_SM_004338,M,167.1,67.7,37.43,93.5,86.1,93.3,31.449999999999996,38.910000000000004,48.0,70.9,6.909999999999991,0.8082755075815984,0.6770098730606487
1899,8_SM_001900,F,153.5,55.6,35.260000000000005,91.3,83.2,91.7,27.99,35.07,43.2,62.0,6.679999999999995,0.7981180496150555,0.6967741935483871
4487,8_SM_004488,M,163.1,67.3,37.68,93.2,94.4,92.8,27.050000000000004,37.57,42.2,65.3,5.040000000000009,0.7199893532073464,0.6462480857580399
2534,8_SM_002535,M,172.3,68.4,36.79,98.2,83.8,94.7,32.910000000000004,40.27,45.3,73.1,8.85999999999999,0.8172336727092129,0.6196990424076607
2357,8_SM_002358,F,151.7,62.0,33.63,104.7,97.0,91.5,25.170000000000005,33.58,40.4,58.9,4.840000000000009,0.7495533055390116,0.6859083191850595
855,8_SM_000856,F,161.9,51.0,35.85,80.8,69.2,89.3,33.17,34.3,46.6,65.7,6.730000000000018,0.967055393586006,0.7092846270928462
547,8_SM_000548,F,164.9,52.1,32.239999999999995,79.3,69.0,87.8,34.11,39.209999999999994,43.1,72.6,6.25,0.8699311400153024,0.5936639118457301
91,8_SM_000092,F,162.8,53.5,33.97,84.0,75.5,95.4,32.91,36.96,42.7,70.5,6.170000000000004,0.8904220779220778,0.6056737588652482
3166,8_SM_003167,M,178.9,83.7,40.85,103.5,90.0,100.1,34.65,40.67,49.2,74.6,7.730000000000018,0.8519793459552495,0.6595174262734586
1994,8_SM_001995,F,160.1,74.1,37.15,109.7,95.0,101.8,31.319999999999993,37.980000000000004,42.8,68.3,4.179999999999995,0.8246445497630329,0.6266471449487555
2797,8_SM_002798,M,168.4,72.1,40.61,94.7,90.0,97.1,29.290000000000003,39.989999999999995,44.7,68.6,8.64000000000001,0.7324331082770694,0.6516034985422742
3326,8_SM_003327,M,167.4,61.6,39.46,93.4,70.8,86.8,32.46,38.019999999999996,45.3,68.9,6.679999999999995,0.8537611783271963,0.6574746008708272
2361,8_SM_002362,F,158.6,65.4,37.11,99.0,86.2,97.0,29.419999999999998,37.409,41.5,67.2,7.1,0.7864417653505841,0.6175595238095238
4096,8_SM_004097,M,165.5,76.9,39.81,100.9,95.3,97.0,27.72,38.46,44.6,64.5,5.5,0.7207488299531981,0.6914728682170543
1062,8_SM_001063,F,170.4,85.5,39.06,109.0,98.8,112.8,33.36999999999999,41.1,45.4,72.7,6.6,0.8119221411192211,0.6244841815680879
1975,8_SM_001976,F,156.5,74.4,36.83,101.5,94.0,103.0,29.360000000000003,36.82000000000001,43.7,65.1,6.229999999999995,0.7973927213470939,0.6712749615975423
239,8_SM_000240,F,154.0,50.4,31.85,82.4,67.9,92.5,30.3,33.52,42.2,61.1,6.430000000000018,0.9039379474940333,0.690671031096563
3964,8_SM_003965,M,167.8,63.7,40.85,89.2,76.0,93.1,31.660000000000004,38.25,45.3,69.3,7.95,0.8277124183006537,0.6536796536796536
1147,8_SM_001148,F,167.8,61.7,37.44,86.8,70.3,96.4,33.629999999999995,38.68,44.7,68.8,8.15,0.8694415718717683,0.6497093023255814
1820,8_SM_001821,F,159.0,51.3,36.21,80.8,74.0,92.5,30.300000000000004,38.45,40.9,66.4,8.409999999999991,0.788036410923277,0.6159638554216866
3398,8_SM_003399,M,172.0,70.6,39.6,97.1,85.9,95.7,28.709999999999997,40.33,45.6,68.4,8.370000000000005,0.7118770146293082,0.6666666666666666
165,8_SM_000166,F,157.3,77.4,35.67,99.8,90.0,111.9,26.669999999999995,34.46,45.4,60.4,5.279999999999996,0.7739408009286127,0.7516556291390728
2843,8_SM_002844,M,169.4,64.8,37.85,91.8,78.9,91.1,31.57,39.029999999999994,43.7,71.0,7.930000000000018,0.808864975659749,0.6154929577464789
4055,8_SM_004056,M,168.5,72.2,38.43,96.7,85.7,94.5,31.18,37.54,45.6,68.5,6.820000000000005,0.8305807139051679,0.6656934306569343
2811,8_SM_002812,M,181.2,90.0,40.08,103.5,93.6,105.0,33.809999999999995,39.25,47.2,73.4,7.309999999999991,0.8614012738853501,0.6430517711171662
2607,8_SM_002608,M,175.4,92.8,42.0,105.7,97.5,106.7,29.130000000000006,41.66,47.0,69.5,7.05,0.6992318771003363,0.6762589928057554
2958,8_SM_002959,M,164.4,55.5,36.489999999999995,84.4,74.5,88.0,31.390000000000004,37.81,42.6,69.0,7.590000000000009,0.8302036498280879,0.6173913043478261
3210,8_SM_003211,M,179.3,65.8,42.35,89.0,78.1,89.7,35.38000000000001,44.16,45.4,78.6,7.029999999999996,0.8011775362318844,0.5776081424936387
1826,8_SM_001827,F,171.6,63.6,36.510000000000005,91.2,78.8,95.4,33.019999999999996,39.260000000000005,48.5,71.8,7.9,0.8410596026490064,0.6754874651810585
2527,8_SM_002528,M,166.8,71.7,39.06,97.2,86.2,99.9,32.11,36.71,46.1,67.3,4.979999999999995,0.8746935439934622,0.6849925705794948
3726,8_SM_003727,M,176.8,78.1,42.07,104.5,83.6,99.2,34.970000000000006,41.5,44.1,76.1,10.420000000000005,0.8426506024096387,0.5795006570302235
4142,8_SM_004143,M,171.0,71.8,41.2,93.6,89.3,95.5,29.939999999999998,38.02,46.6,67.9,8.35,0.7874802735402419,0.6863033873343152
2283,8_SM_002284,F,151.3,47.6,34.85,81.4,69.1,89.5,26.98,33.89,41.1,59.4,7.8900000000000095,0.7961050457362053,0.6919191919191919
2763,8_SM_002764,M,171.6,77.8,40.05,101.9,91.8,102.1,29.310000000000002,38.73,46.3,69.3,6.970000000000004,0.7567776917118514,0.6681096681096681
3975,8_SM_003976,M,164.3,61.6,37.39,94.5,72.3,89.5,28.54,38.03,45.9,65.8,7.0,0.7504601630291874,0.6975683890577508
4231,8_SM_004232,M,154.6,62.1,36.5,97.5,90.8,92.4,26.420000000000005,34.92,41.3,60.5,5.2,0.7565864833906072,0.6826446280991735
2298,8_SM_002299,F,154.3,57.8,35.85,89.8,81.0,94.1,27.139999999999997,36.19,42.7,62.8,4.489999999999986,0.7499309201436861,0.6799363057324842
1467,8_SM_001468,F,158.9,56.4,36.760000000000005,88.8,70.6,93.5,29.369999999999997,35.69,44.1,64.4,7.670000000000004,0.8229195853180162,0.6847826086956521
599,8_SM_000600,F,160.8,49.3,33.17,78.8,64.2,87.3,31.279999999999994,35.660000000000004,44.3,66.1,6.25,0.8771733034211999,0.670196671709531
41,8_SM_000042,F,164.1,57.2,37.05,84.3,72.3,96.5,33.089999999999996,35.69,48.2,66.3,6.039999999999987,0.9271504623143737,0.7269984917043741
566,8_SM_000567,F,160.2,54.0,33.95,89.0,72.0,87.6,31.6,34.879999999999995,44.9,65.0,7.1200000000000045,0.9059633027522938,0.6907692307692308
2387,8_SM_002388,F,144.5,45.0,34.04,81.9,72.5,83.6,25.130000000000003,33.33,39.7,58.3,5.060000000000014,0.7539753975397541,0.6809605488850773
2472,8_SM_002473,F,165.3,55.7,35.56,88.4,74.6,91.5,32.279999999999994,38.730000000000004,43.1,70.5,7.079999999999996,0.8334624322230827,0.6113475177304964
245,8_SM_000246,F,160.7,56.7,31.9,92.3,82.4,92.2,32.04,34.55,46.6,65.6,7.039999999999987,0.9273516642547034,0.7103658536585367
1354,8_SM_001355,F,162.9,52.0,35.510000000000005,86.2,72.6,88.8,32.35,35.7,45.1,66.2,7.3,0.9061624649859944,0.6812688821752266
2722,8_SM_002723,M,170.6,110.4,35.68,117.6,126.0,114.5,28.03,35.75,51.3,64.0,6.65,0.7840559440559441,0.8015625
2405,8_SM_002406,F,166.2,66.6,35.82,93.6,78.2,99.4,32.88,37.37,44.9,69.5,5.320000000000005,0.8798501471768799,0.6460431654676259
4233,8_SM_004234,M,163.5,64.1,40.71,91.0,81.5,91.6,29.429999999999996,36.260000000000005,45.6,64.7,6.95,0.8116381687810257,0.7047913446676971
1457,8_SM_001458,F,155.3,54.8,34.68,83.5,76.7,95.6,31.330000000000005,32.29,45.9,61.7,6.260000000000014,0.9702694332610717,0.7439222042139384
264,8_SM_000265,F,166.9,52.5,30.52,74.7,69.6,95.4,34.07,36.69,46.1,69.4,6.1199999999999815,0.9285908967020987,0.6642651296829971
2259,8_SM_002260,F,162.3,56.0,33.82,91.8,78.2,92.2,30.810000000000002,36.7,45.8,66.6,6.179999999999995,0.8395095367847412,0.6876876876876877
1704,8_SM_001705,F,168.4,56.7,37.08,84.7,69.4,93.9,34.4,38.660000000000004,43.3,70.8,7.779999999999996,0.8898085876875322,0.6115819209039548
1740,8_SM_001741,F,156.0,48.6,32.19,78.6,67.9,87.8,30.959999999999997,35.06,47.0,62.9,6.8,0.8830576155162577,0.7472178060413355
3308,8_SM_003309,M,172.6,76.0,40.1,101.4,89.2,94.9,30.48,39.35,46.3,68.9,9.670000000000005,0.7745870393900889,0.671988388969521
844,8_SM_000845,F,164.2,52.2,34.8,82.0,71.1,89.4,30.899999999999995,38.45,45.3,68.1,5.7,0.8036410923276981,0.6651982378854626
1881,8_SM_001882,F,153.5,55.9,34.339999999999996,90.7,81.8,93.3,27.279999999999994,33.29,44.4,60.6,6.6200000000000045,0.8194653048963652,0.7326732673267327
2025,8_SM_002026,F,161.4,54.4,35.57,85.2,75.3,93.0,33.24,37.9,42.7,70.2,6.5899999999999865,0.8770448548812666,0.6082621082621082
343,8_SM_000344,F,163.4,58.9,35.78,83.1,77.7,97.0,32.480000000000004,37.85,42.0,70.0,6.05,0.8581241743725232,0.6
1616,8_SM_001617,F,157.4,55.0,32.38,90.7,76.0,92.1,31.52,37.2,42.2,66.6,6.040000000000009,0.8473118279569891,0.6336336336336337
2440,8_SM_002441,F,151.7,56.9,36.62,92.5,82.9,89.7,25.769999999999992,34.46,39.8,60.9,4.860000000000014,0.747823563551944,0.6535303776683087
4272,8_SM_004273,M,182.0,98.8,43.480000000000004,107.0,100.8,111.0,32.39,41.56,50.9,74.0,6.670000000000004,0.7793551491819056,0.6878378378378378
485,8_SM_000486,F,160.6,40.5,32.6,75.6,60.3,78.9,32.67,35.94,43.9,67.7,6.3900000000000095,0.9090150250417364,0.6484490398818316
4082,8_SM_004083,M,168.0,75.0,38.93,99.6,91.6,96.5,28.959999999999997,36.45,48.3,65.7,4.959999999999991,0.7945130315500685,0.7351598173515981
4220,8_SM_004221,M,166.0,85.1,40.519999999999996,108.7,113.8,101.0,30.689999999999998,38.0,43.5,67.8,5.470000000000004,0.8076315789473684,0.6415929203539823
4161,8_SM_004162,M,174.7,103.8,39.010000000000005,114.8,121.6,112.8,30.74,40.05,46.0,69.8,6.529999999999996,0.7675405742821473,0.6590257879656161
3250,8_SM_003251,M,177.2,85.4,41.46,109.0,94.5,103.0,31.57,39.8,44.8,70.6,8.54000000000001,0.7932160804020101,0.6345609065155807
1781,8_SM_001782,F,163.5,47.4,34.519999999999996,77.8,65.5,88.0,32.6,37.230000000000004,45.3,68.9,6.85,0.8756379264034381,0.6574746008708272
3994,8_SM_003995,M,161.3,81.6,38.760000000000005,108.1,97.7,104.7,28.75,35.82000000000001,43.6,63.6,5.760000000000014,0.8026242322724733,0.6855345911949685
2343,8_SM_002344,F,151.9,51.5,35.980000000000004,86.6,79.4,88.2,29.21,36.69,39.5,65.3,5.289999999999987,0.7961297356227856,0.6049004594180705
3097,8_SM_003098,M,173.8,75.2,39.25,95.0,89.7,102.8,34.17,40.18,44.8,72.0,8.2,0.8504230960676954,0.6222222222222222
3269,8_SM_003270,M,175.2,72.4,40.87,99.8,81.2,94.4,33.07,38.19,49.5,70.8,8.679999999999996,0.8659334904425243,0.6991525423728814
2993,8_SM_002994,M,172.0,72.3,39.95,93.5,79.2,100.3,30.349999999999994,39.3,40.4,69.3,7.420000000000004,0.7722646310432569,0.582972582972583
1286,8_SM_001287,F,152.1,48.8,36.730000000000004,82.3,71.7,89.0,29.140000000000004,33.440000000000005,40.6,62.0,6.790000000000009,0.8714114832535885,0.6548387096774194
2502,8_SM_002503,F,169.0,61.1,39.17,82.8,74.0,99.9,30.679999999999996,37.89,45.7,68.3,6.409999999999991,0.809712325151755,0.6691068814055637
4035,8_SM_004036,M,181.0,76.3,40.29,96.8,87.9,95.8,35.12,42.4,49.3,76.1,7.45,0.8283018867924528,0.6478318002628121
2514,8_SM_002515,F,158.3,52.3,34.0,80.4,73.3,93.3,30.96999999999999,35.660000000000004,41.5,65.8,7.3599999999999905,0.868480089736399,0.6306990881458967
350,8_SM_000351,F,156.9,47.0,29.939999999999998,80.5,70.5,86.1,28.840000000000003,34.35,44.5,61.9,7.490000000000009,0.8395924308588064,0.7189014539579968
3160,8_SM_003161,M,173.8,67.4,36.83,95.7,80.5,90.8,32.44,39.220000000000006,46.6,71.4,7.329999999999996,0.8271290158082609,0.6526610644257703
4207,8_SM_004208,M,166.5,71.8,40.19,93.6,93.1,97.6,26.889999999999997,35.15,44.6,62.8,10.090000000000009,0.7650071123755334,0.7101910828025478
4177,8_SM_004178,M,173.5,56.4,38.96,87.4,78.7,88.5,31.85,39.87,46.2,71.6,8.940000000000008,0.798846250313519,0.6452513966480448
1438,8_SM_001439,F,156.8,61.1,32.88,91.8,81.8,97.3,29.93,35.54,43.4,65.1,6.3700000000000045,0.8421496904895892,0.6666666666666667
663,8_SM_000664,F,165.1,71.7,33.81,91.2,81.7,102.8,33.910000000000004,39.0,43.9,71.4,4.8,0.8694871794871796,0.6148459383753501
2117,8_SM_002118,F,154.7,60.0,34.04,90.7,82.1,98.3,30.229999999999997,35.42,43.5,65.7,7.190000000000009,0.8534726143421795,0.6621004566210046
639,8_SM_000640,F,164.8,67.8,32.3,94.3,88.3,99.6,36.540000000000006,38.48,42.6,71.1,4.779999999999996,0.9495841995841998,0.59915611814346
2618,8_SM_002619,M,178.4,70.9,37.519999999999996,90.9,80.3,96.7,34.49999999999999,43.660000000000004,49.9,76.4,6.9,0.7901969766376544,0.6531413612565444
4198,8_SM_004199,M,167.2,68.3,38.03,93.3,86.6,91.7,30.450000000000006,37.48,45.7,66.5,7.209999999999991,0.8124332977588049,0.687218045112782
2695,8_SM_002696,M,174.2,71.8,40.82,92.3,83.2,98.9,33.839999999999996,38.989999999999995,44.9,72.4,8.7,0.8679148499615286,0.6201657458563535
2927,8_SM_002928,M,182.8,83.6,41.3,94.9,86.3,104.1,31.130000000000006,43.42,50.6,75.6,9.179999999999996,0.7169507139567021,0.6693121693121694
1480,8_SM_001481,F,158.0,50.4,33.32,81.2,70.1,87.0,30.480000000000008,34.29,46.5,63.8,6.6300000000000185,0.8888888888888892,0.7288401253918496
2308,8_SM_002309,F,161.8,54.7,32.2,91.4,76.9,88.6,29.599999999999994,38.1,45.0,67.4,5.1,0.7769028871391074,0.6676557863501483
115,8_SM_000116,F,164.7,59.0,37.85,89.7,76.2,92.2,32.650000000000006,35.72,42.4,66.7,5.1299999999999955,0.9140537513997762,0.6356821589205397
4112,8_SM_004113,M,168.8,71.8,38.980000000000004,102.3,92.7,96.4,29.109999999999996,38.33,45.5,67.5,7.290000000000009,0.7594573441168797,0.674074074074074
1509,8_SM_001510,F,163.5,57.9,36.97,86.1,73.3,92.9,30.45,36.31,44.0,66.4,6.920000000000004,0.8386119526301293,0.6626506024096385
1247,8_SM_001248,F,150.8,45.4,33.730000000000004,78.1,65.3,88.9,29.580000000000002,34.68,39.3,62.7,6.229999999999995,0.8529411764705883,0.6267942583732057
2338,8_SM_002339,F,162.6,62.0,37.22,95.4,85.0,93.3,31.0,36.64,46.1,67.3,6.860000000000014,0.8460698689956332,0.6849925705794948
1167,8_SM_001168,F,164.9,51.5,36.15,81.0,64.9,91.9,33.160000000000004,37.71,45.5,67.8,6.85,0.879342349509414,0.6710914454277287
3135,8_SM_003136,M,176.9,81.2,41.769999999999996,98.0,89.9,101.2,29.829999999999995,42.92,47.3,72.5,10.29000000000001,0.6950139794967379,0.6524137931034483
57,8_SM_000058,F,168.8,66.2,35.54,92.0,81.0,99.7,32.839999999999996,38.239999999999995,46.0,70.7,5.710000000000013,0.8587866108786611,0.6506364922206506
3724,8_SM_003725,M,167.9,61.7,40.22,89.7,79.7,92.5,29.700000000000006,38.71,42.4,68.5,8.319999999999983,0.7672436063032809,0.618978102189781
4493,8_SM_004494,M,167.0,65.4,39.57,97.4,82.2,94.0,28.74,40.25,45.3,68.9,6.420000000000004,0.7140372670807453,0.6574746008708272
1750,8_SM_001751,F,163.0,84.6,37.08,116.4,96.3,108.3,29.979999999999997,35.910000000000004,47.6,66.2,3.8200000000000047,0.8348649401280979,0.7190332326283988
2211,8_SM_002212,F,159.1,59.4,35.92,87.5,80.2,94.3,31.330000000000002,37.36,43.6,68.6,5.279999999999996,0.8385974304068523,0.6355685131195336
3343,8_SM_003344,M,173.3,65.6,40.730000000000004,94.8,77.7,89.5,31.93,41.54,45.0,72.4,9.070000000000004,0.7686567164179104,0.6215469613259668
4003,8_SM_004004,M,174.6,75.1,39.65,100.4,93.9,93.4,34.010000000000005,39.97,48.6,73.0,8.55,0.8508881661245936,0.6657534246575343
3808,8_SM_003809,M,176.0,89.7,40.230000000000004,106.0,98.6,106.5,27.579999999999995,42.25,46.5,71.1,7.85,0.6527810650887572,0.6540084388185654
717,8_SM_000718,F,159.2,61.6,33.39,89.7,82.1,98.0,30.359999999999996,35.7,44.8,64.8,5.420000000000004,0.8504201680672268,0.691358024691358
1107,8_SM_001108,F,160.9,51.4,35.18,84.3,70.5,86.1,31.74,37.48,44.0,66.3,6.460000000000013,0.8468516542155816,0.6636500754147813
2901,8_SM_002902,M,167.2,63.3,35.06,93.5,79.8,91.5,32.17,36.6,44.7,67.6,6.809999999999991,0.8789617486338798,0.661242603550296
1391,8_SM_001392,F,162.5,70.8,36.5,92.8,79.2,106.8,31.74,37.13,43.1,67.9,6.9100000000000135,0.8548343657419875,0.6347569955817378
72,8_SM_000073,F,155.4,35.5,32.21,67.7,61.5,81.2,33.06,35.4,40.0,67.2,5.760000000000014,0.9338983050847459,0.5952380952380952
1937,8_SM_001938,F,165.5,62.4,36.38,91.8,76.1,97.7,35.87,37.25,43.3,71.0,8.75,0.9629530201342281,0.6098591549295774
2582,8_SM_002583,M,176.4,76.5,41.07,102.2,90.3,99.6,33.190000000000005,38.54,45.9,70.7,5.610000000000014,0.8611831862999483,0.6492220650636492
1779,8_SM_001780,F,158.3,60.9,35.42,95.7,78.8,96.0,29.689999999999998,37.010000000000005,43.5,66.9,7.3700000000000045,0.8022156174007024,0.6502242152466368
753,8_SM_000754,F,173.4,74.4,33.58,96.0,84.0,103.5,35.61,41.59,44.2,74.7,6.35,0.8562154364029814,0.5917001338688086
2344,8_SM_002345,F,158.2,50.2,34.03,84.8,69.9,89.3,30.080000000000002,34.92,43.7,64.7,7.010000000000014,0.861397479954181,0.6754250386398764
1015,8_SM_001016,F,154.0,64.4,36.39,97.7,88.3,99.8,29.130000000000006,35.209999999999994,41.2,62.6,4.689999999999986,0.8273217835842094,0.65814696485623
1205,8_SM_001206,F,167.6,71.8,36.55,98.6,84.9,101.0,34.040000000000006,38.5,47.5,71.0,6.529999999999996,0.8841558441558444,0.6690140845070423
1139,8_SM_001140,F,154.8,53.2,36.010000000000005,87.5,73.0,91.0,33.660000000000004,35.98,41.4,65.2,6.289999999999987,0.9355197331851031,0.6349693251533742
1256,8_SM_001257,F,170.1,75.4,34.15,100.8,89.8,102.8,33.75,39.27,45.9,70.7,7.1,0.8594346829640946,0.6492220650636492
2320,8_SM_002321,F,153.6,48.4,35.18,88.5,74.0,87.5,30.400000000000006,35.239999999999995,40.5,64.2,5.279999999999996,0.8626560726447222,0.6308411214953271
2803,8_SM_002804,M,185.8,87.9,39.760000000000005,100.9,85.2,103.1,33.94,41.82000000000001,51.4,74.0,8.3,0.8115734098517454,0.6945945945945946
1008,8_SM_001009,F,153.5,45.4,34.78,80.9,62.0,88.5,29.639999999999997,33.26,43.8,62.2,7.409999999999991,0.8911605532170775,0.7041800643086816
1592,8_SM_001593,F,170.0,67.8,36.85,86.0,74.7,101.1,33.83,38.13,47.2,70.4,6.420000000000004,0.8872279045371098,0.6704545454545454
4355,8_SM_004356,M,170.3,91.4,41.4,109.9,105.3,106.4,27.990000000000002,38.79,50.3,67.2,6.6299999999999955,0.7215777262180976,0.7485119047619047
1841,8_SM_001842,F,161.7,54.2,38.54,87.0,74.9,92.2,30.21,38.870000000000005,41.8,68.4,8.8,0.7772060715204527,0.611111111111111
2683,8_SM_002684,M,172.1,74.4,38.72,96.4,87.4,98.4,32.93000000000001,40.5,46.1,71.3,8.10999999999999,0.8130864197530866,0.6465638148667602
4534,8_SM_004535,M,165.0,59.1,36.43,90.3,78.5,86.4,30.52,37.19,47.0,67.6,5.639999999999986,0.8206507125571391,0.6952662721893492
2880,8_SM_002881,M,175.3,81.6,38.410000000000004,100.2,89.6,100.1,29.959999999999997,41.3,46.5,70.8,7.420000000000004,0.7254237288135593,0.6567796610169492
444,8_SM_000445,F,157.1,55.8,32.230000000000004,86.2,72.5,94.9,29.639999999999997,32.5,46.7,60.8,7.1600000000000135,0.9119999999999999,0.768092105263158
1114,8_SM_001115,F,166.5,64.4,37.5,85.5,75.2,98.7,32.24,37.82000000000001,44.2,68.4,6.020000000000005,0.8524590163934425,0.6461988304093567
2829,8_SM_002830,M,165.6,69.0,38.260000000000005,94.9,88.0,97.6,31.829999999999995,37.88,44.8,70.1,8.6,0.8402851108764517,0.6390870185449358
656,8_SM_000657,F,174.6,78.8,33.38,97.3,81.4,104.8,35.53,40.72,50.4,74.1,5.9,0.8725442043222005,0.680161943319838
1561,8_SM_001562,F,153.7,51.1,34.019999999999996,85.5,75.1,88.7,28.759999999999998,34.8,40.6,63.9,5.770000000000005,0.8264367816091954,0.6353677621283256
2882,8_SM_002883,M,175.7,73.0,37.5,100.2,82.6,96.7,31.5,40.87,45.3,71.8,8.159999999999991,0.7707364815267923,0.6309192200557103
3163,8_SM_003164,M,183.2,94.3,43.63,112.6,97.7,105.2,31.26,41.89,50.5,73.6,7.079999999999996,0.7462401527810933,0.6861413043478262
637,8_SM_000638,F,163.4,55.4,33.67,80.8,74.4,94.9,31.079999999999995,36.19,44.4,66.2,8.330000000000018,0.8588007736943907,0.6706948640483383
680,8_SM_000681,F,150.4,56.1,32.21,90.0,79.7,96.4,28.000000000000007,32.83,45.3,60.5,6.05,0.8528784648187636,0.7487603305785123
1264,8_SM_001265,F,154.3,69.6,32.04,96.8,91.4,103.1,29.340000000000003,36.31,40.5,63.5,4.85,0.8080418617460755,0.6377952755905512
487,8_SM_000488,F,157.1,58.4,34.65,87.2,79.4,97.3,29.060000000000002,35.71,42.3,62.2,7.25,0.8137776533183982,0.680064308681672
1599,8_SM_001600,F,164.3,47.2,35.71,81.5,64.2,85.7,33.06999999999999,39.63,41.8,71.1,7.6099999999999905,0.8344688367398433,0.5879043600562588
4210,8_SM_004211,M,170.0,59.4,39.480000000000004,86.8,74.0,94.4,33.370000000000005,39.55,42.7,72.0,9.530000000000019,0.8437420986093555,0.5930555555555556
4261,8_SM_004262,M,171.5,60.8,38.2,89.7,82.7,90.2,32.82,39.87,44.0,71.6,7.1299999999999955,0.8231753197893154,0.6145251396648045
1477,8_SM_001478,F,158.9,68.2,37.36,96.3,82.8,104.2,29.55,35.75,44.8,64.4,6.479999999999995,0.8265734265734266,0.6956521739130433
3200,8_SM_003201,M,187.7,86.7,41.92,103.7,84.0,102.7,32.879999999999995,43.05,49.7,77.9,9.820000000000004,0.7637630662020906,0.637997432605905
2948,8_SM_002949,M,180.1,88.7,39.29,100.7,91.5,107.7,32.89,42.269999999999996,47.1,76.7,9.330000000000018,0.7780932103146441,0.6140808344198174
49,8_SM_000050,F,157.5,63.8,36.18,92.9,79.5,99.0,32.67999999999999,35.69,41.9,65.6,4.85,0.9156626506024095,0.638719512195122
3643,8_SM_003644,M,187.6,95.2,41.92,105.7,96.3,109.7,34.59000000000001,44.449999999999996,48.8,78.2,7.279999999999996,0.7781777277840273,0.6240409207161125
2483,8_SM_002484,F,154.3,51.6,35.08,84.1,71.7,94.2,29.96999999999999,35.8,41.6,64.5,7.729999999999995,0.8371508379888266,0.6449612403100775
868,8_SM_000869,F,165.1,56.5,34.96,87.1,79.9,92.3,34.629999999999995,38.12,44.4,71.8,5.3799999999999955,0.9084470094438615,0.6183844011142061
1086,8_SM_001087,F,164.5,75.1,38.769999999999996,97.0,81.7,109.0,32.39,37.0,43.1,68.4,7.3900000000000095,0.8754054054054055,0.6301169590643274
729,8_SM_000730,F,162.9,70.9,33.980000000000004,96.5,95.1,103.4,31.930000000000007,35.83,46.7,66.5,5.540000000000009,0.8911526653642201,0.7022556390977444
2570,8_SM_002571,M,179.8,78.0,39.410000000000004,93.5,81.5,96.8,35.22,41.33,49.4,75.5,4.290000000000009,0.8521654972175176,0.6543046357615894
1675,8_SM_001676,F,151.4,48.2,34.269999999999996,78.8,64.9,88.4,28.910000000000004,32.4,41.3,60.2,7.3399999999999865,0.892283950617284,0.6860465116279069
1671,8_SM_001672,F,159.9,54.8,34.769999999999996,85.2,71.7,94.3,30.799999999999994,37.839999999999996,41.6,68.0,4.670000000000004,0.8139534883720929,0.611764705882353
2870,8_SM_002871,M,174.3,65.1,42.72,89.9,79.8,90.5,32.39,39.35,45.8,71.2,8.969999999999981,0.8231257941550191,0.6432584269662921
3540,8_SM_003541,M,172.0,70.1,39.36,98.4,88.3,94.0,34.79,41.07,44.2,74.8,8.409999999999991,0.8470903335768201,0.5909090909090909
4521,8_SM_004522,M,178.1,83.3,41.65,101.1,93.5,101.5,30.7,41.68,47.5,72.0,7.259999999999991,0.7365642994241842,0.6597222222222222
4416,8_SM_004417,M,171.0,93.0,40.410000000000004,111.0,103.3,106.9,28.909999999999997,37.63,50.0,66.5,6.860000000000014,0.7682699973425458,0.7518796992481203
3999,8_SM_004000,M,172.0,60.6,38.989999999999995,90.0,78.4,89.3,34.36,38.470000000000006,44.6,72.2,9.410000000000014,0.8931635040291135,0.6177285318559557
4322,8_SM_004323,M,163.0,75.3,37.92,103.9,100.2,95.9,25.029999999999994,37.75,44.9,63.5,6.040000000000009,0.6630463576158939,0.7070866141732284
3375,8_SM_003376,M,182.7,90.1,44.54,101.3,90.8,105.7,30.15,44.36,45.7,76.5,11.25,0.6796663660955816,0.5973856209150327
1400,8_SM_001401,F,171.8,61.8,35.39,88.0,76.9,94.5,33.66,39.620000000000005,48.1,71.0,8.5,0.8495709237758706,0.6774647887323944
3123,8_SM_003124,M,179.4,84.8,40.4,100.8,95.7,100.0,31.880000000000006,39.519999999999996,49.9,71.4,6.960000000000013,0.80668016194332,0.6988795518207283
1414,8_SM_001415,F,176.0,68.5,37.65,91.6,76.9,101.7,35.3,42.029999999999994,45.8,75.2,8.189999999999987,0.8398762788484416,0.6090425531914893
1210,8_SM_001211,F,156.4,64.1,36.22,96.1,85.2,96.5,29.840000000000003,32.77,43.9,62.0,5.470000000000004,0.9105889533109551,0.7080645161290322
1423,8_SM_001424,F,165.8,65.1,36.21,90.4,75.4,99.0,32.940000000000005,37.27,59.0,64.1,8.120000000000005,0.8838207673732225,0.920436817472699
3115,8_SM_003116,M,181.5,90.0,41.17,102.5,89.7,107.5,33.9,43.410000000000004,47.3,77.1,8.10999999999999,0.7809260539046302,0.6134889753566797
1813,8_SM_001814,F,160.0,57.0,33.31,85.9,71.3,94.7,30.5,36.370000000000005,42.9,66.6,5.689999999999986,0.8386032444322242,0.6441441441441442
1490,8_SM_001491,F,163.0,66.9,36.4,90.4,79.8,102.2,31.4,37.39,43.8,69.3,6.65,0.83979673709548,0.6320346320346321
3385,8_SM_003386,M,167.3,70.7,39.97,95.7,82.5,100.7,29.78,36.879999999999995,46.1,66.6,9.369999999999981,0.8074837310195229,0.6921921921921923
35,8_SM_000036,F,162.4,49.7,33.85,78.2,64.4,91.8,33.21999999999999,38.24,41.1,69.1,6.229999999999995,0.8687238493723847,0.5947901591895803
3193,8_SM_003194,M,174.9,71.5,39.730000000000004,95.2,83.1,96.0,28.169999999999998,43.21,43.7,74.4,9.009999999999991,0.6519324230502198,0.5873655913978495
2586,8_SM_002587,M,191.8,84.7,42.44,101.0,87.0,105.1,39.77,46.74999999999999,44.8,85.3,9.25,0.8506951871657756,0.5252051582649472
2221,8_SM_002222,F,161.1,54.7,34.55,81.5,74.0,92.5,32.23,37.75,42.7,69.3,7.929999999999995,0.853774834437086,0.6161616161616162
3058,8_SM_003059,M,169.5,66.6,39.339999999999996,86.7,77.3,99.1,31.01,39.730000000000004,46.5,71.3,5.579999999999996,0.7805184998741505,0.6521739130434783
1301,8_SM_001302,F,155.6,56.2,33.839999999999996,88.5,77.2,92.8,30.800000000000004,34.779999999999994,41.3,64.2,6.6,0.8855664174813114,0.6433021806853582
352,8_SM_000353,F,154.4,43.8,31.669999999999998,82.3,71.0,83.5,30.770000000000003,34.14,40.5,64.2,5.05,0.9012888107791448,0.6308411214953271
3553,8_SM_003554,M,177.4,77.6,39.72,97.1,88.3,96.1,32.989999999999995,42.64,47.8,75.7,7.480000000000018,0.773686679174484,0.631439894319683
2545,8_SM_002546,M,177.7,60.5,40.07,86.1,71.5,89.7,37.739999999999995,41.480000000000004,45.0,76.1,9.79000000000001,0.9098360655737703,0.5913272010512484
1696,8_SM_001697,F,166.3,57.9,35.89,86.2,71.6,93.5,32.19,37.77,46.3,68.2,6.8,0.8522637013502778,0.6788856304985337
1458,8_SM_001459,F,165.4,50.3,36.239999999999995,80.7,70.0,88.4,32.33,37.98,46.1,69.7,6.8,0.8512374934175883,0.6614060258249641
2644,8_SM_002645,M,172.1,62.9,40.62,86.0,71.6,92.9,31.090000000000003,37.79,46.6,67.9,7.520000000000005,0.8227044191585077,0.6863033873343152
1686,8_SM_001687,F,163.1,47.8,36.760000000000005,76.0,63.1,91.4,30.410000000000004,36.07,48.8,65.3,7.809999999999991,0.8430828943720544,0.7473200612557427
2399,8_SM_002400,F,163.1,55.2,36.83,85.9,75.7,91.4,32.040000000000006,37.68,41.9,68.2,6.780000000000018,0.8503184713375798,0.6143695014662756
1194,8_SM_001195,F,156.0,66.7,38.07,99.0,86.3,97.2,29.75,34.79,41.0,62.8,7.270000000000005,0.8551307847082495,0.6528662420382166
3456,8_SM_003457,M,184.3,71.1,41.65,99.0,73.1,93.1,34.47,42.89,48.2,76.3,8.960000000000013,0.8036838423875029,0.6317169069462648
3932,8_SM_003933,M,174.2,86.1,40.47,105.7,100.8,103.1,29.28000000000001,38.66,49.3,68.2,7.8700000000000045,0.7573719606828766,0.722873900293255
2939,8_SM_002940,M,179.5,87.2,41.96,103.8,94.5,104.7,33.75,41.13,48.5,75.1,9.679999999999996,0.8205689277899343,0.6458055925432756
1931,8_SM_001932,F,169.5,65.3,36.42,88.3,80.5,99.4,33.59,37.77,48.7,69.0,7.75,0.8893301562086312,0.7057971014492754
1372,8_SM_001373,F,162.9,53.9,34.260000000000005,82.4,67.0,92.7,32.53,35.57000000000001,46.3,66.5,7.35,0.9145347202698902,0.6962406015037593
1840,8_SM_001841,F,158.0,54.0,35.29,86.9,78.2,91.2,28.520000000000003,36.65,44.1,65.0,6.0,0.7781718963165076,0.6784615384615384
796,8_SM_000797,F,153.3,47.1,34.47,80.4,65.1,87.8,29.089999999999996,35.07,40.6,62.8,6.479999999999995,0.8294838893641288,0.6464968152866243
474,8_SM_000475,F,167.6,90.5,36.28,110.1,97.7,111.6,32.470000000000006,39.38,48.9,71.1,6.170000000000004,0.8245302183849671,0.6877637130801688
141,8_SM_000142,F,151.8,50.5,29.72,83.8,77.0,91.2,27.71,33.82000000000001,44.1,60.8,2.7799999999999954,0.8193376700177408,0.7253289473684211
798,8_SM_000799,F,163.0,72.2,34.35,95.1,91.4,104.3,32.38,37.77,43.0,68.0,6.169999999999982,0.8572941487953402,0.6323529411764706
326,8_SM_000327,F,167.6,52.7,34.6,80.7,69.5,91.0,33.97,37.47,41.8,70.7,6.9100000000000135,0.9065919402188417,0.5912305516265912
3354,8_SM_003355,M,183.1,82.7,44.82,98.8,80.7,102.0,35.78000000000001,40.98,48.8,76.5,9.110000000000014,0.873108833577355,0.6379084967320261
724,8_SM_000725,F,173.8,65.2,35.47,86.0,76.8,101.8,35.2,40.480000000000004,46.6,73.4,7.239999999999986,0.8695652173913043,0.6348773841961852
4018,8_SM_004019,M,170.1,63.9,38.36,88.9,81.8,91.9,31.790000000000003,36.160000000000004,49.2,66.7,7.85,0.8791482300884955,0.7376311844077961
4377,8_SM_004378,M,177.2,87.1,41.19,105.3,96.1,101.2,31.470000000000006,41.9,48.9,72.9,5.95,0.7510739856801911,0.6707818930041152
3895,8_SM_003896,M,169.4,77.5,38.79,98.4,92.8,100.4,28.300000000000004,38.06,46.6,67.5,6.769999999999982,0.7435627955859171,0.6903703703703704
4182,8_SM_004183,M,167.5,72.1,37.92,96.5,94.7,96.6,28.140000000000004,37.11,45.2,66.3,7.3700000000000045,0.7582861762328215,0.6817496229260935
4509,8_SM_004510,M,171.0,51.2,38.25,76.4,70.6,86.3,34.07,39.12,44.2,72.6,7.9,0.8709100204498978,0.6088154269972452
409,8_SM_000410,F,164.2,57.5,32.75,84.2,68.5,98.5,33.42999999999999,35.08,45.4,66.9,6.709999999999991,0.952964652223489,0.6786248131539611
3631,8_SM_003632,M,184.1,76.0,43.760000000000005,96.2,82.6,94.0,32.870000000000005,48.86,46.2,82.0,8.29000000000001,0.6727384363487516,0.5634146341463415
1014,8_SM_001015,F,160.0,60.6,34.519999999999996,87.9,76.1,101.3,31.449999999999996,35.720000000000006,45.0,66.1,6.030000000000018,0.8804591265397533,0.6807866868381242
900,8_SM_000901,F,158.2,59.3,34.89,88.2,76.2,98.7,28.639999999999997,35.53,41.6,63.8,5.789999999999987,0.8060793695468617,0.652037617554859
2798,8_SM_002799,M,185.7,86.0,39.92,102.4,87.0,104.3,34.85000000000001,41.489999999999995,50.7,75.1,8.60999999999999,0.839961436490721,0.6750998668442079
3211,8_SM_003212,M,178.6,75.6,42.69,95.7,85.1,98.8,30.580000000000002,42.220000000000006,48.4,72.1,8.410000000000014,0.7243012790146849,0.6712898751733704
3758,8_SM_003759,M,169.5,78.2,38.65,102.7,85.8,102.0,28.35,39.260000000000005,42.6,69.1,7.690000000000009,0.7221090168110035,0.6164978292329957
2698,8_SM_002699,M,177.1,87.8,40.980000000000004,108.1,96.4,104.6,32.589999999999996,40.14,50.9,71.5,7.1,0.8119083208769307,0.7118881118881119
306,8_SM_000307,F,160.5,75.0,35.68,101.9,95.5,102.3,29.529999999999994,34.489999999999995,42.1,63.7,4.239999999999986,0.8561902000579877,0.6609105180533752
4061,8_SM_004062,M,179.2,88.2,42.83,104.4,96.5,106.8,31.449999999999996,42.68,46.1,74.3,9.730000000000018,0.736879100281162,0.6204576043068641
3935,8_SM_003936,M,178.5,82.5,39.45,103.3,98.3,102.4,33.8,40.44,50.0,73.4,8.840000000000009,0.8358061325420376,0.6811989100817438
672,8_SM_000673,F,173.8,67.6,35.910000000000004,90.2,77.9,100.3,34.78000000000001,39.66,45.4,73.3,7.840000000000009,0.876954109934443,0.6193724420190996
1192,8_SM_001193,F,161.1,65.3,35.010000000000005,95.3,87.2,98.0,31.330000000000005,36.05,46.0,66.2,6.779999999999996,0.8690707350901528,0.6948640483383686
1962,8_SM_001963,F,159.0,58.2,35.53,93.3,80.5,91.9,29.8,33.86,45.1,62.7,6.690000000000009,0.8800945067926758,0.7192982456140351
3761,8_SM_003762,M,176.6,80.2,42.88,99.4,87.5,97.5,30.590000000000003,40.1,48.7,70.6,8.559999999999992,0.7628428927680798,0.689801699716714
3500,8_SM_003501,M,169.2,63.8,37.42,86.3,80.7,92.3,27.15,40.35,46.6,68.4,6.929999999999995,0.6728624535315985,0.6812865497076023
2147,8_SM_002148,F,158.7,47.6,34.730000000000004,76.2,72.9,85.3,30.7,37.55,40.2,67.8,7.1299999999999955,0.8175765645805593,0.5929203539823009
3673,8_SM_003674,M,180.9,76.3,42.83,89.5,77.8,98.7,32.470000000000006,39.239999999999995,46.2,72.9,8.9,0.8274719673802245,0.6337448559670782
971,8_SM_000972,F,156.5,47.3,35.260000000000005,76.2,65.0,87.0,31.430000000000007,36.129999999999995,45.0,65.6,5.989999999999986,0.8699141987268201,0.6859756097560976
2024,8_SM_002025,F,160.4,60.2,37.53,91.3,79.6,97.0,29.48,37.89,43.2,67.2,6.8799999999999955,0.7780416996569015,0.6428571428571429
2164,8_SM_002165,F,156.8,68.0,36.0,99.9,91.5,97.6,29.520000000000003,37.04,42.6,65.1,6.070000000000005,0.7969762419006481,0.6543778801843319
2707,8_SM_002708,M,176.5,68.8,40.510000000000005,99.0,77.6,94.6,33.08,42.6,44.0,74.3,9.729999999999995,0.7765258215962441,0.5921938088829072
2353,8_SM_002354,F,150.0,51.4,32.83,88.6,78.3,90.1,29.190000000000005,31.79,42.8,60.9,6.35,0.9182132746146588,0.702791461412151
3165,8_SM_003166,M,172.9,87.2,40.730000000000004,103.9,96.8,104.0,30.149999999999995,39.81,47.2,69.5,5.65,0.7573474001507158,0.679136690647482
307,8_SM_000308,F,161.8,50.6,34.64,78.1,72.2,95.6,32.14,35.21,43.1,66.0,8.520000000000005,0.9128088611190003,0.6530303030303031
1455,8_SM_001456,F,152.9,46.1,34.82,78.8,69.1,84.1,30.339999999999996,35.61,40.4,65.2,7.059999999999991,0.8520078629598427,0.6196319018404908
1511,8_SM_001512,F,157.4,54.6,32.75,85.6,78.1,92.4,30.340000000000003,36.45,40.9,67.1,5.739999999999986,0.8323731138545953,0.609538002980626
926,8_SM_000927,F,159.6,53.5,37.83,81.4,68.4,88.7,32.769999999999996,34.73,45.8,64.9,6.8799999999999955,0.9435646415202994,0.7057010785824344
4294,8_SM_004295,M,166.3,67.6,37.65,98.4,89.0,95.9,28.29,39.16,42.6,67.9,8.35,0.7224208375893769,0.6273932253313697
3023,8_SM_003024,M,169.3,67.6,35.11,91.4,82.0,96.8,32.17999999999999,42.28,44.2,73.8,6.219999999999982,0.7611163670766318,0.5989159891598916
1639,8_SM_001640,F,167.8,69.6,36.94,94.0,80.8,102.4,33.39,37.58,48.7,69.4,5.419999999999982,0.8885045236828101,0.7017291066282421
3125,8_SM_003126,M,179.3,127.1,45.13,127.0,118.5,120.5,26.109999999999996,42.5,50.8,72.0,8.779999999999996,0.6143529411764705,0.7055555555555555
831,8_SM_000832,F,160.9,56.7,34.22,86.8,74.1,95.8,33.32,37.0,44.2,68.2,6.4,0.9005405405405406,0.6480938416422287
2690,8_SM_002691,M,175.7,67.5,38.75,96.8,74.4,93.3,35.709999999999994,42.910000000000004,44.8,77.4,7.189999999999986,0.8322069447681191,0.5788113695090439
1369,8_SM_001370,F,164.9,64.9,35.86,93.7,81.7,101.0,29.820000000000004,36.83,47.2,64.6,7.759999999999991,0.8096660331251698,0.7306501547987617
4028,8_SM_004029,M,160.6,70.6,37.63,99.1,88.3,98.3,28.23,35.480000000000004,42.9,63.6,6.15,0.7956595264937992,0.6745283018867925
4087,8_SM_004088,M,173.2,84.5,36.67,110.0,99.5,102.0,30.669999999999998,42.75,47.5,73.3,7.690000000000009,0.7174269005847953,0.6480218281036835
1010,8_SM_001011,F,160.5,48.6,34.32,75.9,64.0,88.3,34.465999999999994,36.23,40.6,68.9,7.009999999999991,0.951311068175545,0.5892597968069666
18,8_SM_000019,F,159.1,46.8,35.3,80.2,67.7,86.7,32.0,37.010000000000005,41.6,67.3,5.929999999999995,0.8646311807619561,0.6181277860326895
1652,8_SM_001653,F,172.5,71.9,36.21,93.0,82.8,106.0,36.45,39.03,46.6,73.6,7.329999999999996,0.9338970023059185,0.6331521739130436
1682,8_SM_001683,F,163.6,60.0,35.8,89.6,80.3,95.2,32.42999999999999,38.56,41.3,68.8,6.6099999999999905,0.8410269709543566,0.6002906976744186
498,8_SM_000499,F,159.9,52.7,34.06,83.7,72.2,94.8,31.45,35.32000000000001,46.5,64.3,6.820000000000005,0.8904303510758775,0.7231726283048212
3364,8_SM_003365,M,173.8,77.7,41.660000000000004,103.7,87.7,95.5,28.830000000000002,40.18,45.1,70.5,8.85,0.7175211548033849,0.6397163120567376
3076,8_SM_003077,M,173.8,79.1,39.15,96.2,93.2,97.4,28.51,36.88,51.1,67.3,8.060000000000013,0.7730477223427332,0.7592867756315008
696,8_SM_000697,F,160.3,60.6,34.18,91.0,72.0,93.9,29.089999999999996,35.24,46.4,63.1,5.570000000000005,0.825482406356413,0.7353407290015848
3030,8_SM_003031,M,165.0,61.6,38.019999999999996,87.3,79.9,95.0,29.46999999999999,37.5,40.0,66.7,6.979999999999995,0.7858666666666665,0.5997001499250375
1623,8_SM_001624,F,165.1,65.9,35.260000000000005,82.4,79.3,96.2,32.33,36.71,45.8,68.3,7.3900000000000095,0.8806864614546445,0.6705710102489019
3328,8_SM_003329,M,175.8,68.9,39.019999999999996,92.5,74.2,93.5,35.32000000000001,42.15,44.7,77.5,8.820000000000004,0.8379596678529065,0.5767741935483871
3197,8_SM_003198,M,177.5,77.0,40.6,98.4,87.4,98.9,30.440000000000005,43.239999999999995,45.6,73.6,6.85,0.7039777983348753,0.6195652173913044
1019,8_SM_001020,F,165.9,60.4,38.56,86.1,74.6,96.5,31.97,36.480000000000004,46.4,67.5,5.6299999999999955,0.8763706140350876,0.6874074074074074
2423,8_SM_002424,F,153.4,50.9,33.910000000000004,83.9,77.7,86.8,29.76,32.29,43.3,60.9,5.5,0.9216475689067823,0.7110016420361248
1106,8_SM_001107,F,166.2,50.3,39.089999999999996,83.5,74.0,88.2,33.24,39.64,44.7,71.6,7.730000000000018,0.8385469223007064,0.6243016759776537
1342,8_SM_001343,F,162.0,52.1,34.22,81.0,70.4,94.4,30.299999999999994,36.05,44.8,65.6,8.259999999999991,0.8404993065187238,0.6829268292682927
1692,8_SM_001693,F,163.4,47.0,36.1,80.0,61.9,85.4,32.27,37.82,41.9,68.8,6.309999999999991,0.8532522474881016,0.6090116279069767
2014,8_SM_002015,F,163.8,62.5,36.489999999999995,91.4,79.1,95.6,30.620000000000005,35.72,49.2,65.5,6.429999999999995,0.8572228443449049,0.751145038167939
1325,8_SM_001326,F,157.0,43.6,35.33,73.2,60.5,86.7,28.839999999999996,34.3,44.8,62.8,7.1299999999999955,0.8408163265306122,0.7133757961783439
2002,8_SM_002003,F,164.0,61.1,36.739999999999995,89.4,77.4,98.8,31.26,38.410000000000004,43.4,67.7,7.009999999999991,0.813850559750065,0.6410635155096012
2971,8_SM_002972,M,177.8,60.5,38.39,81.0,66.5,90.5,33.709999999999994,41.05,44.7,73.7,9.029999999999996,0.8211936662606576,0.6065128900949797
347,8_SM_000348,F,148.5,48.6,33.339999999999996,86.8,76.0,93.6,27.439999999999998,31.49,39.5,58.2,5.8599999999999905,0.871387742140362,0.6786941580756013
4016,8_SM_004017,M,179.2,63.5,39.589999999999996,88.5,76.9,92.8,35.739999999999995,39.760000000000005,49.7,74.8,8.970000000000004,0.8988933601609655,0.6644385026737969
996,8_SM_000997,F,150.8,59.1,36.13,92.6,78.9,96.2,29.339999999999996,32.76,42.4,59.4,6.989999999999986,0.8956043956043955,0.7138047138047138
3137,8_SM_003138,M,179.1,83.2,40.480000000000004,99.0,89.7,101.8,31.419999999999998,39.980000000000004,45.4,71.9,8.919999999999982,0.7858929464732365,0.6314325452016689
3690,8_SM_003691,M,181.0,89.1,43.2,102.3,91.6,104.7,31.309999999999995,42.35,47.8,74.9,7.229999999999995,0.739315230224321,0.638184245660881
3257,8_SM_003258,M,172.9,75.2,41.05,99.4,88.3,96.8,28.46,40.120000000000005,47.2,68.8,8.589999999999986,0.7093718843469591,0.6860465116279071
3893,8_SM_003894,M,171.0,63.0,39.71,95.0,77.5,88.6,31.220000000000006,40.15,44.8,71.4,6.479999999999995,0.7775840597758408,0.6274509803921567
1156,8_SM_001157,F,153.7,53.7,33.44,89.1,75.7,94.0,30.059999999999995,34.87,43.4,63.5,6.010000000000014,0.8620590765701175,0.6834645669291338
2373,8_SM_002374,F,161.1,58.7,34.35,92.8,78.8,88.5,28.570000000000004,38.29,44.5,66.0,6.85,0.746147819273962,0.6742424242424242
1213,8_SM_001214,F,157.0,51.5,34.3,81.5,69.7,86.7,30.07,34.160000000000004,43.6,62.1,7.1299999999999955,0.8802693208430913,0.7020933977455717
85,8_SM_000086,F,161.3,50.4,35.87,84.0,71.0,86.4,32.64,37.35,42.7,68.3,4.7,0.8738955823293173,0.6251830161054174
1533,8_SM_001534,F,159.6,50.6,34.43,79.0,66.2,88.9,30.810000000000002,35.510000000000005,41.1,65.7,7.35,0.8676429174880315,0.6255707762557078
3419,8_SM_003420,M,161.6,58.1,37.660000000000004,86.7,76.2,90.5,27.620000000000005,37.08,44.3,62.3,8.420000000000005,0.7448759439050703,0.7110754414125201
1396,8_SM_001397,F,157.6,66.4,36.269999999999996,93.2,80.6,96.0,28.6,36.96,42.2,65.8,4.6299999999999955,0.7738095238095238,0.6413373860182372
4240,8_SM_004241,M,163.1,63.9,40.47,92.5,87.0,96.3,28.910000000000004,36.85,41.3,65.2,8.570000000000004,0.7845318860244234,0.6334355828220858
1028,8_SM_001029,F,152.1,47.6,33.839999999999996,84.0,70.1,86.5,31.0,33.019999999999996,42.0,61.6,6.710000000000013,0.9388249545729862,0.6818181818181818
128,8_SM_000129,F,165.4,47.6,37.3,82.0,70.5,84.1,32.92999999999999,38.510000000000005,40.5,70.8,6.470000000000004,0.8551025707608411,0.5720338983050848
1379,8_SM_001380,F,164.8,57.2,37.7,83.8,67.7,97.0,32.58,38.17,45.5,69.3,7.189999999999986,0.8535499083049515,0.6565656565656566
3581,8_SM_003582,M,176.5,70.8,39.61,94.5,79.3,96.3,31.439999999999998,42.790000000000006,45.5,74.4,7.889999999999986,0.7347511100724466,0.6115591397849461
4300,8_SM_004301,M,165.7,76.4,38.69,97.5,99.9,95.6,28.6,36.83,45.8,65.6,6.1,0.7765408634265545,0.6981707317073171
901,8_SM_000902,F,153.0,51.0,33.769999999999996,84.4,75.7,91.3,30.0,35.18,41.7,64.3,5.440000000000009,0.8527572484366117,0.6485225505443235
3517,8_SM_003518,M,173.5,72.1,38.269999999999996,100.5,83.2,92.6,32.45,40.88,45.9,73.6,6.739999999999986,0.7937866927592955,0.6236413043478262
1374,8_SM_001375,F,154.8,46.2,32.910000000000004,80.1,67.8,89.0,30.24,36.39,43.1,64.8,7.6400000000000095,0.8309975267930749,0.6651234567901235
310,8_SM_000311,F,161.2,46.0,31.47,75.1,66.1,84.4,31.919999999999998,35.42,43.0,66.8,5.5,0.901185770750988,0.6437125748502994
1676,8_SM_001677,F,158.2,46.9,34.2,84.5,66.9,86.4,32.13,35.22,43.0,66.9,6.3,0.9122657580919933,0.6427503736920777
2446,8_SM_002447,F,153.6,53.2,36.67,88.8,75.7,93.0,27.529999999999994,32.57,43.7,59.3,7.3799999999999955,0.8452563708934601,0.7369308600337269
3203,8_SM_003204,M,182.3,67.6,43.67,87.5,73.2,94.0,34.86,40.61,49.4,75.4,11.15,0.8584092588032505,0.6551724137931034
1332,8_SM_001333,F,162.7,52.7,36.07,77.9,70.4,91.3,34.16,34.94,45.7,67.5,8.429999999999996,0.9776760160274757,0.6770370370370371
3671,8_SM_003672,M,174.4,70.4,40.839999999999996,97.8,81.9,96.0,32.2,42.17999999999999,45.3,73.8,6.6,0.76339497392129,0.6138211382113821
3591,8_SM_003592,M,170.2,73.0,40.989999999999995,93.8,83.2,99.5,30.829999999999995,39.89,44.5,70.8,8.569999999999983,0.772875407370268,0.6285310734463277
1223,8_SM_001224,F,154.6,45.5,34.4,73.0,63.5,89.2,29.779999999999994,33.39,40.9,60.9,8.4,0.8918837975441747,0.6715927750410509
4021,8_SM_004022,M,176.2,68.9,39.010000000000005,94.7,83.3,95.6,32.31999999999999,39.88,48.5,71.9,7.939999999999986,0.8104312938816447,0.674547983310153
3649,8_SM_003650,M,175.1,65.1,39.480000000000004,88.9,74.3,95.0,34.480000000000004,37.17,46.2,70.6,10.190000000000008,0.9276298089857412,0.6543909348441928
2488,8_SM_002489,F,163.5,60.3,35.68,95.3,78.8,93.0,28.149999999999995,37.480000000000004,45.7,65.6,6.909999999999991,0.7510672358591246,0.6966463414634148
1254,8_SM_001255,F,158.2,54.0,32.13,91.0,77.2,89.5,27.890000000000004,38.010000000000005,43.5,65.5,5.9,0.7337542751907393,0.6641221374045801
2304,8_SM_002305,F,155.0,56.1,36.36,94.5,86.8,86.1,26.429999999999996,35.38,43.1,62.0,6.840000000000009,0.7470322215941209,0.6951612903225807
278,8_SM_000279,F,155.3,45.7,31.98,79.9,70.0,87.1,30.77,34.07,40.9,63.8,7.440000000000009,0.9031405928969768,0.6410658307210031
494,8_SM_000495,F,161.5,58.5,31.869999999999997,86.5,74.5,93.3,32.76,37.230000000000004,45.1,68.3,5.389999999999986,0.8799355358581787,0.6603221083455345
4470,8_SM_004471,M,170.4,65.2,38.93,91.2,83.3,93.9,30.119999999999997,37.42,48.2,67.3,10.1,0.8049171566007481,0.7161961367013374
1244,8_SM_001245,F,167.7,54.6,35.68,83.3,68.3,93.0,32.17,37.07,45.7,68.1,7.489999999999986,0.8678176422983545,0.6710719530102791
4128,8_SM_004129,M,170.0,57.8,39.79,89.5,76.0,86.1,32.51,39.220000000000006,46.7,71.0,8.739999999999986,0.828913819479857,0.6577464788732394
4152,8_SM_004153,M,173.0,63.3,40.339999999999996,84.6,78.6,88.7,34.87,38.8,42.9,72.6,8.929999999999996,0.8987113402061856,0.5909090909090909
2590,8_SM_002591,M,173.2,57.7,39.989999999999995,87.8,69.5,89.6,28.53000000000001,39.19,46.5,67.1,7.520000000000005,0.7279918346516971,0.6929955290611028
3465,8_SM_003466,M,179.4,72.1,42.72,90.2,79.9,96.7,33.27,40.019999999999996,48.6,73.5,9.840000000000009,0.8313343328335834,0.6612244897959184
1072,8_SM_001073,F,159.0,51.6,36.69,76.3,66.8,90.1,31.490000000000002,35.18,44.4,63.2,8.389999999999986,0.8951108584422969,0.7025316455696202
2181,8_SM_002182,F,158.1,54.7,34.18,90.0,82.4,91.6,28.9,37.040000000000006,42.0,64.6,8.409999999999991,0.7802375809935204,0.65015479876161
284,8_SM_000285,F,171.7,67.9,33.480000000000004,92.5,84.2,99.0,34.60000000000001,39.010000000000005,48.6,71.6,7.15,0.8869520635734428,0.6787709497206704
3562,8_SM_003563,M,175.6,84.3,41.230000000000004,103.7,93.0,105.0,30.540000000000003,40.25,47.8,71.0,7.759999999999991,0.7587577639751554,0.6732394366197183
1331,8_SM_001332,F,149.8,55.6,33.839999999999996,94.9,79.3,92.5,27.93,32.86,41.4,61.1,7.420000000000004,0.8499695678636641,0.6775777414075286
978,8_SM_000979,F,160.9,49.7,34.96,75.6,65.7,87.4,32.07,34.660000000000004,41.8,65.0,7.009999999999991,0.925274091171379,0.643076923076923
2546,8_SM_002547,M,175.6,142.6,40.839999999999996,131.4,127.4,130.1,25.119999999999997,39.71,55.2,64.7,4.569999999999982,0.6325862503147821,0.8531684698608965
4432,8_SM_004433,M,166.4,71.3,41.089999999999996,99.3,84.6,94.6,29.580000000000002,39.3,43.6,68.8,8.10999999999999,0.752671755725191,0.6337209302325582
4499,8_SM_004500,M,170.7,65.5,39.71,94.4,86.4,91.2,32.080000000000005,42.489999999999995,42.8,73.7,5.780000000000018,0.7550011767474702,0.5807327001356851
2866,8_SM_002867,M,180.5,77.3,39.589999999999996,100.7,78.2,95.0,31.26,43.44,48.6,75.9,9.3,0.7196132596685083,0.6403162055335968
626,8_SM_000627,F,170.0,63.5,36.54,88.6,80.0,99.9,30.689999999999998,39.01,48.1,69.7,7.9,0.7867213534991028,0.6901004304160688
4488,8_SM_004489,M,176.2,66.6,38.410000000000004,92.2,81.3,93.2,29.47,41.58,50.8,70.8,6.810000000000014,0.7087542087542088,0.7175141242937852
1757,8_SM_001758,F,166.6,58.2,35.42,84.0,72.8,94.3,31.639999999999997,37.06,45.7,68.4,8.169999999999982,0.8537506745817591,0.6681286549707602
4085,8_SM_004086,M,161.1,63.8,36.239999999999995,96.3,94.0,89.8,27.560000000000002,37.19,45.7,64.6,6.079999999999996,0.7410594245764992,0.7074303405572756
3297,8_SM_003298,M,172.7,63.7,40.239999999999995,88.2,77.7,92.4,31.670000000000005,41.660000000000004,45.9,71.5,10.120000000000005,0.7602016322611619,0.641958041958042
1862,8_SM_001863,F,161.7,55.1,34.22,84.2,73.2,89.3,32.339999999999996,35.4,48.3,66.3,5.0,0.9135593220338982,0.7285067873303167
1594,8_SM_001595,F,156.0,49.0,33.739999999999995,83.3,63.9,85.0,29.759999999999998,36.89,38.8,65.8,5.179999999999995,0.8067226890756302,0.5896656534954408
1670,8_SM_001671,F,166.0,51.2,35.8,79.0,67.5,90.6,31.48,38.54,45.4,69.8,5.95,0.8168137000518941,0.6504297994269341
2367,8_SM_002368,F,146.3,58.1,34.87,98.7,86.7,89.3,24.389999999999997,33.309999999999995,44.2,57.4,5.559999999999991,0.7322125487841489,0.770034843205575
2227,8_SM_002228,F,160.0,70.9,38.79,98.6,89.7,99.0,29.3,36.36,44.5,64.6,5.229999999999995,0.8058305830583059,0.6888544891640868
2035,8_SM_002036,F,160.5,66.6,35.31,98.3,90.8,95.4,30.579999999999995,36.660000000000004,43.5,67.6,5.689999999999986,0.8341516639388977,0.643491124260355
1971,8_SM_001972,F,160.2,70.2,37.78,103.0,95.0,100.5,28.46,38.019999999999996,45.8,65.7,7.5899999999999865,0.7485533929510785,0.6971080669710806
1322,8_SM_001323,F,159.3,55.8,35.32,89.5,75.0,89.9,31.380000000000006,36.4,44.9,65.8,5.15,0.8620879120879122,0.682370820668693
2018,8_SM_002019,F,154.2,74.9,35.8,105.5,100.2,107.0,29.02,34.43,41.7,62.4,4.810000000000014,0.8428695904734244,0.6682692307692308
581,8_SM_000582,F,158.2,61.8,31.77,87.3,78.5,99.1,31.429999999999996,33.71,45.7,63.8,5.469999999999982,0.9323642835953722,0.7163009404388716
3331,8_SM_003332,M,185.3,85.8,41.92,101.4,85.0,103.0,34.15,46.39999999999999,47.8,81.6,7.920000000000004,0.735991379310345,0.5857843137254902
1721,8_SM_001722,F,160.2,54.2,34.55,80.8,68.1,92.5,31.299999999999994,37.42,41.1,66.7,6.1299999999999955,0.836451095670764,0.616191904047976
3038,8_SM_003039,M,168.9,75.1,39.11,100.3,87.6,95.4,28.28000000000001,36.37,45.8,64.0,6.430000000000018,0.7775639263128955,0.715625
2826,8_SM_002827,M,180.7,81.2,41.0,102.9,85.4,101.6,33.39,44.17,47.3,77.2,8.0,0.7559429477020602,0.6126943005181347
3697,8_SM_003698,M,174.4,76.5,41.13,94.8,87.8,100.2,30.15,39.790000000000006,49.0,70.8,7.6099999999999905,0.7577280723799948,0.692090395480226
871,8_SM_000872,F,161.4,49.1,33.54,78.2,64.9,86.6,31.950000000000006,35.0,44.8,65.4,6.489999999999986,0.912857142857143,0.6850152905198775
1816,8_SM_001817,F,159.0,42.3,34.85,73.2,62.5,83.7,32.09,36.92,41.6,67.6,5.709999999999991,0.8691765980498375,0.6153846153846154
1643,8_SM_001644,F,170.8,60.5,35.53,84.8,70.2,97.7,32.790000000000006,38.489999999999995,47.2,71.2,8.659999999999991,0.8519095869056901,0.6629213483146068
2008,8_SM_002009,F,163.1,66.0,36.82,97.4,87.5,96.3,31.78000000000001,34.955,46.8,66.2,7.190000000000009,0.909168931483336,0.7069486404833836
272,8_SM_000273,F,164.5,47.8,33.4,75.0,69.7,88.6,33.989999999999995,37.262,43.3,70.7,7.189999999999986,0.9121893618163275,0.6124469589816124
636,8_SM_000637,F,151.8,45.2,33.25,76.1,67.4,87.2,31.089999999999996,34.55,37.9,62.9,6.9100000000000135,0.8998552821997106,0.602543720190779
2349,8_SM_002350,F,153.8,56.8,35.730000000000004,92.8,87.3,91.3,28.76,34.04,42.4,61.8,7.6400000000000095,0.8448883666274971,0.686084142394822
303,8_SM_000304,F,148.5,50.3,33.28,87.5,71.7,91.5,31.45,32.39,36.7,61.3,6.35,0.9709786971287434,0.5986949429037521
464,8_SM_000465,F,159.9,63.1,32.730000000000004,90.6,79.9,96.6,28.870000000000005,34.9,47.8,62.8,6.579999999999996,0.827220630372493,0.7611464968152866
1462,8_SM_001463,F,162.2,56.1,35.82,83.7,73.8,90.3,30.930000000000007,37.76,43.8,67.9,7.8399999999999865,0.8191207627118646,0.6450662739322532
1487,8_SM_001488,F,166.2,72.3,38.13,97.6,79.2,100.4,31.759999999999998,37.31,46.2,69.1,6.509999999999991,0.8512463146609487,0.6685962373371925
2061,8_SM_002062,F,156.7,51.6,35.35,87.1,76.4,90.6,30.279999999999994,36.260000000000005,40.8,65.0,7.009999999999991,0.8350799779371205,0.6276923076923077
3539,8_SM_003540,M,171.6,82.5,40.45,106.3,91.8,97.6,29.15,38.97,47.4,69.1,6.1199999999999815,0.7480112907364639,0.6859623733719248
3056,8_SM_003057,M,170.6,69.0,39.64,94.5,84.8,94.5,31.940000000000005,40.839999999999996,40.0,71.5,8.439999999999987,0.7820763956904997,0.5594405594405595
2128,8_SM_002129,F,151.6,47.8,35.92,85.0,76.4,84.5,26.290000000000003,34.93,39.8,61.3,5.6,0.7526481534497568,0.6492659053833605
3973,8_SM_003974,M,173.9,68.7,40.05,89.3,79.0,97.6,29.560000000000002,43.129999999999995,47.3,73.7,5.670000000000004,0.6853698121956876,0.6417910447761194
3127,8_SM_003128,M,167.0,71.5,40.07,96.8,86.8,96.0,25.35,37.14,45.8,66.0,5.8,0.6825525040387722,0.6939393939393939
847,8_SM_000848,F,154.2,54.9,36.95,88.0,78.8,91.5,29.71,36.45,40.3,64.6,4.480000000000018,0.8150891632373114,0.6238390092879257
3117,8_SM_003118,M,174.8,65.9,37.4,93.0,76.8,93.6,31.919999999999998,42.79,45.8,74.3,8.720000000000004,0.7459686842720261,0.6164199192462988
2023,8_SM_002024,F,157.5,52.0,35.94,88.3,76.6,88.3,30.939999999999998,35.84,41.3,66.5,8.05,0.8632812499999999,0.6210526315789473
4462,8_SM_004463,M,167.4,52.9,36.97,84.2,74.2,85.2,32.32000000000001,37.15,47.3,68.9,6.1,0.8699865410497983,0.6865021770682147
508,8_SM_000509,F,156.0,60.6,35.19,88.2,79.1,98.2,25.77,33.69,44.0,58.2,6.189999999999986,0.7649154051647373,0.7560137457044673
2610,8_SM_002611,M,179.3,73.3,45.489999999999995,95.4,76.3,99.0,34.589999999999996,41.720000000000006,45.2,74.9,9.15,0.8290987535953976,0.6034712950600801
3457,8_SM_003458,M,167.9,67.3,38.79,99.3,81.4,93.6,31.150000000000006,36.42999999999999,44.9,66.3,8.229999999999995,0.8550645072742249,0.6772247360482655
383,8_SM_000384,F,160.4,53.0,32.38,86.0,71.7,92.1,33.99,36.94,42.6,68.7,5.3700000000000045,0.9201407688142935,0.6200873362445415
4298,8_SM_004299,M,179.0,86.7,42.019999999999996,105.9,90.5,99.9,32.9,41.370000000000005,49.8,73.3,8.670000000000005,0.7952622673434855,0.6793997271487039
1540,8_SM_001541,F,162.0,71.0,37.56,98.8,84.9,101.0,30.05,34.727,45.2,66.6,7.290000000000009,0.865320931839779,0.6786786786786788
3519,8_SM_003520,M,173.1,63.8,40.769999999999996,97.2,73.5,87.8,35.48,40.7,43.0,75.0,7.1400000000000095,0.8717444717444716,0.5733333333333334
2631,8_SM_002632,M,180.4,76.6,39.64,90.9,84.2,100.2,35.33,42.77,46.7,75.8,8.439999999999987,0.8260462941314004,0.616094986807388
2355,8_SM_002356,F,165.7,63.0,38.97,90.8,78.7,100.0,32.7,36.589999999999996,45.2,69.2,7.35,0.8936867996720417,0.6531791907514451
377,8_SM_000378,F,160.2,58.5,33.62,88.6,76.6,98.2,31.71999999999999,36.24,43.0,66.8,5.179999999999995,0.8752759381898452,0.6437125748502994
2655,8_SM_002656,M,179.9,75.2,40.89,97.2,83.2,99.0,38.6,42.510000000000005,44.3,80.3,6.479999999999995,0.9080216419665961,0.5516811955168119
2396,8_SM_002397,F,163.0,56.5,35.5,82.3,75.5,95.0,31.53,37.08,42.1,67.9,7.679999999999995,0.8503236245954693,0.6200294550810015
3678,8_SM_003679,M,177.2,82.2,42.82,104.5,84.2,100.5,32.88000000000001,41.5,47.3,74.1,8.220000000000004,0.7922891566265062,0.6383265856950068
949,8_SM_000950,F,161.2,61.0,35.5,89.3,81.6,98.8,29.620000000000005,38.95,44.2,67.4,6.529999999999996,0.7604621309370989,0.655786350148368
3136,8_SM_003137,M,172.4,59.0,39.15,82.9,77.7,87.9,30.3,41.95,44.2,73.4,9.339999999999986,0.7222884386174017,0.6021798365122616
3453,8_SM_003454,M,185.1,83.6,39.56,98.0,88.0,102.0,35.410000000000004,43.16,48.4,77.7,6.610000000000014,0.8204355885078778,0.6229086229086229
2162,8_SM_002163,F,164.5,56.7,35.32,87.1,78.9,88.8,30.97,38.6,40.6,68.7,5.320000000000005,0.8023316062176166,0.5909752547307132
3099,8_SM_003100,M,177.9,63.8,37.15,87.2,71.0,91.5,33.86,38.94,48.8,71.9,7.679999999999995,0.869542886492039,0.6787204450625869
2083,8_SM_002084,F,154.0,57.0,34.2,92.2,82.7,91.2,28.96,34.87,42.6,62.9,2.5700000000000047,0.8305133352451965,0.6772655007949125
534,8_SM_000535,F,161.1,47.7,33.019999999999996,75.2,65.0,89.6,32.629999999999995,35.980000000000004,41.2,67.1,8.169999999999982,0.9068927181767646,0.6140089418777944
3914,8_SM_003915,M,184.5,95.9,43.410000000000004,105.0,100.5,108.5,32.86999999999999,43.86,48.6,76.7,10.20999999999999,0.7494300045599633,0.6336375488917861
643,8_SM_000644,F,164.7,46.8,32.67,74.9,67.6,88.3,33.83,37.86,44.3,69.9,6.05,0.8935552033808769,0.6337625178826894
1284,8_SM_001285,F,162.2,74.5,35.989999999999995,99.0,87.7,107.8,29.46999999999999,34.36,47.2,63.6,5.720000000000004,0.857683352735739,0.7421383647798743
187,8_SM_000188,F,165.1,62.7,35.79,93.1,79.8,95.9,35.05,34.47,46.5,67.0,6.3799999999999955,1.0168262257035103,0.6940298507462687
3100,8_SM_003101,M,179.7,80.4,40.519999999999996,95.2,78.4,100.9,35.71,40.58,48.2,74.5,7.959999999999991,0.8799901429275506,0.6469798657718121
4468,8_SM_004469,M,162.4,64.8,37.47,96.3,96.4,90.8,30.439999999999998,36.910000000000004,42.9,66.8,6.469999999999982,0.8247087510159847,0.6422155688622755
4441,8_SM_004442,M,175.5,68.8,39.589999999999996,92.3,84.1,93.8,33.16,41.28,47.5,74.0,8.240000000000009,0.8032945736434107,0.6418918918918919
1812,8_SM_001813,F,157.4,43.4,33.65,77.0,69.9,84.4,29.8,35.31,42.5,65.5,7.6299999999999955,0.843953554233928,0.648854961832061
1456,8_SM_001457,F,158.8,52.7,35.22,79.7,71.3,93.3,28.21,37.3,46.1,65.0,7.5,0.7563002680965148,0.7092307692307692
2789,8_SM_002790,M,185.7,73.4,39.760000000000005,97.1,74.6,96.2,33.260000000000005,42.92999999999999,52.8,76.6,6.95,0.7747495923596555,0.6892950391644909
1550,8_SM_001551,F,154.4,48.0,33.480000000000004,82.5,65.0,87.0,29.040000000000003,36.05,39.3,65.2,6.429999999999995,0.8055478502080445,0.602760736196319
1288,8_SM_001289,F,165.6,67.0,34.660000000000004,93.4,88.1,97.5,31.18,38.06,46.5,67.3,6.1,0.8192327903310561,0.6909361069836553
3346,8_SM_003347,M,166.5,63.8,36.56,91.5,78.5,90.7,30.71,38.37,45.9,68.0,7.210000000000013,0.8003648683867606,0.6749999999999999
614,8_SM_000615,F,155.2,43.4,32.96,75.1,65.2,87.9,32.74,34.269999999999996,41.6,65.7,6.6,0.9553545374963527,0.6331811263318112
1727,8_SM_001728,F,155.1,48.6,33.010000000000005,81.4,64.9,86.1,31.23,34.480000000000004,43.6,63.1,6.7,0.9057424593967517,0.6909667194928685
2214,8_SM_002215,F,159.4,59.2,35.12,90.1,79.5,94.4,29.159999999999997,36.31,44.3,64.7,7.3599999999999905,0.8030845497108233,0.6846986089644512
965,8_SM_000966,F,156.1,47.0,35.72,76.3,68.0,86.9,30.76,35.5,39.5,65.1,6.95,0.8664788732394366,0.6067588325652842
3172,8_SM_003173,M,178.2,74.3,38.260000000000005,94.7,83.6,98.4,34.12,41.83,42.1,75.1,7.840000000000009,0.8156825245039445,0.5605858854860187
4430,8_SM_004431,M,157.0,57.3,36.089999999999996,91.8,78.8,90.5,28.440000000000005,33.79,42.9,61.7,4.540000000000009,0.8416691328795504,0.6952998379254457
406,8_SM_000407,F,160.6,55.7,31.85,84.2,81.2,97.2,31.75,36.970000000000006,43.9,67.8,6.909999999999991,0.8588044360292127,0.6474926253687315
2086,8_SM_002087,F,152.3,44.7,34.93,76.0,62.3,86.6,27.9,33.12,42.1,61.8,4.590000000000009,0.8423913043478262,0.6812297734627832
4325,8_SM_004326,M,168.3,68.6,38.46,97.5,86.3,93.0,29.349999999999994,36.760000000000005,48.2,66.1,8.65,0.7984221980413491,0.7291981845688352
1992,8_SM_001993,F,156.0,54.3,36.32,89.9,79.3,91.2,31.940000000000005,35.55,40.3,66.1,6.829999999999996,0.8984528832630101,0.6096822995461422
160,8_SM_000161,F,169.5,62.3,36.81,86.9,82.8,100.4,23.600000000000005,37.96,45.2,70.8,6.1299999999999955,0.6217070600632245,0.6384180790960453
1763,8_SM_001764,F,163.5,54.2,34.65,83.8,70.6,89.5,30.240000000000002,36.65,44.8,66.0,7.739999999999986,0.8251023192360165,0.6787878787878787
2878,8_SM_002879,M,175.4,72.8,37.660000000000004,93.7,77.2,96.0,31.6,40.48,47.2,70.2,6.470000000000004,0.7806324110671937,0.6723646723646723
912,8_SM_000913,F,161.3,54.3,37.32,88.2,76.2,89.0,31.2,36.72,44.7,66.6,4.3799999999999955,0.8496732026143791,0.6711711711711713
355,8_SM_000356,F,159.4,48.0,31.880000000000003,76.1,69.2,87.7,32.629999999999995,35.730000000000004,41.9,67.8,5.1,0.9132381752029105,0.6179941002949852
1245,8_SM_001246,F,163.6,56.6,35.489999999999995,88.7,74.9,97.0,30.889999999999997,39.39,43.2,68.3,6.420000000000004,0.7842091901497841,0.6325036603221084
4250,8_SM_004251,M,164.2,64.8,39.6,93.3,87.4,96.3,31.320000000000004,36.47,42.3,68.5,9.089999999999986,0.8587880449684674,0.6175182481751824
2155,8_SM_002156,F,140.0,42.3,31.75,80.7,71.2,82.0,25.670000000000005,30.979999999999997,38.9,55.8,4.8700000000000045,0.8285990961910913,0.6971326164874552
448,8_SM_000449,F,160.5,47.7,32.2,77.7,71.7,87.6,31.679999999999996,35.89,46.0,64.9,5.079999999999996,0.8826971301198104,0.7087827426810477
4496,8_SM_004497,M,154.6,55.6,38.63,90.1,82.4,86.3,27.320000000000004,35.379999999999995,43.2,61.5,6.409999999999991,0.7721876766534768,0.702439024390244
764,8_SM_000765,F,159.0,56.0,33.17,86.0,69.8,98.2,32.79,35.769999999999996,40.3,66.4,6.060000000000014,0.9166899636566956,0.6069277108433734
1752,8_SM_001753,F,166.5,71.9,36.93,93.3,84.3,106.8,30.470000000000006,38.309999999999995,46.0,67.7,5.5,0.7953536935525974,0.6794682422451994
4526,8_SM_004527,M,163.8,62.2,36.33,88.1,86.3,90.6,28.1,36.010000000000005,45.5,64.2,5.820000000000005,0.780338794779228,0.7087227414330218
314,8_SM_000315,F,169.9,60.2,35.13,84.9,76.4,94.8,34.839999999999996,38.839999999999996,44.7,72.6,4.959999999999991,0.8970133882595263,0.615702479338843
554,8_SM_000555,F,159.9,69.7,33.86,105.4,89.7,101.5,31.160000000000004,36.9,44.3,64.0,5.9100000000000135,0.8444444444444446,0.6921875
3299,8_SM_003300,M,168.4,61.3,38.480000000000004,91.0,79.0,89.6,31.72,41.120000000000005,45.3,72.4,6.9100000000000135,0.7714007782101167,0.6256906077348066
3617,8_SM_003618,M,170.3,66.6,38.07,90.4,79.0,93.1,31.070000000000004,39.19,46.9,70.7,7.8,0.7928042868078593,0.6633663366336633
309,8_SM_000310,F,160.1,53.2,34.82,82.0,73.1,93.7,32.97,35.11,43.0,66.7,7.069999999999982,0.9390487040729136,0.6446776611694153
2350,8_SM_002351,F,160.3,60.3,36.32,93.7,82.3,94.0,33.379999999999995,36.089999999999996,43.7,69.5,7.759999999999991,0.9249099473538376,0.6287769784172662
703,8_SM_000704,F,157.5,57.0,35.339999999999996,86.0,78.7,97.4,27.829999999999995,35.260000000000005,46.4,62.2,7.190000000000009,0.7892796369824161,0.7459807073954984
2371,8_SM_002372,F,157.1,58.3,34.43,91.0,81.7,93.9,27.7,34.07,44.3,60.8,4.929999999999995,0.8130319929556794,0.7286184210526315
1942,8_SM_001943,F,155.5,44.9,33.2,77.7,64.5,87.3,30.229999999999997,33.65,44.2,63.5,7.8700000000000045,0.8983655274888558,0.6960629921259843
3838,8_SM_003839,M,178.3,75.9,41.83,98.2,81.9,98.0,28.770000000000003,43.529999999999994,43.8,72.8,9.370000000000005,0.66092350103377,0.6016483516483516
759,8_SM_000760,F,162.1,52.8,35.0,82.7,72.3,92.4,30.2,35.55,47.1,64.7,7.479999999999995,0.849507735583685,0.7279752704791345
2954,8_SM_002955,M,173.3,56.1,39.05,85.6,66.4,89.5,32.84,38.92999999999999,46.5,71.7,10.270000000000005,0.8435653737477526,0.6485355648535565
1281,8_SM_001282,F,167.8,57.3,36.489999999999995,89.6,73.3,96.3,32.03,38.480000000000004,46.1,67.9,7.8700000000000045,0.8323804573804573,0.6789396170839469
2676,8_SM_002677,M,182.4,72.4,40.980000000000004,92.9,78.6,96.1,34.029999999999994,44.39,45.4,77.7,9.15,0.766614102275287,0.5842985842985843
3698,8_SM_003699,M,175.8,82.8,40.35,101.7,92.0,100.8,29.689999999999998,43.75,46.9,74.1,6.290000000000009,0.6786285714285714,0.6329284750337382
3333,8_SM_003334,M,182.0,97.6,40.12,105.4,96.0,112.0,27.060000000000002,44.78,51.0,72.8,7.9100000000000135,0.6042876284055382,0.7005494505494506
980,8_SM_000981,F,164.3,70.3,36.339999999999996,95.9,88.7,105.6,33.49,37.989999999999995,44.7,70.4,6.4,0.8815477757304555,0.6349431818181818
13,8_SM_000014,F,165.4,45.5,34.8,81.3,61.4,86.0,31.96,37.220000000000006,46.0,66.7,6.6600000000000135,0.8586781300376141,0.689655172413793
883,8_SM_000884,F,155.4,48.3,33.95,82.2,73.2,85.0,32.8,34.58,42.6,64.7,6.5,0.9485251590514748,0.6584234930448223
818,8_SM_000819,F,160.0,51.5,32.94,82.9,68.6,92.7,32.01,34.93,43.6,65.0,6.25,0.9164042370455195,0.6707692307692308
519,8_SM_000520,F,166.1,88.3,36.239999999999995,104.8,92.8,106.7,30.860000000000003,38.940000000000005,43.7,69.2,3.4200000000000044,0.7925012840267077,0.6315028901734104
3992,8_SM_003993,M,177.5,88.6,39.95,99.0,90.0,108.5,27.860000000000003,43.1,43.1,73.6,9.279999999999996,0.6464037122969838,0.5855978260869565
413,8_SM_000414,F,166.7,57.0,33.97,84.7,77.3,95.7,32.36999999999999,35.760000000000005,47.9,66.8,5.270000000000005,0.9052013422818788,0.7170658682634731
2773,8_SM_002774,M,182.8,80.4,40.08,100.1,86.4,101.8,32.32,41.839999999999996,52.3,75.0,8.670000000000005,0.7724665391969407,0.6973333333333332
3747,8_SM_003748,M,164.7,72.1,38.42,98.4,94.4,96.0,28.419999999999998,38.55,43.7,66.2,7.6200000000000045,0.737224383916991,0.6601208459214502
209,8_SM_000210,F,163.9,65.2,34.56,95.8,79.1,95.4,30.920000000000005,37.29299999999999,46.2,67.3,4.179999999999995,0.8291100206473068,0.686478454680535
2834,8_SM_002835,M,174.1,72.2,40.69,101.1,84.3,94.4,30.380000000000006,39.029999999999994,48.2,69.8,8.159999999999991,0.7783756085062775,0.6905444126074499
463,8_SM_000464,F,157.1,49.7,32.010000000000005,84.8,67.0,90.2,31.350000000000005,35.11,45.0,64.5,6.429999999999995,0.8929080034178298,0.6976744186046512
2827,8_SM_002828,M,171.8,83.6,40.92,104.1,94.8,103.4,26.830000000000002,38.15,48.6,66.0,7.95,0.7032765399737878,0.7363636363636363
2445,8_SM_002446,F,164.5,59.3,35.61,83.2,72.7,103.8,31.700000000000006,38.959999999999994,43.1,70.2,6.35,0.8136550308008217,0.613960113960114
2978,8_SM_002979,M,163.7,91.3,44.87,112.9,110.2,108.2,26.589999999999996,38.160000000000004,44.3,64.0,7.460000000000013,0.696802935010482,0.6921875
3635,8_SM_003636,M,178.8,84.9,38.69,100.9,94.5,102.1,28.609999999999992,44.010000000000005,46.0,75.4,8.190000000000008,0.6500795273801406,0.6100795755968169
3942,8_SM_003943,M,178.3,82.1,40.97,99.7,90.2,102.4,33.559999999999995,43.44,43.2,76.6,8.440000000000008,0.7725598526703499,0.5639686684073107
4387,8_SM_004388,M,172.4,76.4,38.57,102.8,93.3,96.2,31.1,39.92999999999999,47.7,70.9,6.55,0.7788630102679691,0.6727785613540197
1898,8_SM_001899,F,157.2,62.6,37.21,91.7,86.5,95.7,27.119999999999997,37.65,41.3,64.2,6.05,0.7203187250996016,0.6433021806853582
1728,8_SM_001729,F,154.8,47.3,34.53,85.9,67.9,88.2,29.750000000000007,35.08,41.3,63.6,6.540000000000009,0.8480615735461804,0.6493710691823898
3226,8_SM_003227,M,178.0,57.2,40.54,83.5,71.4,86.0,32.470000000000006,41.86,48.8,75.1,11.270000000000005,0.7756808408982323,0.6498002663115846
4205,8_SM_004206,M,167.5,78.8,42.15,101.4,95.7,98.2,26.27,38.04,44.3,64.9,6.9100000000000135,0.6905888538380652,0.682588597842835
558,8_SM_000559,F,162.0,48.5,35.56,84.5,67.6,87.0,32.709999999999994,35.53,43.7,68.0,4.95,0.9206304531381929,0.6426470588235295
1454,8_SM_001455,F,156.4,56.9,36.32,88.4,76.3,96.5,28.670000000000005,34.0,43.1,62.9,6.740000000000009,0.8432352941176472,0.685214626391097
2285,8_SM_002286,F,160.8,54.6,34.83,81.3,74.6,91.1,30.019999999999992,37.36,43.8,67.3,7.409999999999991,0.8035331905781583,0.6508172362555721
4347,8_SM_004348,M,164.0,65.6,38.85,90.8,86.3,92.7,31.409999999999997,37.7,43.3,68.5,6.459999999999991,0.8331564986737399,0.6321167883211678
1940,8_SM_001941,F,166.0,70.6,38.93,97.3,87.7,100.2,31.03000000000001,37.83,45.0,69.0,8.55,0.8202484800422948,0.6521739130434783
641,8_SM_000642,F,158.3,48.9,32.92,76.5,65.1,86.1,33.48,36.64,41.4,68.4,6.4,0.9137554585152837,0.6052631578947367
4369,8_SM_004370,M,177.0,74.2,40.8,97.6,86.1,98.0,32.01,39.989999999999995,48.4,71.7,6.4100000000000135,0.8004501125281321,0.6750348675034867
319,8_SM_000320,F,155.8,62.1,33.339999999999996,92.0,86.7,100.8,28.829999999999995,33.83,42.4,63.0,5.270000000000005,0.8522021874076262,0.673015873015873
3525,8_SM_003526,M,171.1,60.9,38.61,90.5,73.8,87.4,32.739999999999995,40.3,44.7,72.2,8.879999999999995,0.8124069478908188,0.6191135734072022
4277,8_SM_004278,M,173.0,93.1,40.260000000000005,112.2,102.5,108.5,29.940000000000005,37.8,45.7,68.6,7.889999999999986,0.7920634920634922,0.6661807580174928
1343,8_SM_001344,F,159.3,50.0,34.19,80.1,65.7,88.6,31.75,35.39,43.3,65.0,6.740000000000009,0.8971460864651031,0.6661538461538461
431,8_SM_000432,F,161.3,64.8,36.15,89.8,75.9,89.7,32.04,34.79,44.9,65.7,6.65,0.9209542972118425,0.6834094368340943
2747,8_SM_002748,M,173.0,68.9,40.83,96.5,76.7,93.4,33.36,41.08,45.0,71.6,8.360000000000014,0.8120740019474197,0.6284916201117319
105,8_SM_000106,F,174.9,75.5,35.17,93.2,86.2,103.5,36.56,37.95,50.4,72.7,3.4700000000000046,0.9633728590250329,0.6932599724896836
143,8_SM_000144,F,158.7,46.2,33.839999999999996,76.7,67.5,91.3,32.02,36.06,42.0,66.6,5.290000000000009,0.8879645036051026,0.6306306306306307
2184,8_SM_002185,F,151.4,78.6,36.28,109.8,104.0,104.7,26.71999999999999,32.690000000000005,44.6,58.7,4.690000000000009,0.817375344141939,0.7597955706984668
2713,8_SM_002714,M,180.6,88.6,38.910000000000004,100.9,87.2,103.4,35.33,43.1,49.6,76.5,8.679999999999996,0.819721577726218,0.6483660130718955
3927,8_SM_003928,M,184.4,76.2,40.660000000000004,97.2,81.4,98.2,34.1,41.56,52.6,74.5,11.670000000000005,0.8205004812319537,0.7060402684563759
2256,8_SM_002257,F,156.4,62.0,36.19,98.3,85.3,90.8,29.22,34.68,46.2,63.3,5.979999999999995,0.8425605536332179,0.7298578199052134
2776,8_SM_002777,M,170.6,65.8,39.54,90.1,78.9,94.2,32.07,40.1,55.0,71.8,8.690000000000008,0.7997506234413965,0.766016713091922
2178,8_SM_002179,F,154.0,55.0,34.769999999999996,91.0,85.6,87.8,26.770000000000003,37.56,41.2,64.4,5.659999999999991,0.7127263045793397,0.639751552795031
1964,8_SM_001965,F,161.8,71.5,38.839999999999996,98.3,89.0,98.4,29.77,34.839999999999996,47.9,64.5,6.759999999999991,0.8544776119402986,0.7426356589147287
1783,8_SM_001784,F,163.9,65.1,35.82,88.6,80.9,98.8,28.8,35.67,48.2,64.2,8.489999999999986,0.8074011774600505,0.7507788161993769
2287,8_SM_002288,F,155.0,49.3,34.57,77.7,72.3,92.1,26.659999999999997,33.010000000000005,42.4,59.4,7.059999999999991,0.8076340502877913,0.7138047138047138
1,8_SM_000002,F,167.2,60.0,36.79,86.2,75.9,94.9,33.260000000000005,38.459999999999994,42.1,69.7,7.479999999999995,0.8647945917836716,0.6040172166427547
2674,8_SM_002675,M,170.5,60.3,38.39,84.3,69.8,90.0,32.73,40.620000000000005,45.9,71.6,7.759999999999991,0.8057607090103396,0.6410614525139665
4505,8_SM_004506,M,166.7,65.3,39.64,93.7,80.8,93.3,27.929999999999996,36.8,44.0,66.2,9.059999999999992,0.7589673913043478,0.6646525679758308
1966,8_SM_001967,F,161.0,67.1,33.67,98.0,92.3,100.5,29.820000000000004,36.07,47.5,65.5,8.009999999999991,0.826725810923205,0.7251908396946565
3338,8_SM_003339,M,173.7,70.9,39.04,96.2,81.4,93.7,31.85,39.02,48.8,69.6,6.529999999999996,0.8162480779087647,0.7011494252873564
3656,8_SM_003657,M,166.4,69.7,37.83,97.2,90.7,96.4,28.46,35.97,44.9,65.0,10.0,0.7912149013066445,0.6907692307692308
2839,8_SM_002840,M,172.5,63.9,39.989999999999995,88.5,73.6,97.6,32.8,37.98,49.9,71.1,7.8,0.8636124275934702,0.7018284106891702
1123,8_SM_001124,F,167.2,57.7,35.910000000000004,83.5,77.8,97.9,33.4,40.69,43.3,72.1,7.820000000000005,0.8208405013516835,0.6005547850208044
2921,8_SM_002922,M,168.4,86.8,37.88,104.7,93.6,108.4,29.799999999999994,39.17,46.8,68.7,7.909999999999991,0.7607863160582076,0.6812227074235807
597,8_SM_000598,F,168.4,63.3,33.910000000000004,88.5,79.5,97.4,33.29,37.89,45.4,69.4,6.270000000000005,0.8785959356030615,0.6541786743515849
1710,8_SM_001711,F,157.4,60.8,37.13,90.1,77.0,100.3,30.7,34.959999999999994,44.0,65.1,7.220000000000004,0.878146453089245,0.6758832565284179
4089,8_SM_004090,M,171.5,76.7,41.230000000000004,100.2,98.2,99.7,30.389999999999997,39.86,43.8,70.1,8.45,0.7624184646261916,0.6248216833095578
2775,8_SM_002776,M,175.0,80.8,41.160000000000004,99.7,90.8,98.4,27.76,40.14,48.3,68.4,8.409999999999991,0.6915794718485302,0.7061403508771928
1591,8_SM_001592,F,161.3,57.6,34.910000000000004,89.3,74.4,93.3,30.750000000000007,38.44,42.8,68.7,5.740000000000009,0.7999479708636839,0.6229985443959243
3224,8_SM_003225,M,171.3,69.0,38.95,91.6,78.1,94.2,30.22,41.010000000000005,46.3,70.5,7.3700000000000045,0.7368934406242379,0.6567375886524822
215,8_SM_000216,F,160.8,48.2,32.32,79.5,64.5,89.0,31.9,33.77,49.6,64.4,5.829999999999996,0.9446254071661236,0.7701863354037266
788,8_SM_000789,F,162.4,61.1,31.839999999999996,85.5,78.0,97.0,29.74,35.95,46.7,64.4,5.909999999999991,0.827260083449235,0.7251552795031055
3621,8_SM_003622,M,180.4,78.5,41.160000000000004,97.5,92.9,97.5,32.720000000000006,45.044999999999995,44.9,78.1,7.090000000000009,0.7263847263847266,0.5749039692701665
3052,8_SM_003053,M,171.1,70.4,38.21,99.8,79.7,97.0,29.809999999999995,40.989999999999995,45.4,70.1,7.6299999999999955,0.7272505489143694,0.6476462196861626
2058,8_SM_002059,F,154.4,55.0,34.0,90.1,81.4,91.5,29.380000000000003,35.93,40.3,63.7,5.3,0.8177010854439188,0.6326530612244897
4106,8_SM_004107,M,166.7,78.7,39.31,104.5,102.7,99.5,30.370000000000005,38.269999999999996,48.5,67.4,6.2,0.7935719885027439,0.7195845697329376
2855,8_SM_002856,M,176.9,84.4,39.88,100.2,92.1,107.1,26.880000000000003,41.5,48.8,71.3,8.75,0.647710843373494,0.6844319775596073
4097,8_SM_004098,M,179.8,87.2,41.260000000000005,102.0,95.6,105.3,32.769999999999996,41.440000000000005,51.6,73.6,8.909999999999991,0.7907818532818531,0.7010869565217392
1582,8_SM_001583,F,166.5,56.2,36.81,83.7,74.2,94.5,30.869999999999997,38.3,43.8,68.3,8.660000000000014,0.8060052219321149,0.6412884333821376
3785,8_SM_003786,M,173.1,83.2,40.13,103.7,85.4,100.9,30.130000000000006,39.72,47.8,69.8,7.509999999999991,0.7585599194360525,0.6848137535816619
4292,8_SM_004293,M,177.7,84.1,42.39,100.8,98.7,101.6,30.660000000000004,42.5,47.4,72.4,5.35,0.7214117647058824,0.654696132596685
2919,8_SM_002920,M,175.3,63.7,38.55,88.8,74.9,92.5,30.589999999999996,42.87,45.6,73.2,6.540000000000009,0.7135526008864007,0.6229508196721312
4477,8_SM_004478,M,176.1,75.0,40.36,94.7,84.8,96.7,30.0,41.53,47.2,71.9,7.029999999999996,0.7223693715386468,0.6564673157162726
1358,8_SM_001359,F,161.7,78.2,37.11,106.8,91.8,103.3,28.340000000000003,38.1,47.2,66.6,6.45,0.7438320209973754,0.7087087087087088
2028,8_SM_002029,F,163.5,55.8,38.269999999999996,84.8,69.1,94.0,30.6,35.89,43.8,66.3,6.429999999999995,0.8526051825020897,0.6606334841628959
276,8_SM_000277,F,158.9,44.8,32.230000000000004,79.9,74.0,82.7,31.189999999999998,36.03,44.3,67.1,8.389999999999986,0.8656674993061337,0.6602086438152012
71,8_SM_000072,F,162.0,56.8,33.89,85.5,73.1,92.5,32.239999999999995,36.8,44.5,67.8,4.170000000000004,0.8760869565217391,0.6563421828908554
1101,8_SM_001102,F,163.8,60.8,33.53,82.8,75.5,98.7,31.02,37.81,48.6,67.2,6.010000000000014,0.8204178788680243,0.7232142857142857
397,8_SM_000398,F,166.9,51.6,33.04,78.8,66.7,94.7,32.629999999999995,37.68,45.2,69.0,7.409999999999991,0.865976645435244,0.655072463768116
589,8_SM_000590,F,157.2,47.6,34.21,81.8,74.0,89.5,30.540000000000003,36.769999999999996,39.1,66.3,6.9,0.8305683981506665,0.5897435897435898
1382,8_SM_001383,F,160.6,54.6,34.95,82.7,72.0,95.1,31.47,37.42,45.4,67.9,8.829999999999995,0.8409941207910208,0.6686303387334315
4532,8_SM_004533,M,179.0,76.2,46.18,98.0,91.3,99.8,32.76,43.58,45.1,76.9,6.289999999999987,0.7517209729233594,0.5864759427828349
3330,8_SM_003331,M,175.6,78.7,40.480000000000004,97.8,86.2,98.5,35.589999999999996,44.39,45.9,77.4,7.929999999999995,0.8017571525118269,0.5930232558139534
2568,8_SM_002569,M,171.5,73.5,39.04,95.2,78.3,97.2,32.89,39.52,46.3,71.8,7.35,0.832236842105263,0.6448467966573816
3355,8_SM_003356,M,174.0,65.5,38.69,95.0,76.0,91.7,30.740000000000002,42.43,46.6,72.5,6.25,0.7244873909969362,0.6427586206896552
4353,8_SM_004354,M,166.6,70.2,37.06,99.3,88.2,92.3,27.560000000000002,35.3,46.6,64.0,5.779999999999996,0.7807365439093485,0.728125
4367,8_SM_004368,M,161.4,67.2,39.11,96.3,88.7,94.0,25.740000000000002,36.089999999999996,43.1,61.9,7.35,0.7132169576059851,0.6962843295638126
3427,8_SM_003428,M,178.9,87.5,39.58,105.0,92.8,102.6,31.720000000000006,40.79,49.2,72.8,9.279999999999996,0.777641578818338,0.6758241758241759
1778,8_SM_001779,F,167.2,60.6,37.12,89.8,74.1,95.8,32.79,38.39,43.6,71.1,7.829999999999996,0.8541286793435791,0.6132208157524613
3998,8_SM_003999,M,172.3,70.1,38.160000000000004,97.8,87.9,91.2,33.660000000000004,38.35,45.2,71.1,7.3799999999999955,0.8777053455019558,0.6357243319268636
1274,8_SM_001275,F,159.7,57.4,34.8,82.3,71.5,94.0,33.629999999999995,35.230000000000004,43.7,66.8,5.1400000000000095,0.9545841612262274,0.6541916167664671
4093,8_SM_004094,M,167.5,70.4,38.769999999999996,96.0,87.8,93.4,28.310000000000002,39.53,45.5,66.7,8.639999999999986,0.7161649380217556,0.6821589205397302
2268,8_SM_002269,F,155.3,54.4,35.53,89.4,81.6,92.0,29.970000000000006,35.54,41.3,64.6,6.210000000000013,0.8432751828925157,0.6393188854489165
531,8_SM_000532,F,168.8,53.6,32.480000000000004,83.0,68.0,90.3,33.66,38.510000000000005,47.8,71.2,7.3399999999999865,0.8740586860555698,0.6713483146067415
380,8_SM_000381,F,150.7,47.8,31.830000000000002,77.3,71.0,90.0,29.51,30.809999999999995,42.7,58.4,5.4100000000000135,0.957805907172996,0.7311643835616439
1574,8_SM_001575,F,160.0,45.3,34.97,73.3,60.1,83.7,30.079999999999995,36.720000000000006,43.1,67.0,6.95,0.81917211328976,0.6432835820895523
3101,8_SM_003102,M,186.7,92.2,37.88,101.7,95.3,108.3,38.69,45.18,51.4,81.8,6.770000000000005,0.8563523683045595,0.628361858190709
1978,8_SM_001979,F,159.0,50.9,35.82,85.0,69.6,83.8,30.75,34.709999999999994,43.4,64.1,5.519999999999982,0.8859118409680209,0.6770670826833074
4307,8_SM_004308,M,166.5,72.7,41.36,102.7,92.3,95.7,26.8,38.68,42.1,64.7,5.319999999999982,0.6928645294725957,0.6506955177743431
351,8_SM_000352,F,160.3,47.0,32.7,80.5,63.8,86.1,30.900000000000006,35.55,45.5,65.8,4.9,0.8691983122362872,0.6914893617021277
3988,8_SM_003989,M,183.6,94.4,38.92,102.2,94.4,104.5,31.70999999999999,43.64,55.4,74.8,7.3599999999999905,0.7266269477543535,0.7406417112299465
2261,8_SM_002262,F,158.1,51.8,35.22,87.5,74.3,87.1,30.880000000000006,37.22,41.5,66.7,6.65,0.8296614723267063,0.6221889055472264
4375,8_SM_004376,M,162.6,66.8,37.0,94.7,94.2,93.5,25.609999999999996,38.01,43.3,64.7,5.75,0.6737700605103919,0.669242658423493
1724,8_SM_001725,F,169.1,50.0,37.39,79.8,66.7,87.0,31.200000000000006,40.36,42.9,71.2,9.079999999999995,0.7730426164519327,0.6025280898876404
1064,8_SM_001065,F,163.4,54.4,35.4,87.7,73.7,89.0,33.6,40.519999999999996,42.1,72.4,6.460000000000013,0.8292201382033565,0.5814917127071823
596,8_SM_000597,F,162.4,56.7,31.77,85.5,73.4,94.5,33.55,36.07,45.7,67.8,5.720000000000004,0.9301358469642361,0.6740412979351034
524,8_SM_000525,F,160.7,55.7,32.19,84.8,72.4,93.8,30.560000000000002,35.42,44.5,63.9,6.1400000000000095,0.862789384528515,0.6964006259780908
4024,8_SM_004025,M,166.0,70.6,39.36,98.2,93.0,96.5,28.390000000000004,38.79,44.3,65.9,7.970000000000004,0.7318896622840939,0.6722306525037935
3372,8_SM_003373,M,176.5,106.3,40.480000000000004,111.3,104.4,117.2,29.139999999999997,43.269999999999996,49.0,71.7,4.729999999999995,0.6734458054079039,0.6834030683403068
2492,8_SM_002493,F,161.3,59.4,35.410000000000004,85.5,77.4,98.4,30.149999999999995,36.65,41.9,65.4,5.440000000000009,0.8226466575716234,0.6406727828746177
1097,8_SM_001098,F,161.8,58.1,37.2,82.9,72.2,94.5,31.169999999999998,36.77,45.4,65.5,8.420000000000005,0.8477019309219471,0.6931297709923664
3804,8_SM_003805,M,171.7,78.5,39.519999999999996,97.5,88.5,100.0,32.1,40.57000000000001,46.2,72.8,6.560000000000014,0.7912250431353216,0.6346153846153847
4344,8_SM_004345,M,173.0,67.9,39.33,91.8,85.3,93.3,31.830000000000005,41.7,46.2,72.9,7.490000000000009,0.7633093525179857,0.6337448559670782
4049,8_SM_004050,M,169.7,87.1,37.92,103.3,99.1,106.1,30.560000000000002,38.480000000000004,47.6,67.9,8.080000000000018,0.7941787941787941,0.7010309278350515
1309,8_SM_001310,F,156.5,47.9,35.69,76.5,71.6,91.5,29.879999999999995,36.79,39.3,67.1,9.620000000000005,0.8121772220712149,0.5856929955290611
1824,8_SM_001825,F,162.3,59.1,35.53,91.0,77.0,97.1,29.51,38.38,42.3,67.3,6.75,0.7688900468994267,0.6285289747399703
801,8_SM_000802,F,161.5,62.1,33.45,92.9,79.1,98.2,32.6,37.13,40.8,68.2,3.7,0.8779962294640452,0.5982404692082111
802,8_SM_000803,F,152.5,82.8,31.96,111.4,105.5,114.0,24.129999999999995,33.44,46.1,57.0,4.510000000000014,0.721590909090909,0.8087719298245615
3506,8_SM_003507,M,182.9,89.2,40.67,103.3,93.9,101.7,31.09000000000001,45.239999999999995,49.0,78.7,7.490000000000009,0.6872236958443858,0.6226175349428208
1995,8_SM_001996,F,157.2,61.0,36.760000000000005,90.2,78.4,96.3,26.740000000000002,34.39,44.6,60.5,5.6600000000000135,0.777551613841233,0.7371900826446282
4208,8_SM_004209,M,166.0,56.0,41.14,86.5,78.0,89.4,29.93,40.97,40.8,68.9,8.660000000000014,0.7305345374664388,0.5921625544267053
4276,8_SM_004277,M,173.6,68.4,40.08,95.5,88.8,95.4,32.83,41.8,45.9,74.0,6.5,0.7854066985645933,0.6202702702702703
1545,8_SM_001546,F,164.6,53.7,35.769999999999996,79.9,71.3,92.7,30.919999999999998,37.489999999999995,44.4,68.5,7.3799999999999955,0.8247532675380101,0.6481751824817518
1425,8_SM_001426,F,158.9,66.3,35.47,96.0,85.2,94.6,31.35,36.260000000000005,45.4,66.1,7.789999999999987,0.8645890788747931,0.686838124054463
3654,8_SM_003655,M,168.4,66.9,38.37,92.5,76.8,94.2,31.619999999999997,36.89,47.1,66.8,9.05,0.8571428571428571,0.7050898203592815
3958,8_SM_003959,M,171.1,70.5,41.06,95.2,82.4,96.8,31.130000000000006,38.91,44.2,70.0,6.75,0.8000514006682089,0.6314285714285715
83,8_SM_000084,F,168.9,61.2,37.53,89.7,75.4,98.0,33.97,37.55,45.6,69.0,5.090000000000009,0.9046604527296938,0.6608695652173914
4386,8_SM_004387,M,163.4,86.7,40.35,108.7,104.0,106.2,25.79,37.74,44.2,62.7,7.170000000000004,0.6833598304186539,0.7049441786283892
2365,8_SM_002366,F,150.2,51.1,35.75,87.8,73.4,88.4,24.339999999999996,34.0,43.0,58.1,5.930000000000018,0.7158823529411764,0.7401032702237521
20,8_SM_000021,F,165.3,56.9,39.64,80.5,74.0,94.6,33.019999999999996,37.260000000000005,40.6,67.9,7.770000000000005,0.8862050456253352,0.5979381443298969
2786,8_SM_002787,M,169.2,77.1,38.019999999999996,98.6,91.4,100.0,32.29,37.190000000000005,47.0,70.0,6.5,0.8682441516536702,0.6714285714285714
1577,8_SM_001578,F,156.8,49.2,34.86,80.7,66.4,84.4,28.790000000000003,35.61,42.7,63.5,6.260000000000014,0.8084807638303848,0.6724409448818898
983,8_SM_000984,F,163.2,53.8,35.53,83.0,68.9,90.8,35.54,38.79,43.7,71.1,6.509999999999991,0.9162155194637793,0.6146272855133615
1725,8_SM_001726,F,156.3,60.1,36.589999999999996,97.0,80.0,97.0,29.019999999999992,35.93,40.1,64.6,6.229999999999995,0.8076816031171721,0.6207430340557276
3243,8_SM_003244,M,165.7,64.0,39.3,93.6,73.9,90.1,31.78000000000001,39.6,40.0,70.4,7.459999999999991,0.8025252525252528,0.5681818181818181
1112,8_SM_001113,F,152.4,62.5,35.95,91.6,81.7,99.2,28.320000000000004,33.43,43.2,60.6,4.580000000000018,0.8471432844750225,0.712871287128713
3449,8_SM_003450,M,184.2,90.7,39.910000000000004,102.8,96.4,107.5,33.699999999999996,42.5,46.7,76.2,7.320000000000005,0.7929411764705881,0.6128608923884514
896,8_SM_000897,F,159.1,57.7,34.57,81.7,77.2,97.1,30.78,33.36,45.1,64.1,6.1,0.9226618705035972,0.7035881435257411
3141,8_SM_003142,M,172.7,63.3,40.94,90.1,76.0,93.7,30.680000000000007,42.73,41.5,74.3,9.010000000000014,0.7179967236133866,0.5585464333781965
4168,8_SM_004169,M,178.5,82.8,41.07,98.4,93.4,101.0,32.529999999999994,42.52,49.2,74.4,7.820000000000005,0.7650517403574786,0.6612903225806451
3858,8_SM_003859,M,174.2,70.3,40.17,92.4,76.3,93.5,30.639999999999997,39.480000000000004,48.0,70.4,8.79000000000001,0.7760891590678823,0.6818181818181818
520,8_SM_000521,F,151.6,60.2,30.99,89.1,83.8,94.7,28.369999999999997,32.66,46.6,58.5,5.579999999999996,0.8686466625842009,0.7965811965811966
747,8_SM_000748,F,162.3,76.3,34.72,106.7,94.4,98.4,29.589999999999996,38.81,46.5,67.8,5.169999999999982,0.7624323627930945,0.6858407079646018
1468,8_SM_001469,F,164.4,56.6,35.13,88.0,74.7,91.4,33.14,37.91,42.9,71.3,3.3200000000000047,0.874175679240306,0.6016830294530154
3235,8_SM_003236,M,171.1,68.2,41.67,99.0,80.5,92.8,33.48,39.35,42.4,71.1,7.85,0.850825921219822,0.5963431786216596
4278,8_SM_004279,M,166.5,73.0,39.089999999999996,96.0,92.7,94.4,27.919999999999998,39.029999999999994,45.6,66.1,6.310000000000014,0.7153471688444787,0.6898638426626325
2521,8_SM_002522,F,168.3,62.8,38.2,94.2,87.5,100.3,28.599999999999994,36.230000000000004,42.3,64.3,8.5,0.7894010488545402,0.6578538102643857
2141,8_SM_002142,F,160.6,70.3,38.62,97.0,89.4,99.8,28.309999999999995,36.53,45.1,64.3,4.989999999999986,0.7749794689296468,0.7013996889580094
916,8_SM_000917,F,158.1,43.9,32.94,77.4,65.4,83.2,31.96,36.029999999999994,46.0,65.3,6.659999999999991,0.8870385789619764,0.7044410413476264
2970,8_SM_002971,M,179.7,72.6,36.94,95.3,78.3,94.2,34.05,39.57000000000001,51.3,73.4,8.410000000000014,0.8605003790750566,0.6989100817438691
3674,8_SM_003675,M,180.8,99.0,42.32,114.4,99.9,105.9,34.040000000000006,43.519999999999996,49.4,77.9,6.940000000000009,0.782169117647059,0.6341463414634145
2522,8_SM_002523,F,148.6,46.1,34.15,84.8,73.6,86.4,29.370000000000005,32.339999999999996,40.1,61.4,6.9,0.9081632653061227,0.6530944625407167
2443,8_SM_002444,F,155.1,54.5,34.14,89.0,84.2,89.5,29.05,35.8,38.2,64.5,6.0,0.8114525139664805,0.592248062015504
957,8_SM_000958,F,167.1,59.2,38.75,81.7,70.1,93.8,31.139999999999997,37.019999999999996,47.4,67.5,6.6400000000000095,0.8411669367909238,0.7022222222222222
3089,8_SM_003090,M,173.8,65.2,41.33,91.4,81.0,90.4,35.74,43.15,39.8,78.8,10.220000000000004,0.8282734646581692,0.5050761421319797
3314,8_SM_003315,M,174.9,67.2,41.160000000000004,94.8,79.4,93.2,34.22,39.519999999999996,45.3,72.3,10.289999999999987,0.8658906882591094,0.6265560165975104
725,8_SM_000726,F,163.9,51.4,33.5,80.2,69.7,88.1,32.37,37.47,46.0,68.3,7.0,0.8638911128903122,0.6734992679355783
3302,8_SM_003303,M,175.6,64.9,38.88,88.2,76.0,90.8,33.28000000000001,40.29,45.6,72.2,8.720000000000004,0.8260114172251182,0.631578947368421
695,8_SM_000696,F,163.4,51.4,32.19,81.2,69.9,88.9,30.79,35.52,44.4,66.4,6.1600000000000135,0.8668355855855855,0.6686746987951806
713,8_SM_000714,F,161.0,67.0,32.55,91.6,78.8,99.1,30.15,35.230000000000004,44.8,63.4,6.3399999999999865,0.8558047118932727,0.7066246056782334
2368,8_SM_002369,F,148.4,48.3,33.82,83.8,70.0,89.0,26.919999999999998,34.08,42.5,60.7,5.5,0.789906103286385,0.700164744645799
2272,8_SM_002273,F,154.5,53.4,35.06,82.8,72.9,91.5,30.330000000000005,34.129999999999995,41.2,63.4,6.010000000000014,0.8886610020509819,0.6498422712933755
3685,8_SM_003686,M,169.6,82.7,40.75,103.2,92.6,103.5,28.6,41.290000000000006,45.4,69.3,7.329999999999996,0.6926616614192298,0.6551226551226551
21,8_SM_000022,F,166.5,71.1,37.4,101.8,83.8,101.0,31.929999999999996,37.660000000000004,43.5,69.1,7.290000000000009,0.8478491768454592,0.629522431259045
895,8_SM_000896,F,158.0,64.2,36.769999999999996,92.5,82.5,100.4,30.609999999999996,34.53,42.9,64.3,5.739999999999986,0.8864755285259194,0.6671850699844479
3811,8_SM_003812,M,184.2,105.0,42.05,116.2,104.6,103.7,31.20999999999999,45.290000000000006,46.7,77.7,4.970000000000004,0.6891145948332962,0.601029601029601
927,8_SM_000928,F,163.0,52.5,36.13,84.4,72.6,91.3,31.060000000000002,36.14,45.7,66.2,7.860000000000014,0.8594355285002767,0.6903323262839879
3050,8_SM_003051,M,189.6,95.3,41.81,102.4,92.8,107.7,36.4,44.029999999999994,51.8,80.0,10.560000000000013,0.8267090620031797,0.6475
3045,8_SM_003046,M,175.1,90.4,37.69,110.5,101.8,102.4,28.090000000000003,40.92999999999999,48.2,71.6,3.2299999999999955,0.6862936721231373,0.6731843575418995
4134,8_SM_004135,M,171.4,75.4,42.04,99.7,85.9,96.5,31.1,38.379999999999995,47.1,68.4,8.629999999999995,0.8103178738926525,0.6885964912280701
3132,8_SM_003133,M,172.4,63.9,36.4,92.2,78.0,92.0,31.940000000000005,42.85,43.7,75.3,6.520000000000005,0.7453908984830806,0.5803452855245684
1280,8_SM_001281,F,163.7,57.9,36.82,86.5,72.3,93.5,31.120000000000005,36.989999999999995,45.8,66.3,4.909999999999991,0.8413084617464182,0.6907993966817496
488,8_SM_000489,F,156.3,54.8,33.58,86.5,74.1,94.5,29.579999999999995,34.019999999999996,43.1,61.6,5.790000000000009,0.8694885361552027,0.6996753246753247
3741,8_SM_003742,M,163.7,58.3,41.7,86.7,72.6,91.3,27.570000000000004,34.160000000000004,45.1,63.4,8.689999999999987,0.8070843091334895,0.7113564668769716
1234,8_SM_001235,F,158.4,75.6,37.06,105.0,93.8,107.2,27.8,35.11,45.2,61.3,6.75,0.7917972087724295,0.737357259380098
280,8_SM_000281,F,160.9,58.3,32.17,90.5,75.9,96.3,31.169999999999998,34.81,44.9,65.0,6.090000000000009,0.8954323470267164,0.6907692307692308
998,8_SM_000999,F,165.7,58.8,35.79,86.8,71.6,93.0,33.69,38.38,46.7,68.8,6.429999999999995,0.8778009379885355,0.678779069767442
2099,8_SM_002100,F,167.8,63.2,38.46,88.9,79.4,97.2,30.359999999999996,37.86,46.8,67.1,7.85,0.8019017432646591,0.6974664679582713
1260,8_SM_001261,F,167.1,62.1,34.480000000000004,85.6,72.3,99.8,30.76,38.76,47.9,68.5,7.259999999999991,0.7936016511867906,0.6992700729927007
2397,8_SM_002398,F,148.0,56.0,35.65,89.2,78.6,95.1,26.25,33.4,40.9,59.2,5.95,0.7859281437125749,0.6908783783783783
577,8_SM_000578,F,153.9,49.1,33.71,77.4,67.0,89.0,29.78000000000001,33.67,42.8,60.9,5.279999999999996,0.8844668844668847,0.702791461412151
1450,8_SM_001451,F,171.0,51.8,33.94,86.6,67.6,88.7,34.46,40.089999999999996,43.7,72.7,8.1,0.8595659765527564,0.6011004126547456
1003,8_SM_001004,F,155.5,50.5,35.0,82.3,67.2,89.0,29.220000000000006,35.660000000000004,42.7,63.1,5.690000000000009,0.8194054963544588,0.676703645007924
2810,8_SM_002811,M,175.1,73.0,38.519999999999996,97.0,80.5,96.8,32.739999999999995,40.779999999999994,45.2,73.4,7.6300000000000185,0.8028445316331535,0.6158038147138964
2806,8_SM_002807,M,183.4,87.4,40.739999999999995,100.7,86.9,100.2,32.3,42.86,46.9,74.0,9.490000000000009,0.7536164255716286,0.6337837837837837
591,8_SM_000592,F,156.5,52.3,34.43,82.0,70.5,93.2,31.879999999999995,35.13,39.4,64.7,7.7,0.9074864787930542,0.6089644513137558
4255,8_SM_004256,M,175.6,87.3,41.14,107.9,100.3,102.5,33.440000000000005,40.620000000000005,46.0,73.6,7.9100000000000135,0.8232397833579518,0.625
2529,8_SM_002530,M,183.0,78.9,38.88,94.7,83.2,100.2,33.18,42.260000000000005,46.5,74.1,7.239999999999986,0.7851396119261712,0.6275303643724697
1364,8_SM_001365,F,160.5,67.7,36.1,92.5,77.3,107.6,29.15,36.239999999999995,43.3,65.3,7.830000000000018,0.8043598233995586,0.663093415007657
1017,8_SM_001018,F,162.7,55.4,33.980000000000004,87.3,73.5,86.5,30.750000000000007,38.379999999999995,48.0,67.4,4.05,0.8011985409067225,0.7121661721068249
682,8_SM_000683,F,164.2,64.3,38.04,94.3,83.1,100.3,32.410000000000004,36.45,48.0,66.0,5.909999999999991,0.8891632373113855,0.7272727272727273
2427,8_SM_002428,F,158.0,55.3,37.08,90.9,77.3,94.1,29.71,35.410000000000004,41.2,64.8,6.209999999999991,0.8390285230160971,0.6358024691358025
451,8_SM_000452,F,158.3,53.6,32.989999999999995,85.0,80.4,93.9,33.46,36.52,41.7,69.5,5.970000000000004,0.916210295728368,0.6000000000000001
3238,8_SM_003239,M,168.0,65.6,39.69,94.1,76.4,96.5,33.61,38.739999999999995,46.3,69.4,7.770000000000005,0.8675787299948374,0.6671469740634005
3746,8_SM_003747,M,178.1,102.0,42.17,113.3,101.2,109.0,26.879999999999995,42.620000000000005,47.3,69.2,10.0,0.6306898169873297,0.6835260115606936
2079,8_SM_002080,F,166.5,59.0,35.15,86.3,77.0,94.0,32.620000000000005,36.68,46.1,69.1,6.510000000000014,0.8893129770992367,0.6671490593342982
3953,8_SM_003954,M,180.3,77.9,41.0,97.2,88.0,96.5,30.429999999999996,43.730000000000004,45.3,73.9,8.170000000000005,0.695860965012577,0.6129905277401894
3189,8_SM_003190,M,175.6,88.3,40.67,104.5,97.2,105.0,29.43,40.73,49.2,70.5,5.659999999999991,0.7225632212128652,0.6978723404255319
1705,8_SM_001706,F,156.1,41.6,34.15,76.0,62.8,83.5,30.860000000000003,33.14,43.6,63.1,8.039999999999987,0.9312009656004828,0.6909667194928685
4117,8_SM_004118,M,179.3,74.6,40.489999999999995,96.5,86.3,95.9,31.57,40.480000000000004,50.5,72.5,9.160000000000014,0.779891304347826,0.696551724137931
1262,8_SM_001263,F,158.1,58.4,32.93,88.0,75.9,96.2,27.169999999999995,35.77,46.1,60.6,6.4100000000000135,0.7595750629018728,0.7607260726072608
2000,8_SM_002001,F,154.0,89.5,37.739999999999995,111.3,104.5,112.2,28.180000000000007,33.66,41.6,61.6,6.1200000000000045,0.8371954842543081,0.6753246753246753
297,8_SM_000298,F,153.3,55.0,35.96,87.0,76.5,91.9,32.11,34.029999999999994,40.2,64.4,5.420000000000004,0.943579194828093,0.6242236024844721
1562,8_SM_001563,F,160.1,60.0,38.19,91.5,78.8,92.8,27.32,36.82,41.8,64.7,7.139999999999986,0.7419880499728408,0.6460587326120556
2027,8_SM_002028,F,161.7,77.4,38.0,106.9,94.0,106.6,28.830000000000002,36.33,44.3,65.3,5.230000000000018,0.7935590421139554,0.678407350689127
594,8_SM_000595,F,154.0,83.3,34.510000000000005,109.3,98.0,108.3,28.100000000000005,33.0,45.8,60.0,4.960000000000013,0.8515151515151517,0.7633333333333333
2418,8_SM_002419,F,161.2,49.9,34.15,87.7,71.8,88.2,29.470000000000006,39.06,41.4,69.0,6.1600000000000135,0.7544802867383513,0.6
2144,8_SM_002145,F,154.3,71.3,36.72,102.7,95.6,101.4,26.019999999999992,34.55,43.6,60.8,5.710000000000013,0.7531114327062227,0.7171052631578948
3827,8_SM_003828,M,165.9,55.7,39.14,88.5,75.9,89.0,30.600000000000005,37.92,41.3,67.5,9.55,0.8069620253164558,0.6118518518518518
3669,8_SM_003670,M,177.1,79.8,42.07,99.7,85.4,100.0,30.45,41.8,46.8,71.8,8.740000000000009,0.7284688995215312,0.6518105849582173
4056,8_SM_004057,M,164.5,75.8,40.29,100.4,94.4,98.3,28.880000000000003,34.48,45.1,63.3,6.45,0.837587006960557,0.712480252764613
429,8_SM_000430,F,157.6,64.7,34.260000000000005,95.0,84.6,103.1,30.549999999999994,35.85,41.3,66.0,6.159999999999991,0.8521617852161784,0.6257575757575757
2602,8_SM_002603,M,178.6,85.1,43.05,100.8,84.9,101.1,28.85,41.06,50.2,72.9,7.909999999999991,0.7026302971261569,0.6886145404663923
1068,8_SM_001069,F,161.2,60.2,36.58,89.4,72.8,95.3,31.8,35.220000000000006,43.8,66.3,7.940000000000009,0.9028960817717204,0.6606334841628959
4151,8_SM_004152,M,174.3,73.6,41.08,98.0,91.6,97.5,34.8,40.18,46.6,73.5,7.040000000000009,0.8661025385764061,0.6340136054421769
562,8_SM_000563,F,164.1,50.0,33.95,76.2,65.5,90.8,34.00000000000001,35.839999999999996,40.8,68.6,5.6200000000000045,0.9486607142857146,0.5947521865889213
3775,8_SM_003776,M,180.8,121.6,39.54,124.0,121.4,118.2,27.8,44.260000000000005,54.8,74.0,7.4,0.6281066425666515,0.7405405405405405
3209,8_SM_003210,M,174.2,61.6,38.339999999999996,89.0,79.6,89.5,30.250000000000007,42.15,45.6,70.5,9.590000000000009,0.7176749703440097,0.6468085106382979
4290,8_SM_004291,M,167.5,74.4,41.239999999999995,96.3,99.7,94.7,30.4,36.05,44.6,66.3,7.079999999999996,0.8432732316227463,0.6726998491704375
3481,8_SM_003482,M,158.6,66.9,36.39,90.6,88.0,94.8,26.2,36.839999999999996,44.9,63.1,5.989999999999986,0.7111834961997829,0.7115689381933439
4288,8_SM_004289,M,173.2,79.3,38.95,100.4,99.3,100.3,31.140000000000004,39.0,48.9,70.1,7.179999999999995,0.7984615384615386,0.6975748930099858
3366,8_SM_003367,M,183.4,63.1,41.660000000000004,86.0,74.7,91.5,32.35,43.370000000000005,51.6,76.6,10.79000000000001,0.7459073091999078,0.6736292428198434
1208,8_SM_001209,F,163.6,63.6,34.660000000000004,94.5,84.8,96.0,32.519999999999996,36.81,46.9,67.9,8.220000000000004,0.8834555827220862,0.690721649484536
1731,8_SM_001732,F,157.4,63.7,35.14,91.0,75.6,101.4,28.090000000000003,38.243,40.0,67.0,7.3900000000000095,0.7345135057396125,0.5970149253731343
2626,8_SM_002627,M,170.9,81.0,39.71,104.6,90.1,99.5,30.68,41.15,46.9,71.3,5.409999999999991,0.7455650060753342,0.6577840112201964
3378,8_SM_003379,M,173.5,89.0,40.08,101.6,96.0,108.0,27.160000000000004,39.839999999999996,49.5,68.5,8.440000000000008,0.6817269076305222,0.7226277372262774
1719,8_SM_001720,F,161.0,84.1,36.85,112.0,103.5,106.4,28.359999999999996,35.04,48.4,63.5,6.05,0.8093607305936072,0.7622047244094488
2640,8_SM_002641,M,180.1,67.9,41.85,88.2,75.1,99.4,30.639999999999997,42.589999999999996,46.9,72.5,8.970000000000004,0.7194177036863113,0.646896551724138
2415,8_SM_002416,F,162.1,67.0,37.31,99.2,88.3,92.1,31.160000000000004,38.269999999999996,44.6,68.1,4.770000000000005,0.8142147896524695,0.6549192364170339
2154,8_SM_002155,F,159.5,64.1,34.19,92.2,82.3,101.1,31.139999999999997,35.11,41.6,66.0,6.670000000000004,0.8869268014810594,0.6303030303030304
2398,8_SM_002399,F,155.6,64.7,37.089999999999996,97.5,89.8,97.6,29.919999999999998,34.6,39.8,65.2,5.069999999999982,0.8647398843930635,0.6104294478527607
3040,8_SM_003041,M,174.9,94.5,37.97,109.3,98.8,110.0,35.77,38.51,47.1,71.7,5.570000000000005,0.9288496494417036,0.6569037656903766
1300,8_SM_001301,F,164.8,54.7,37.8,80.9,65.4,95.7,30.85,38.089999999999996,44.1,68.8,7.6099999999999905,0.8099238645313732,0.6409883720930233
3262,8_SM_003263,M,170.0,71.0,38.64,95.7,83.8,96.0,29.020000000000003,39.230000000000004,45.3,71.4,8.39000000000001,0.7397399949018608,0.6344537815126049
3909,8_SM_003910,M,168.6,71.8,38.13,97.7,89.3,97.4,33.489999999999995,38.07000000000001,45.3,68.5,8.89000000000001,0.8796952981350141,0.6613138686131387
3987,8_SM_003988,M,176.0,78.2,40.910000000000004,97.4,87.2,98.0,32.870000000000005,41.23,44.2,73.2,8.120000000000005,0.7972350230414749,0.6038251366120219
2102,8_SM_002103,F,163.0,60.8,33.769999999999996,90.1,77.3,98.1,30.410000000000004,36.290000000000006,46.5,65.9,6.8,0.8379718930834941,0.7056145675265554
1904,8_SM_001905,F,152.5,53.8,34.93,90.0,77.5,92.0,30.109999999999996,33.781,42.5,61.9,6.930000000000018,0.8913294455463129,0.6865912762520194
1606,8_SM_001607,F,155.3,49.9,34.589999999999996,83.9,69.2,89.4,30.079999999999995,35.410000000000004,41.6,64.8,6.979999999999995,0.849477548715052,0.6419753086419754
1361,8_SM_001362,F,167.6,47.4,33.69,74.6,62.2,92.0,31.730000000000008,38.94,50.0,70.4,7.190000000000009,0.8148433487416541,0.7102272727272727
3925,8_SM_003926,M,178.3,76.2,41.839999999999996,97.5,84.7,99.7,31.49,39.9,48.7,70.9,9.170000000000005,0.7892230576441103,0.6868829337094499
2177,8_SM_002178,F,154.6,44.6,34.62,76.5,68.1,85.2,30.04,34.819,42.3,63.9,6.759999999999991,0.862747350584451,0.6619718309859155
2411,8_SM_002412,F,160.2,58.8,35.839999999999996,92.2,84.4,92.4,29.529999999999994,36.040000000000006,41.4,65.4,5.939999999999986,0.8193673695893449,0.6330275229357797
2966,8_SM_002967,M,179.1,82.8,40.480000000000004,103.5,87.7,102.1,34.8,40.230000000000004,48.4,73.8,7.579999999999996,0.8650260999254287,0.6558265582655827
2286,8_SM_002287,F,157.8,74.0,36.519999999999996,106.8,99.5,101.3,28.4,37.63,45.1,65.6,4.8700000000000045,0.7547169811320754,0.6875000000000001
4020,8_SM_004021,M,162.6,59.3,37.089999999999996,90.1,80.5,90.0,29.990000000000002,36.88,43.5,65.8,6.85,0.813177874186551,0.6610942249240122
1151,8_SM_001152,F,163.5,90.3,40.46,113.5,100.8,112.5,27.750000000000007,36.14,45.6,64.2,5.45,0.7678472606530162,0.7102803738317757
3881,8_SM_003882,M,171.6,76.8,41.55,99.5,86.4,101.0,31.4,38.6,43.3,70.9,8.85999999999999,0.8134715025906735,0.6107193229901269
982,8_SM_000983,F,153.0,45.3,35.61,77.0,63.2,86.5,29.54,34.3,44.7,62.7,6.070000000000005,0.8612244897959184,0.7129186602870814
805,8_SM_000806,F,163.5,53.3,33.62,83.6,71.0,91.3,33.279999999999994,38.88,44.0,70.6,6.840000000000009,0.8559670781893002,0.623229461756374
1726,8_SM_001727,F,169.6,65.9,36.489999999999995,86.7,76.6,99.2,34.59,38.970000000000006,46.0,71.2,7.179999999999995,0.8876058506543495,0.6460674157303371
4121,8_SM_004122,M,174.0,72.5,39.28,97.7,86.3,94.2,34.24,37.55,47.4,71.2,8.380000000000019,0.9118508655126499,0.6657303370786516
457,8_SM_000458,F,156.5,67.0,34.3,101.0,86.0,96.9,31.369999999999997,34.980000000000004,43.8,64.6,6.030000000000018,0.8967981703830759,0.6780185758513932
923,8_SM_000924,F,156.5,75.2,37.06,104.2,99.7,104.0,31.459999999999997,33.9,42.3,62.7,6.3799999999999955,0.9280235988200589,0.6746411483253588
3682,8_SM_003683,M,174.1,65.7,39.339999999999996,87.0,77.5,97.6,30.560000000000002,42.57,46.8,72.8,7.009999999999991,0.7178764388066714,0.6428571428571428
1214,8_SM_001215,F,169.3,52.8,34.65,83.5,68.9,90.9,36.39,38.1,44.0,73.2,8.29000000000001,0.9551181102362204,0.6010928961748634
1289,8_SM_001290,F,158.2,47.3,34.68,78.9,62.9,90.8,31.24,34.339999999999996,44.6,64.8,7.479999999999995,0.9097262667443216,0.6882716049382717
2390,8_SM_002391,F,147.3,55.3,33.489999999999995,96.2,85.9,89.8,26.65,32.63,41.2,59.9,3.65,0.8167330677290836,0.6878130217028381
37,8_SM_000038,F,159.6,51.2,35.93,84.8,73.4,91.4,27.35,34.739999999999995,47.6,63.6,6.0899999999999865,0.7872769142199195,0.7484276729559749
984,8_SM_000985,F,170.9,57.6,38.54,88.7,76.7,92.0,34.57000000000001,39.42,45.9,73.1,5.989999999999986,0.8769660071029935,0.627906976744186
993,8_SM_000994,F,162.2,61.6,35.95,89.6,71.1,95.5,33.34,36.81,46.0,68.2,5.210000000000013,0.9057321380059766,0.6744868035190615
3806,8_SM_003807,M,179.0,72.8,37.64,96.4,79.4,95.5,33.279999999999994,39.92,49.2,72.0,9.580000000000018,0.8336673346693385,0.6833333333333333
1433,8_SM_001434,F,164.0,63.1,34.61,91.0,81.0,99.2,29.859999999999996,38.339999999999996,44.6,66.3,6.4,0.7788210745957225,0.6726998491704375
1575,8_SM_001576,F,163.0,62.4,34.510000000000005,88.8,80.3,99.0,28.76,35.7,48.9,62.9,6.490000000000009,0.8056022408963586,0.7774244833068362
39,8_SM_000040,F,160.3,56.0,34.89,89.2,75.6,96.1,31.159999999999997,35.589999999999996,44.4,65.7,4.570000000000005,0.875526833380163,0.6757990867579908
1501,8_SM_001502,F,160.6,62.2,34.61,90.0,79.0,96.0,28.25,36.21,46.9,64.2,6.209999999999991,0.7801712234189451,0.7305295950155762
3162,8_SM_003163,M,177.1,72.3,39.32,101.3,75.0,92.8,34.77,38.62,48.4,72.9,8.15,0.9003107198342829,0.6639231824417009
171,8_SM_000172,F,154.3,56.7,33.010000000000005,86.8,84.8,97.0,28.689999999999998,34.839999999999996,43.8,62.8,2.8099999999999907,0.8234787600459242,0.697452229299363
1370,8_SM_001371,F,161.5,46.1,34.37,77.6,64.7,86.5,32.48,36.15,44.5,67.3,5.979999999999995,0.8984785615491009,0.6612184249628529
3797,8_SM_003798,M,172.6,72.0,41.96,96.2,78.4,97.9,31.019999999999992,40.39,45.2,72.1,7.8,0.7680118841297349,0.6269070735090153
3901,8_SM_003902,M,174.5,63.1,38.7,91.1,73.7,90.4,34.67999999999999,40.28,47.3,73.6,6.540000000000009,0.8609731876861965,0.6426630434782609
4319,8_SM_004320,M,179.5,80.2,40.55,101.7,94.3,96.0,31.660000000000004,41.63,48.3,73.6,7.709999999999991,0.7605092481383618,0.65625
4073,8_SM_004074,M,168.5,75.3,39.89,99.0,93.9,97.8,30.05,37.07,47.6,66.9,5.979999999999995,0.810628540598867,0.7115097159940209
2704,8_SM_002705,M,179.5,74.0,41.56,95.6,79.9,98.2,34.879999999999995,44.040000000000006,46.6,75.7,9.440000000000008,0.7920072661217074,0.6155878467635403
3276,8_SM_003277,M,178.1,89.9,38.67,104.3,99.2,109.6,35.62,42.25,46.9,77.2,6.509999999999991,0.8430769230769231,0.6075129533678756
1655,8_SM_001656,F,168.5,56.6,35.089999999999996,82.4,70.8,94.0,35.12,38.17,44.8,71.2,6.579999999999996,0.9200943149069949,0.6292134831460674
1305,8_SM_001306,F,166.5,61.3,37.33,93.0,82.6,94.4,34.81,37.85,46.0,70.9,6.45,0.9196829590488772,0.6488011283497884
1395,8_SM_001396,F,162.8,49.2,35.68,81.0,65.7,88.9,30.96999999999999,37.370000000000005,43.2,66.9,8.059999999999992,0.8287396307198284,0.6457399103139013
1948,8_SM_001949,F,162.7,60.9,36.97,95.2,85.5,89.9,30.139999999999997,37.29,44.2,67.2,6.179999999999995,0.8082595870206489,0.6577380952380952
585,8_SM_000586,F,149.1,82.1,33.79,124.2,107.5,107.4,23.920000000000005,30.639999999999997,44.4,54.7,3.65,0.780678851174935,0.8117001828153564
3528,8_SM_003529,M,174.9,64.3,40.32,90.7,76.4,91.8,33.45,40.86,47.5,72.5,8.04000000000001,0.8186490455212923,0.6551724137931034
2045,8_SM_002046,F,152.0,59.2,36.54,95.8,82.6,95.7,25.320000000000004,33.64,44.3,59.1,6.25,0.7526753864447088,0.7495769881556683
902,8_SM_000903,F,163.1,64.4,35.28,91.6,81.8,97.5,32.2,37.279999999999994,44.8,68.1,5.6099999999999905,0.8637339055793993,0.657856093979442
790,8_SM_000791,F,163.5,58.9,33.660000000000004,89.7,76.6,97.4,31.3,36.660000000000004,45.1,67.7,6.6099999999999905,0.8537915984724495,0.6661742983751846
161,8_SM_000162,F,163.0,53.8,35.75,83.7,77.3,94.0,32.54,34.69,47.0,64.9,5.759999999999991,0.9380224848659556,0.724191063174114
2,8_SM_000003,F,157.8,47.5,34.07,80.1,63.7,90.0,29.82,36.39,43.2,64.4,6.3799999999999955,0.8194558944765046,0.670807453416149
3408,8_SM_003409,M,176.3,88.3,41.04,108.2,93.9,103.1,30.860000000000003,43.15,46.1,74.5,7.6099999999999905,0.7151796060254926,0.6187919463087248
4109,8_SM_004110,M,164.7,87.7,38.42,87.3,72.8,90.4,29.32,36.19,46.9,64.7,8.490000000000009,0.810168554849406,0.7248840803709428
859,8_SM_000860,F,153.8,51.2,35.18,85.5,77.0,91.3,31.48,33.78,42.3,63.5,6.520000000000005,0.9319123741859088,0.6661417322834645
2759,8_SM_002760,M,176.1,69.6,40.0,92.2,80.8,97.6,33.03,40.65,45.0,71.9,8.89000000000001,0.8125461254612547,0.6258692628650904
2481,8_SM_002482,F,167.1,55.4,37.54,85.1,74.4,91.8,33.5,40.17999999999999,40.4,72.7,6.8599999999999905,0.8337481333997016,0.5557083906464924
4259,8_SM_004260,M,176.2,59.2,40.55,83.0,71.0,93.4,33.56999999999999,39.38,48.2,72.0,9.85,0.8524631792788215,0.6694444444444445
1611,8_SM_001612,F,165.4,76.9,36.75,93.1,85.1,108.1,31.1,36.370000000000005,45.3,67.8,6.6099999999999905,0.8551003574374484,0.668141592920354
1791,8_SM_001792,F,161.3,54.8,34.010000000000005,82.6,71.9,88.5,30.640000000000004,37.62,43.2,67.4,7.259999999999991,0.814460393407762,0.6409495548961425
1928,8_SM_001929,F,161.0,85.1,35.78,90.5,80.5,95.5,28.430000000000007,36.15,46.8,63.3,1.0100000000000136,0.7864453665283543,0.7393364928909952
1057,8_SM_001058,F,156.7,48.0,35.089999999999996,82.4,71.1,89.9,33.67,35.43,39.9,66.5,9.559999999999992,0.9503245836861417,0.6
1559,8_SM_001560,F,155.9,55.8,33.260000000000005,88.9,80.8,92.4,30.32,35.88,40.6,66.7,6.479999999999995,0.8450390189520623,0.6086956521739131
2758,8_SM_002759,M,169.1,67.2,40.57,90.4,80.6,97.8,34.410000000000004,37.7,42.4,71.4,8.269999999999982,0.9127320954907162,0.5938375350140055
3011,8_SM_003012,M,174.9,82.8,40.11,100.9,91.7,103.8,34.019999999999996,41.56,43.8,75.2,5.830000000000018,0.8185755534167467,0.5824468085106382
53,8_SM_000054,F,162.7,50.1,35.5,79.8,65.2,92.1,32.36,37.07,44.5,68.2,6.520000000000005,0.8729430806582141,0.6524926686217009
1811,8_SM_001812,F,169.0,57.5,35.3,88.4,73.5,90.8,29.590000000000003,40.55,43.7,70.3,5.659999999999991,0.7297163995067819,0.6216216216216217
1926,8_SM_001927,F,155.0,55.6,35.11,91.7,81.2,92.0,29.950000000000006,33.31,44.6,62.4,8.470000000000004,0.8991293905734015,0.7147435897435898
3544,8_SM_003545,M,172.3,92.3,41.62,112.0,99.8,105.0,32.82000000000001,39.739999999999995,45.0,72.3,6.580000000000018,0.8258681429290391,0.6224066390041494
2573,8_SM_002574,M,176.6,73.7,41.7,92.8,87.0,98.3,32.15,40.42,48.1,71.7,3.3200000000000047,0.7953983176645224,0.6708507670850767
2822,8_SM_002823,M,179.5,90.5,37.11,104.0,96.0,104.0,33.61,41.46,50.1,74.7,7.240000000000009,0.810660877954655,0.6706827309236948
3329,8_SM_003330,M,171.1,67.9,38.94,91.1,78.8,96.0,33.41,39.0,48.4,71.4,7.020000000000005,0.8566666666666666,0.6778711484593837
3376,8_SM_003377,M,178.8,81.5,41.85,96.8,79.0,100.1,30.180000000000007,43.629999999999995,48.4,73.6,6.909999999999991,0.6917258766903509,0.657608695652174
834,8_SM_000835,F,160.2,50.1,33.31,80.7,71.8,92.2,35.73,35.760000000000005,42.0,64.3,5.770000000000005,0.9991610738255031,0.6531881804043547
4308,8_SM_004309,M,171.0,73.3,39.56,95.5,88.2,95.5,32.5,38.52,46.4,70.8,5.239999999999986,0.8437175493250259,0.655367231638418
1404,8_SM_001405,F,157.1,47.4,34.08,78.3,64.5,85.3,29.059999999999995,36.339999999999996,42.1,65.7,6.009999999999991,0.7996697853604843,0.6407914764079148
4083,8_SM_004084,M,172.1,79.2,41.730000000000004,103.9,94.5,99.4,29.980000000000008,38.029999999999994,48.1,67.6,9.0,0.7883250065737579,0.7115384615384616
3088,8_SM_003089,M,170.0,77.5,42.54,103.7,84.6,98.4,29.439999999999998,39.940000000000005,43.8,70.0,7.8700000000000045,0.7371056584877315,0.6257142857142857
1622,8_SM_001623,F,155.8,55.5,34.92,87.0,79.3,97.2,33.550000000000004,33.9,41.7,65.1,6.729999999999995,0.9896755162241889,0.6405529953917052
1609,8_SM_001610,F,164.4,53.9,33.21,80.2,69.8,94.6,32.35000000000001,38.25,44.3,70.4,5.970000000000004,0.8457516339869283,0.6292613636363635
781,8_SM_000782,F,173.6,65.7,34.93,85.0,75.6,104.1,35.129999999999995,39.690000000000005,45.4,74.2,5.030000000000018,0.8851095993953134,0.6118598382749326
2633,8_SM_002634,M,170.6,71.2,37.239999999999995,95.2,80.1,96.8,33.83,40.379999999999995,46.0,71.1,8.15,0.8377909856364537,0.6469760900140648
2288,8_SM_002289,F,156.8,49.3,37.47,77.8,65.8,89.1,30.179999999999996,35.21,41.0,64.4,7.3799999999999955,0.857142857142857,0.6366459627329192
1883,8_SM_001884,F,160.0,53.9,37.21,90.4,85.2,88.1,31.079999999999995,36.45,44.1,66.8,5.970000000000004,0.8526748971193413,0.6601796407185629
1099,8_SM_001100,F,160.0,49.8,35.55,78.6,69.7,89.8,32.56,36.559999999999995,42.1,67.2,5.509999999999991,0.890590809628009,0.6264880952380952
3389,8_SM_003390,M,174.7,66.2,39.489999999999995,94.1,79.9,95.2,33.75000000000001,41.42999999999999,44.7,73.1,6.95,0.814627081824765,0.6114911080711355
1340,8_SM_001341,F,162.4,53.7,34.910000000000004,79.5,70.9,94.9,30.659999999999997,36.0,44.0,65.4,7.810000000000014,0.8516666666666666,0.6727828746177369
1478,8_SM_001479,F,163.4,51.8,34.61,77.6,65.3,89.6,32.2,35.92999999999999,43.4,67.1,7.8700000000000045,0.8961870303367662,0.646795827123696
816,8_SM_000817,F,163.5,52.5,35.010000000000005,82.1,71.4,90.3,30.950000000000006,37.05,45.5,66.6,5.929999999999995,0.8353576248313093,0.6831831831831833
3033,8_SM_003034,M,171.2,66.7,36.5,92.6,81.3,92.1,31.520000000000003,39.260000000000005,45.5,68.8,6.95,0.8028527763627101,0.6613372093023256
3062,8_SM_003063,M,164.4,61.4,38.339999999999996,91.3,78.2,90.4,30.3,39.19,45.0,69.0,8.25,0.7731564174534321,0.6521739130434783
2123,8_SM_002124,F,163.1,50.2,35.03,77.9,69.5,88.8,32.49,38.72,43.9,70.1,7.1600000000000135,0.8391012396694215,0.6262482168330956
3549,8_SM_003550,M,176.0,97.9,42.3,113.5,102.8,109.9,27.369999999999997,41.05,48.8,69.3,8.5,0.666747868453106,0.7041847041847041
4504,8_SM_004505,M,170.4,79.2,38.510000000000005,99.0,98.0,100.1,26.820000000000004,40.47,47.1,65.2,6.509999999999991,0.6627131208302447,0.7223926380368098
2249,8_SM_002250,F,148.7,54.6,35.0,91.3,80.6,91.2,27.570000000000004,31.389999999999997,41.2,58.6,7.079999999999996,0.8783051927365405,0.7030716723549488
973,8_SM_000974,F,165.5,65.3,37.18,95.1,77.8,97.0,33.510000000000005,37.370000000000005,45.5,69.9,5.409999999999991,0.8967085897778967,0.6509298998569384
3047,8_SM_003048,M,172.6,65.0,38.19,86.5,77.7,94.2,30.730000000000008,40.39,44.3,69.5,6.470000000000004,0.7608318890814559,0.637410071942446
401,8_SM_000402,F,161.5,50.5,33.4,76.1,75.0,95.0,33.33,36.08,41.3,68.2,6.959999999999991,0.9237804878048781,0.6055718475073313
2654,8_SM_002655,M,177.9,96.6,42.03,110.4,102.8,107.5,30.05,41.339999999999996,49.8,71.0,5.9,0.7268988872762459,0.7014084507042253
4411,8_SM_004412,M,174.0,70.3,39.06,99.0,92.5,93.9,30.929999999999996,41.510000000000005,45.3,72.4,7.3699999999999815,0.7451216574319439,0.6256906077348066
714,8_SM_000715,F,158.0,46.8,32.6,79.4,69.5,88.4,31.47,36.19,40.1,67.1,6.389999999999986,0.8695772312793589,0.5976154992548436
435,8_SM_000436,F,159.5,55.3,36.29,82.0,71.7,95.4,32.87,33.28,43.9,64.6,8.159999999999991,0.9876802884615383,0.6795665634674923
295,8_SM_000296,F,167.3,57.1,34.230000000000004,80.9,75.0,95.6,34.5,37.95,42.0,71.4,6.670000000000004,0.9090909090909091,0.588235294117647
4424,8_SM_004425,M,180.3,104.2,43.15,113.9,107.3,109.8,32.529999999999994,42.269999999999996,48.7,74.4,5.1600000000000135,0.7695765318192571,0.6545698924731183
146,8_SM_000147,F,166.6,63.1,35.54,87.8,78.7,95.8,33.02,36.809999999999995,46.0,68.5,3.509999999999991,0.8970388481390928,0.6715328467153284
3401,8_SM_003402,M,174.7,82.3,40.46,100.7,94.7,100.0,29.43,43.72,48.2,73.1,6.090000000000009,0.6731473010064044,0.6593707250341998
2048,8_SM_002049,F,162.3,91.3,38.29,116.2,103.9,111.5,28.96,35.42,46.5,63.8,4.840000000000009,0.8176171654432524,0.7288401253918496
3681,8_SM_003682,M,174.4,76.3,38.519999999999996,95.3,86.7,99.5,32.720000000000006,42.760000000000005,44.9,74.8,5.840000000000009,0.7652011225444341,0.6002673796791443
1179,8_SM_001180,F,161.2,84.4,37.6,97.7,88.3,114.1,26.900000000000006,37.089999999999996,45.6,63.1,7.039999999999987,0.7252628740900514,0.722662440570523
2065,8_SM_002066,F,161.7,54.6,34.589999999999996,82.6,68.8,93.2,30.589999999999996,37.29,43.5,67.3,6.079999999999996,0.8203271654599087,0.6463595839524517
2646,8_SM_002647,M,175.4,68.6,39.57,93.8,77.2,95.8,34.42999999999999,38.239999999999995,47.1,71.2,7.470000000000004,0.9003661087866108,0.6615168539325843
3815,8_SM_003816,M,180.4,105.6,41.36,110.5,111.8,114.7,28.979999999999997,40.44,47.9,71.6,7.040000000000009,0.7166172106824925,0.6689944134078213
342,8_SM_000343,F,167.8,59.1,31.54,82.0,73.5,96.4,34.309999999999995,37.46,42.6,69.9,8.6,0.9159103043246127,0.6094420600858369
3807,8_SM_003808,M,176.5,83.8,41.019999999999996,101.2,89.9,103.6,33.339999999999996,41.1,46.3,72.2,8.460000000000013,0.811192214111922,0.6412742382271468
268,8_SM_000269,F,163.5,72.7,34.410000000000004,104.6,92.8,103.0,30.320000000000004,35.87,45.1,66.0,7.15,0.8452746027320882,0.6833333333333333
2439,8_SM_002440,F,156.6,70.3,36.660000000000004,100.8,91.2,98.8,25.799999999999994,36.24,44.0,61.7,6.409999999999991,0.7119205298013243,0.713128038897893
3878,8_SM_003879,M,170.3,66.3,41.46,92.7,80.4,94.0,30.72,39.48,42.9,69.7,7.6200000000000045,0.7781155015197568,0.6154949784791965
1786,8_SM_001787,F,167.9,49.7,33.88,77.0,63.1,86.0,34.9,37.98,43.7,71.8,6.789999999999987,0.9189046866771986,0.6086350974930362
274,8_SM_000275,F,162.1,75.7,34.93,98.3,95.0,106.0,32.129999999999995,34.25,45.0,65.0,7.25,0.9381021897810218,0.6923076923076923
706,8_SM_000707,F,159.3,47.4,32.160000000000004,75.7,74.5,89.8,33.27,36.129999999999995,43.4,68.9,7.020000000000005,0.9208414060337672,0.629898403483309
757,8_SM_000758,F,155.0,88.6,34.97,111.8,108.0,112.2,28.959999999999997,32.790000000000006,46.3,61.1,6.079999999999996,0.8831960963708445,0.7577741407528641
246,8_SM_000247,F,163.5,55.5,34.760000000000005,83.8,71.0,93.8,32.1,38.06,41.6,68.2,6.260000000000014,0.8434051497635312,0.6099706744868035
320,8_SM_000321,F,155.6,62.8,33.62,93.2,89.0,99.0,32.39,33.03,42.4,64.3,4.1,0.9806236754465637,0.6594090202177294
481,8_SM_000482,F,162.7,55.0,34.14,78.5,68.9,92.8,31.54,37.27,43.7,67.8,6.15,0.8462570431982827,0.644542772861357
2047,8_SM_002048,F,160.3,49.4,35.17,79.4,66.5,87.0,29.95,36.839999999999996,46.1,66.1,8.029999999999996,0.8129750271444083,0.697428139183056
967,8_SM_000968,F,161.9,58.3,36.730000000000004,85.9,74.7,94.9,30.470000000000006,38.29,44.6,67.2,6.190000000000009,0.7957691303212329,0.6636904761904762
3098,8_SM_003099,M,181.8,80.3,40.15,101.0,86.2,101.4,33.89,41.92999999999999,48.9,75.0,6.85,0.8082518483186264,0.652
823,8_SM_000824,F,165.0,58.6,35.15,85.3,77.8,95.4,33.29,36.480000000000004,45.9,68.2,6.309999999999991,0.9125548245614034,0.6730205278592375
1929,8_SM_001930,F,158.5,53.3,33.58,82.5,72.7,93.2,30.999999999999993,36.5,43.2,66.3,7.670000000000004,0.8493150684931505,0.6515837104072398
4258,8_SM_004259,M,169.5,81.7,37.72,101.5,100.4,103.5,28.669999999999998,40.269999999999996,43.5,68.9,6.8900000000000095,0.7119443754656072,0.6313497822931785
1312,8_SM_001313,F,157.1,50.2,34.67,80.9,64.5,91.0,30.459999999999997,35.89,43.8,63.5,7.1400000000000095,0.8487043744775703,0.689763779527559
1819,8_SM_001820,F,167.8,57.3,34.11,79.9,74.5,99.2,32.8,37.9,46.7,69.6,8.25,0.8654353562005277,0.6709770114942529
3599,8_SM_003600,M,177.2,78.5,39.88,100.4,85.8,97.3,31.419999999999998,40.8,47.0,72.4,7.329999999999996,0.7700980392156863,0.649171270718232
252,8_SM_000253,F,154.4,60.8,28.93,89.9,89.0,102.6,29.229999999999997,36.45,44.6,65.6,6.2,0.8019204389574759,0.6798780487804879
2476,8_SM_002477,F,154.5,56.3,35.71,90.8,85.0,95.2,27.909999999999997,34.64,41.3,62.2,6.3700000000000045,0.8057159353348728,0.6639871382636655
551,8_SM_000552,F,157.5,54.7,33.58,81.0,72.7,94.1,30.859999999999996,33.85,41.1,63.1,6.6299999999999955,0.9116691285081239,0.6513470681458003
748,8_SM_000749,F,161.7,58.8,33.45,88.0,76.9,92.8,33.05,35.6,44.9,67.1,7.05,0.9283707865168538,0.669150521609538
313,8_SM_000314,F,165.2,51.9,33.71,77.6,65.4,91.7,32.74999999999999,36.760000000000005,45.0,68.5,5.330000000000018,0.8909140369967352,0.656934306569343
2963,8_SM_002964,M,173.8,76.0,40.760000000000005,102.5,85.1,97.1,30.93,39.95,44.0,70.1,5.779999999999996,0.774217772215269,0.6276747503566334
1145,8_SM_001146,F,161.2,58.5,36.56,90.2,72.5,91.1,31.0,34.92,46.4,63.8,7.5,0.8877434135166093,0.7272727272727273
1464,8_SM_001465,F,161.1,62.5,37.06,88.7,80.1,100.3,31.03,37.56,43.6,68.0,6.55,0.8261448349307774,0.6411764705882353
4472,8_SM_004473,M,172.4,61.5,42.79,90.4,76.8,91.4,33.39,39.660000000000004,43.7,72.1,8.39000000000001,0.8419062027231466,0.6061026352288489
15,8_SM_000016,F,160.2,60.5,35.29,92.0,74.3,95.8,30.109999999999996,36.65,44.1,65.8,5.610000000000014,0.8215552523874488,0.6702127659574468
2791,8_SM_002792,M,173.2,60.1,37.87,84.7,70.2,89.9,30.389999999999997,41.69,45.7,72.9,7.670000000000004,0.7289517869992804,0.6268861454046639
930,8_SM_000931,F,160.6,66.0,36.19,91.0,76.5,99.9,31.860000000000003,34.19,43.5,65.0,5.590000000000009,0.9318514185434339,0.6692307692307692
3616,8_SM_003617,M,187.2,82.0,39.82,94.9,78.8,99.3,34.92999999999999,42.39,54.0,77.3,9.55,0.824015097900448,0.6985769728331177
2564,8_SM_002565,M,173.5,75.3,40.839999999999996,98.8,79.8,96.7,33.099999999999994,40.45,42.7,71.6,8.289999999999987,0.8182941903584671,0.596368715083799
4005,8_SM_004006,M,171.0,71.9,41.05,95.6,91.2,97.3,31.26,38.16,46.5,67.5,7.179999999999995,0.819182389937107,0.6888888888888889
366,8_SM_000367,F,156.1,62.2,33.55,99.2,88.6,94.0,32.82,35.13,44.5,64.5,4.520000000000005,0.9342442356959862,0.689922480620155
184,8_SM_000185,F,168.3,56.1,36.1,85.0,73.2,93.8,35.06,37.74,43.4,72.0,7.190000000000009,0.9289878113407525,0.6027777777777777
1209,8_SM_001210,F,162.7,58.8,36.53,89.8,81.3,89.8,30.589999999999996,39.11,42.6,68.6,7.929999999999995,0.7821529020710815,0.620991253644315
2874,8_SM_002875,M,169.9,56.0,37.839999999999996,84.5,68.5,87.5,32.43,40.39,44.2,72.0,7.689999999999986,0.8029215152265412,0.6138888888888889
3057,8_SM_003058,M,168.2,60.3,37.28,86.0,78.9,92.4,31.060000000000002,38.33,44.6,68.4,9.089999999999986,0.8103313331594053,0.652046783625731
1135,8_SM_001136,F,159.7,58.7,37.05,90.5,79.6,98.5,34.199999999999996,37.402,40.2,68.6,8.439999999999987,0.9143896048339659,0.5860058309037902
2250,8_SM_002251,F,160.5,57.0,35.660000000000004,84.5,80.9,90.9,28.310000000000002,38.56,42.9,65.7,5.759999999999991,0.7341804979253113,0.6529680365296803
2689,8_SM_002690,M,179.0,70.4,42.18,95.2,77.4,95.4,35.529999999999994,41.17,43.9,75.3,9.559999999999992,0.8630070439640514,0.5830013280212484
1197,8_SM_001198,F,162.2,53.3,35.910000000000004,82.4,70.4,88.4,31.370000000000005,35.489999999999995,45.1,64.8,8.720000000000004,0.883910960834038,0.6959876543209877
3653,8_SM_003654,M,173.7,70.3,39.95,97.1,77.5,94.0,31.4,39.77,47.0,70.7,7.4,0.7895398541614281,0.6647807637906648
621,8_SM_000622,F,159.0,56.3,30.869999999999997,84.8,72.4,91.5,35.230000000000004,35.769999999999996,44.7,67.5,5.170000000000004,0.9849035504612806,0.6622222222222223
1481,8_SM_001482,F,164.7,50.9,34.480000000000004,77.2,65.7,91.3,31.68,38.11,45.6,68.2,7.529999999999996,0.8312778798215692,0.6686217008797654
404,8_SM_000405,F,165.9,66.6,33.65,89.9,84.4,102.5,32.73,36.339999999999996,47.1,67.5,5.8,0.9006604292790313,0.6977777777777778
944,8_SM_000945,F,159.2,70.4,36.82,93.7,87.0,105.2,30.52,35.35,42.9,64.7,5.740000000000009,0.8633663366336634,0.6630602782071097
2434,8_SM_002435,F,146.2,63.2,34.839999999999996,99.5,96.3,98.7,26.910000000000004,32.33,38.8,59.2,3.990000000000009,0.8323538509124654,0.6554054054054054
4436,8_SM_004437,M,184.0,102.0,44.53,111.9,109.9,114.9,32.6,40.040000000000006,48.7,72.4,9.760000000000014,0.8141858141858141,0.6726519337016574
2663,8_SM_002664,M,164.3,64.7,37.64,92.2,80.2,94.5,30.099999999999994,36.21,44.0,64.7,8.009999999999991,0.8312620822977076,0.6800618238021638
3270,8_SM_003271,M,173.6,77.3,41.94,92.5,81.2,100.8,30.01,41.989999999999995,46.5,71.7,8.659999999999991,0.7146939747558944,0.6485355648535565
736,8_SM_000737,F,156.0,42.8,33.2,73.3,66.0,86.4,30.880000000000003,36.019999999999996,39.9,66.4,6.1400000000000095,0.8573014991671295,0.6009036144578312
836,8_SM_000837,F,155.0,44.9,32.78,81.1,67.6,86.3,31.540000000000003,34.78,44.9,63.9,6.019999999999982,0.906843013225992,0.702660406885759
1536,8_SM_001537,F,159.6,48.4,34.839999999999996,79.5,68.7,89.9,29.579999999999995,36.72,43.5,66.0,7.45,0.8055555555555555,0.6590909090909091
4317,8_SM_004318,M,171.4,62.5,39.2,90.7,82.8,91.5,30.380000000000003,38.0,47.4,68.5,9.739999999999986,0.7994736842105263,0.691970802919708
3898,8_SM_003899,M,170.2,55.3,39.19,83.3,68.9,87.2,32.45,39.55,42.4,71.1,6.579999999999996,0.8204804045512012,0.5963431786216596
137,8_SM_000138,F,158.9,57.7,34.86,86.9,75.9,96.9,31.929999999999996,36.510000000000005,42.2,66.7,3.3600000000000136,0.8745549164612433,0.6326836581709145
635,8_SM_000636,F,160.3,56.6,32.58,87.9,77.2,94.7,30.74,35.07,45.0,64.8,5.840000000000009,0.8765326489877387,0.6944444444444444
337,8_SM_000338,F,162.3,53.7,32.44,78.6,71.9,93.0,32.67999999999999,36.370000000000005,43.2,68.2,4.939999999999986,0.8985427550178715,0.6334310850439883
393,8_SM_000394,F,159.1,54.7,36.45,88.6,77.7,89.0,29.079999999999995,34.4,45.6,63.5,6.1099999999999905,0.8453488372093022,0.7181102362204724
3825,8_SM_003826,M,162.2,72.5,38.730000000000004,94.2,92.2,99.6,29.26,37.089999999999996,42.3,66.9,5.6200000000000045,0.7888918846050149,0.632286995515695
1832,8_SM_001833,F,159.6,56.4,33.69,88.6,77.0,94.9,28.96,35.1,48.9,64.6,6.670000000000004,0.8250712250712251,0.7569659442724459
403,8_SM_000404,F,166.6,57.7,33.410000000000004,86.3,82.0,95.7,33.11,37.77,44.7,69.9,6.920000000000004,0.8766216574000528,0.6394849785407726
720,8_SM_000721,F,151.4,52.1,33.89,81.6,73.2,94.1,30.669999999999998,33.769999999999996,39.5,63.1,5.320000000000005,0.9082025466390288,0.6259904912836767
1053,8_SM_001054,F,163.6,54.3,35.08,82.5,69.0,92.4,33.489999999999995,38.32,45.5,70.1,6.309999999999991,0.873956158663883,0.6490727532097005
3280,8_SM_003281,M,175.1,68.1,39.69,89.2,77.4,93.5,30.770000000000003,43.46,43.6,74.5,8.739999999999986,0.7080073630924989,0.5852348993288591
46,8_SM_000047,F,162.8,49.9,37.07,81.7,67.5,88.8,33.23,37.78,41.2,68.9,6.860000000000014,0.8795659078877712,0.5979680696661829
1576,8_SM_001577,F,157.4,52.3,33.739999999999995,86.7,75.4,89.0,30.270000000000003,37.989999999999995,43.4,66.2,7.1099999999999905,0.7967886285864703,0.6555891238670695
4363,8_SM_004364,M,165.5,71.1,37.239999999999995,96.5,91.5,95.8,29.0,36.540000000000006,47.4,64.6,6.439999999999986,0.7936507936507935,0.7337461300309598
4404,8_SM_004405,M,168.7,75.7,38.79,102.4,99.0,99.5,28.879999999999995,38.21,44.7,68.1,8.129999999999995,0.755823082962575,0.656387665198238
1126,8_SM_001127,F,152.2,52.8,32.93,85.9,73.6,92.2,30.2,32.589999999999996,42.9,61.1,5.360000000000014,0.9266646210494017,0.7021276595744681
2528,8_SM_002529,M,173.0,74.8,39.86,99.8,79.2,96.0,32.07000000000001,40.35,44.1,70.3,7.259999999999991,0.7947955390334575,0.6273115220483642
1238,8_SM_001239,F,158.8,53.6,34.160000000000004,89.8,75.4,87.5,28.43,34.92,45.6,63.6,7.040000000000009,0.8141466208476518,0.7169811320754716
3306,8_SM_003307,M,185.0,76.9,44.010000000000005,101.9,79.8,97.2,30.43,43.529999999999994,47.8,76.1,8.479999999999995,0.699058120836205,0.6281208935611038
2436,8_SM_002437,F,161.8,53.0,35.87,80.0,73.1,92.3,30.340000000000003,36.79,43.9,66.5,7.920000000000004,0.8246806197336234,0.6601503759398496
1523,8_SM_001524,F,159.7,59.3,34.230000000000004,89.3,78.5,95.2,28.51,34.510000000000005,48.3,63.7,6.85,0.826137351492321,0.7582417582417582
1765,8_SM_001766,F,153.7,44.5,34.980000000000004,71.9,63.3,89.5,28.270000000000003,34.089999999999996,43.6,61.1,5.809999999999991,0.8292754473452627,0.7135842880523732
3336,8_SM_003337,M,180.4,91.9,42.85,107.0,84.0,106.4,32.72,43.08,48.0,74.5,8.840000000000009,0.7595171773444754,0.6442953020134228
1814,8_SM_001815,F,151.2,44.2,34.739999999999995,77.0,63.9,82.9,29.099999999999994,33.64,41.9,61.8,6.610000000000014,0.8650416171224731,0.6779935275080906
341,8_SM_000342,F,163.1,59.2,33.31,91.2,83.0,98.0,33.330000000000005,36.58,43.5,68.5,6.420000000000004,0.9111536358665939,0.635036496350365
217,8_SM_000218,F,147.9,56.4,33.93,93.9,86.4,95.6,27.07,31.390000000000004,41.5,58.1,4.75,0.86237655304237,0.7142857142857143
1356,8_SM_001357,F,156.8,55.2,33.57,87.1,79.4,96.0,31.380000000000003,36.129999999999995,41.2,66.1,5.6299999999999955,0.8685303072239138,0.6232980332829048
11,8_SM_000012,F,163.1,50.2,34.760000000000005,83.0,65.4,90.5,30.179999999999996,35.81,46.7,65.7,8.679999999999996,0.8427813459927394,0.710806697108067
1535,8_SM_001536,F,160.8,56.8,33.14,84.7,73.5,94.5,29.02,37.29,45.4,65.1,8.05,0.77822472512738,0.6973886328725039
4538,8_SM_004539,M,173.4,72.0,40.7,103.4,75.9,93.7,32.33,39.089999999999996,44.3,70.9,7.080000000000018,0.8270657457150167,0.624823695345557
3066,8_SM_003067,M,173.1,72.1,39.54,93.0,78.6,95.4,32.57000000000001,40.15,46.7,72.3,7.9100000000000135,0.8112079701120799,0.6459197786998617
3027,8_SM_003028,M,182.0,78.7,39.78,99.4,78.8,98.0,34.220000000000006,41.589999999999996,47.1,73.9,7.069999999999982,0.8227939408511664,0.6373477672530447
2886,8_SM_002887,M,175.9,81.3,36.230000000000004,102.4,95.2,97.2,34.55,39.11,48.2,72.7,7.3799999999999955,0.8834057785732549,0.6629986244841816
3348,8_SM_003349,M,173.3,68.8,41.089999999999996,97.7,79.2,92.7,33.68,41.510000000000005,46.5,73.0,7.279999999999996,0.8113707540351721,0.636986301369863
2337,8_SM_002338,F,152.0,53.5,34.36,92.5,85.4,89.3,27.330000000000005,35.11,39.8,62.0,5.720000000000004,0.7784107091996584,0.6419354838709677
2591,8_SM_002592,M,182.8,92.1,41.980000000000004,105.1,92.6,107.5,34.239999999999995,41.709999999999994,49.0,73.9,6.490000000000009,0.8209062574922081,0.6630581867388362
2935,8_SM_002936,M,164.5,65.9,38.45,95.7,83.6,94.2,28.389999999999997,39.010000000000005,42.6,73.3,8.180000000000017,0.7277621122789026,0.5811732605729878
101,8_SM_000102,F,162.6,56.8,34.54,80.1,71.9,96.0,33.82000000000001,36.0,42.7,67.3,5.320000000000005,0.9394444444444446,0.6344725111441308
3956,8_SM_003957,M,176.1,72.7,40.36,96.2,83.5,96.3,29.769999999999992,42.39,45.1,72.4,8.139999999999986,0.7022882755366829,0.6229281767955801
173,8_SM_000174,F,157.1,63.3,34.230000000000004,96.4,87.2,97.1,28.759999999999998,36.06,41.7,64.7,5.389999999999986,0.7975596228508041,0.6445131375579598
107,8_SM_000108,F,160.8,53.5,33.089999999999996,82.0,75.5,98.2,30.95,35.120000000000005,42.5,64.3,5.75,0.88126423690205,0.6609642301710731
4315,8_SM_004316,M,171.4,77.0,40.95,99.7,95.2,98.5,25.720000000000006,37.239999999999995,47.4,63.8,8.680000000000017,0.6906552094522022,0.7429467084639498
4536,8_SM_004537,M,162.5,64.9,38.160000000000004,90.0,87.0,90.6,28.450000000000006,37.57,44.6,65.1,5.009999999999991,0.7572531274953422,0.6850998463901691
3655,8_SM_003656,M,181.2,93.3,41.3,109.1,105.9,104.5,26.24,41.55,49.8,71.9,9.620000000000005,0.6315282791817088,0.6926286509040332
4378,8_SM_004379,M,177.5,74.4,41.19,98.2,87.9,94.1,32.279999999999994,40.3,49.6,71.8,7.470000000000004,0.8009925558312654,0.6908077994428969
3146,8_SM_003147,M,174.1,74.3,42.05,102.2,78.6,97.1,30.73,39.08,46.7,69.4,10.120000000000005,0.7863357215967247,0.6729106628242075
3404,8_SM_003405,M,183.0,83.6,42.730000000000004,99.9,83.0,100.7,34.53,41.95,48.0,75.1,9.780000000000019,0.8231227651966627,0.6391478029294275
3317,8_SM_003318,M,177.3,108.1,40.0,115.4,107.4,115.8,33.370000000000005,38.92999999999999,47.3,71.2,6.4,0.8571795530439252,0.6643258426966292
3735,8_SM_003736,M,172.1,80.1,40.71,100.1,90.8,103.5,31.820000000000004,40.279999999999994,45.6,71.1,6.309999999999991,0.7899702085402187,0.6413502109704642
3872,8_SM_003873,M,177.2,96.3,42.04,110.5,97.1,103.5,27.79,41.91,49.8,70.7,6.670000000000004,0.6630875685993797,0.7043847241867043
4219,8_SM_004220,M,167.0,71.6,39.2,101.4,88.7,93.5,28.600000000000005,38.269999999999996,43.7,66.3,7.930000000000018,0.7473216618761434,0.6591251885369533
1054,8_SM_001055,F,153.1,58.2,33.730000000000004,86.2,80.0,96.1,27.380000000000003,31.48,45.8,58.9,7.179999999999995,0.8697585768742059,0.7775891341256367
3486,8_SM_003487,M,179.4,99.9,40.28,106.9,104.3,110.8,28.369999999999994,44.32000000000001,51.6,75.0,6.6,0.6401173285198554,0.6880000000000001
2782,8_SM_002783,M,172.3,57.2,38.519999999999996,85.6,71.8,90.6,31.25,40.32,45.0,71.5,8.379999999999995,0.7750496031746031,0.6293706293706294
2135,8_SM_002136,F,169.1,48.6,36.13,76.0,62.4,87.3,33.269999999999996,39.42,44.4,71.5,8.589999999999986,0.8439878234398781,0.6209790209790209
1539,8_SM_001540,F,158.9,57.9,35.13,89.1,78.3,96.2,29.840000000000003,35.1,44.6,64.4,7.65,0.8501424501424502,0.6925465838509316
154,8_SM_000155,F,163.6,53.2,37.660000000000004,82.2,68.9,92.4,33.720000000000006,37.79,40.8,69.3,4.9,0.8922995501455413,0.5887445887445887
2263,8_SM_002264,F,164.5,64.1,36.57,94.7,86.2,98.9,29.640000000000004,37.7,43.3,67.2,9.520000000000005,0.7862068965517242,0.644345238095238
486,8_SM_000487,F,153.9,54.4,33.15,85.2,73.8,95.4,29.449999999999996,33.290000000000006,43.3,62.4,5.490000000000009,0.8846500450585758,0.6939102564102564
3545,8_SM_003546,M,179.4,83.0,39.96,103.0,91.3,100.5,29.660000000000004,44.04,47.8,75.8,8.179999999999996,0.6734786557674842,0.6306068601583114
3680,8_SM_003681,M,178.5,82.9,41.72,103.8,93.0,100.8,29.479999999999997,43.34,47.7,72.9,8.920000000000005,0.6802030456852791,0.654320987654321
3374,8_SM_003375,M,177.2,73.4,39.410000000000004,90.1,84.5,98.7,30.310000000000002,43.04,46.6,73.5,8.679999999999996,0.7042286245353161,0.6340136054421769
1777,8_SM_001778,F,161.0,52.3,33.69,80.5,65.0,92.6,31.6,36.51,42.2,67.1,5.769999999999982,0.8655162969049577,0.6289120715350225
4054,8_SM_004055,M,176.2,76.3,40.18,96.0,92.7,95.9,31.189999999999998,42.56,44.1,72.8,6.6600000000000135,0.7328477443609022,0.6057692307692308
1800,8_SM_001801,F,161.9,55.6,33.46,80.8,73.2,94.0,31.059999999999995,36.279999999999994,44.8,67.5,8.069999999999983,0.8561190738699008,0.6637037037037037
4022,8_SM_004023,M,180.2,82.9,41.11,104.0,87.7,100.2,33.629999999999995,41.85,49.6,73.6,8.520000000000005,0.8035842293906809,0.673913043478261
3874,8_SM_003875,M,182.8,74.4,40.65,94.7,85.0,94.2,34.11,43.07,49.8,75.6,10.25,0.7919665660552588,0.6587301587301587
408,8_SM_000409,F,159.9,55.6,31.410000000000004,87.3,76.6,91.3,30.869999999999994,35.5,46.3,65.6,6.320000000000005,0.8695774647887322,0.7057926829268293
767,8_SM_000768,F,155.8,48.9,33.15,83.8,70.7,91.4,32.38,34.02,42.1,64.4,4.980000000000018,0.951793062904174,0.6537267080745341
2733,8_SM_002734,M,171.3,81.5,39.94,110.1,91.0,103.3,30.85,38.43,44.6,69.1,6.290000000000009,0.8027582617746553,0.6454413892908829
2692,8_SM_002693,M,168.1,106.9,39.519999999999996,122.8,119.8,115.1,29.820000000000004,37.529999999999994,49.9,66.5,6.670000000000004,0.7945643485211833,0.750375939849624
3244,8_SM_003245,M,177.0,71.3,40.769999999999996,99.6,80.7,95.4,34.5,40.3,45.9,73.9,8.1,0.8560794044665013,0.6211096075778078
97,8_SM_000098,F,174.3,73.6,37.75,108.5,95.7,97.6,33.22,42.19,50.1,74.0,3.6700000000000044,0.7873903768665561,0.677027027027027
1348,8_SM_001349,F,158.1,53.5,33.5,84.9,76.4,94.8,31.480000000000008,36.779999999999994,44.0,66.8,6.3399999999999865,0.8558999456226213,0.6586826347305389
3959,8_SM_003960,M,169.1,79.4,41.58,100.0,88.0,100.8,28.139999999999997,38.260000000000005,47.2,66.0,4.65,0.7354939884997385,0.7151515151515152
2813,8_SM_002814,M,180.3,76.2,39.07,96.5,84.5,100.4,33.510000000000005,41.53,48.4,74.1,8.0,0.8068865880086685,0.6531713900134953
2876,8_SM_002877,M,182.5,96.5,40.81,105.5,96.9,106.8,32.73,41.18,50.7,73.4,7.8700000000000045,0.7948033025740651,0.6907356948228882
188,8_SM_000189,F,175.0,88.2,35.68,105.8,105.8,107.8,33.21,37.43,51.0,70.0,7.3799999999999955,0.8872562115949774,0.7285714285714285
3258,8_SM_003259,M,169.3,67.9,39.83,90.3,78.8,95.0,29.490000000000002,38.35,44.9,68.7,8.64000000000001,0.7689700130378097,0.6535662299854439
3928,8_SM_003929,M,174.7,74.6,42.22,102.3,86.5,98.1,32.99,42.57,42.8,74.3,7.3700000000000045,0.774958891237961,0.576043068640646
2073,8_SM_002074,F,158.1,56.0,35.56,88.5,81.9,93.0,29.100000000000005,35.0,41.5,63.5,6.260000000000014,0.8314285714285715,0.6535433070866141
3509,8_SM_003510,M,171.3,72.7,40.089999999999996,99.0,77.5,94.6,32.78,39.7,46.6,71.4,7.6299999999999955,0.8256926952141057,0.6526610644257703
149,8_SM_000150,F,160.9,66.4,34.85,95.8,91.2,97.8,32.08,35.78,46.8,65.6,5.85,0.8965902738960312,0.7134146341463414
28,8_SM_000029,F,162.4,54.7,35.7,79.8,70.7,95.9,31.3,34.35,46.8,65.2,5.8,0.9112081513828238,0.7177914110429447
4204,8_SM_004205,M,170.6,65.3,39.42,95.3,82.6,91.2,34.6,39.39,44.1,72.3,8.529999999999996,0.8783955318608784,0.6099585062240664
3263,8_SM_003264,M,186.5,95.2,44.5,104.5,89.2,111.5,28.85,44.17,47.6,76.1,9.0,0.6531582522073806,0.6254927726675428
701,8_SM_000702,F,159.6,58.2,31.21,83.9,76.2,96.5,31.420000000000005,35.2,41.2,65.7,6.1400000000000095,0.8926136363636364,0.6270928462709284
2888,8_SM_002889,M,175.2,87.4,37.519999999999996,102.0,92.4,104.6,31.279999999999994,37.160000000000004,49.5,67.3,7.6,0.8417653390742732,0.7355126300148589
1401,8_SM_001402,F,171.3,58.4,36.5,83.6,71.0,94.7,34.410000000000004,39.589999999999996,47.3,72.5,5.060000000000014,0.8691588785046731,0.6524137931034483
1860,8_SM_001861,F,162.0,86.9,39.05,109.0,105.7,109.9,34.21,36.71,43.9,68.8,6.610000000000014,0.9318986652138382,0.6380813953488372
4306,8_SM_004307,M,163.5,54.5,37.9,85.5,80.6,84.4,28.610000000000003,37.62,42.8,65.4,7.95,0.7604997341839448,0.6544342507645259
3399,8_SM_003400,M,171.6,64.0,38.519999999999996,89.0,81.5,89.8,29.330000000000005,37.809999999999995,45.7,66.2,9.60999999999999,0.7757207088071941,0.6903323262839879
1614,8_SM_001615,F,158.9,50.9,34.36,81.2,71.5,88.8,33.92,36.16,40.9,67.4,6.470000000000004,0.9380530973451329,0.6068249258160237
3734,8_SM_003735,M,177.1,73.4,39.989999999999995,98.0,87.2,97.6,38.42999999999999,40.7,43.2,76.9,8.719999999999981,0.944226044226044,0.5617685305591678
711,8_SM_000712,F,167.3,54.2,33.96,78.3,74.3,93.5,33.86,38.019999999999996,44.7,70.9,7.210000000000013,0.8905839032088375,0.6304654442877292
3051,8_SM_003052,M,170.3,75.9,38.44,96.6,79.4,102.1,32.33,41.040000000000006,47.3,75.5,7.580000000000018,0.7877680311890837,0.6264900662251656
2992,8_SM_002993,M,179.1,76.3,39.019999999999996,96.5,85.8,98.7,34.879999999999995,38.980000000000004,49.8,82.5,9.229999999999995,0.8948178553104154,0.6036363636363636
1723,8_SM_001724,F,157.5,48.1,34.660000000000004,80.5,68.3,86.6,28.57,36.37,43.0,63.4,6.310000000000014,0.785537530932087,0.6782334384858044
2976,8_SM_002977,M,176.3,70.3,38.08,92.5,78.5,95.3,33.64999999999999,41.93,47.8,73.4,7.340000000000009,0.8025280228953015,0.6512261580381471
459,8_SM_000460,F,166.3,53.7,34.980000000000004,83.3,69.9,92.5,30.9,37.48,46.9,67.1,7.889999999999986,0.8244397011739595,0.698956780923994
2890,8_SM_002891,M,172.5,92.4,37.12,104.8,101.7,107.6,31.96999999999999,36.870000000000005,48.2,69.5,5.239999999999986,0.8671006238133981,0.6935251798561152
2055,8_SM_002056,F,164.2,54.9,35.61,85.0,75.4,92.5,32.629999999999995,36.92,45.0,67.8,8.320000000000004,0.8838028169014083,0.6637168141592921
3490,8_SM_003491,M,172.6,73.1,41.46,93.0,80.9,97.3,30.269999999999992,39.120000000000005,44.5,69.5,8.039999999999987,0.773773006134969,0.6402877697841727
2330,8_SM_002331,F,157.6,63.2,34.53,96.7,84.6,97.4,29.209999999999997,36.37,42.2,64.7,5.960000000000013,0.8031344514709926,0.652241112828439
616,8_SM_000617,F,149.0,44.7,31.639999999999997,79.6,68.1,84.4,27.690000000000005,33.11,41.2,60.9,5.820000000000005,0.836303231652069,0.6765188834154352
169,8_SM_000170,F,151.2,51.2,31.7,81.3,74.4,95.7,30.269999999999992,32.970000000000006,40.1,61.4,4.220000000000004,0.9181073703366693,0.6530944625407167
740,8_SM_000741,F,159.0,49.5,31.49,79.4,69.2,90.3,31.820000000000004,34.36,43.9,64.5,6.959999999999991,0.9260768335273575,0.6806201550387597
3583,8_SM_003584,M,179.5,71.9,37.730000000000004,89.5,78.9,97.3,32.79,41.0,48.3,73.0,9.8,0.7997560975609755,0.6616438356164384
2089,8_SM_002090,F,152.3,71.8,34.88,109.4,98.7,97.2,24.47,33.510000000000005,46.1,58.5,6.1,0.7302297821545806,0.788034188034188
3289,8_SM_003290,M,180.8,76.0,40.89,96.8,85.3,97.7,31.350000000000005,43.33,47.9,75.7,8.85999999999999,0.7235171936302794,0.6327608982826948
1637,8_SM_001638,F,167.6,57.5,37.54,81.7,76.7,93.4,30.73,37.898,43.3,67.7,7.260000000000014,0.8108607314370151,0.639586410635155
593,8_SM_000594,F,166.1,59.4,33.7,91.0,77.8,95.2,31.160000000000004,36.510000000000005,44.3,67.2,6.069999999999982,0.8534648041632429,0.6592261904761904
1416,8_SM_001417,F,160.2,60.0,34.96,86.8,72.7,94.2,31.57,35.81,44.4,64.6,7.319999999999982,0.8815973191845853,0.6873065015479877
3068,8_SM_003069,M,178.7,56.0,39.089999999999996,79.1,68.9,88.4,32.67999999999999,41.42,46.3,74.4,7.840000000000009,0.7889908256880732,0.6223118279569891
1715,8_SM_001716,F,164.2,51.5,35.38,76.0,66.0,95.0,32.17999999999999,35.04,50.8,65.5,7.569999999999982,0.9183789954337898,0.7755725190839694
3122,8_SM_003123,M,176.9,78.1,42.910000000000004,96.1,82.9,96.5,30.48,41.78,47.8,72.6,7.1299999999999955,0.7295356629966491,0.6584022038567493
3633,8_SM_003634,M,175.0,69.3,41.019999999999996,93.2,81.4,92.7,30.409999999999997,43.02,47.1,75.0,5.8,0.706880520688052,0.628
3004,8_SM_003005,M,177.0,72.3,40.43,97.3,75.7,98.7,32.84,41.32000000000001,47.5,75.1,8.2,0.7947725072604065,0.6324900133155793
3919,8_SM_003920,M,164.4,66.2,36.0,93.4,82.2,95.5,30.900000000000006,35.61,45.1,65.1,9.070000000000004,0.8677337826453245,0.6927803379416283
1394,8_SM_001395,F,156.5,43.9,35.4,78.5,62.5,86.6,30.189999999999998,34.79,45.8,63.1,7.0899999999999865,0.8677780971543546,0.7258320126782883
2104,8_SM_002105,F,157.3,51.8,35.13,84.3,70.5,89.0,30.7,37.379999999999995,39.9,67.1,5.780000000000018,0.8212948100588551,0.5946348733233979
2190,8_SM_002191,F,154.0,52.5,34.29,93.8,81.4,88.5,29.479999999999997,34.64,40.2,63.6,5.320000000000005,0.8510392609699768,0.6320754716981133
3725,8_SM_003726,M,166.0,66.9,37.79,96.9,78.6,92.1,30.04,36.26,44.9,65.7,7.610000000000014,0.8284611141753999,0.6834094368340943
3847,8_SM_003848,M,168.7,69.9,41.2,98.7,77.5,94.6,31.109999999999996,39.92,44.2,69.9,8.079999999999995,0.7793086172344688,0.6323319027181687
3182,8_SM_003183,M,175.7,77.0,40.410000000000004,95.3,85.4,100.4,32.97,41.339999999999996,43.1,74.2,8.710000000000013,0.7975326560232221,0.5808625336927223
2679,8_SM_002680,M,169.1,66.4,40.15,92.2,80.0,94.9,33.58,44.4,44.2,70.8,8.729999999999995,0.7563063063063062,0.6242937853107345
4034,8_SM_004035,M,174.6,87.5,43.11,101.5,100.9,104.7,30.24,38.75,48.3,69.1,8.740000000000009,0.7803870967741935,0.6989869753979739
445,8_SM_000446,F,157.0,70.5,34.03,98.1,81.0,100.5,33.21,32.370000000000005,43.8,64.3,4.409999999999991,1.025949953660797,0.6811819595645412
4123,8_SM_004124,M,171.8,64.5,40.44,92.8,82.4,93.4,32.839999999999996,38.65,46.8,71.1,9.54000000000001,0.8496765847347995,0.6582278481012659
2066,8_SM_002067,F,155.8,68.5,37.42,100.4,84.6,101.3,27.939999999999998,36.61,43.8,64.1,4.520000000000005,0.7631794591641627,0.6833073322932918
2561,8_SM_002562,M,171.3,72.9,39.35,98.6,83.1,95.8,33.14999999999999,39.010000000000005,44.6,72.0,8.759999999999991,0.849782107152012,0.6194444444444445
1316,8_SM_001317,F,161.2,55.7,35.4,82.6,66.0,93.3,28.580000000000002,38.226,45.6,64.7,6.440000000000009,0.7476586616439074,0.7047913446676971
1796,8_SM_001797,F,161.0,47.4,33.54,79.0,66.5,88.3,31.49,36.26,45.4,66.1,8.64000000000001,0.868450082735797,0.686838124054463
1319,8_SM_001320,F,167.8,53.6,36.54,80.2,69.3,90.6,33.23,40.739999999999995,45.7,70.7,6.990000000000009,0.8156602847324497,0.6463932107496464
238,8_SM_000239,F,159.1,49.9,31.32,78.9,65.7,88.9,30.870000000000005,34.559999999999995,46.8,63.5,5.7,0.893229166666667,0.737007874015748
2621,8_SM_002622,M,177.3,72.1,42.42,90.6,80.5,98.1,28.069999999999993,42.27,49.1,69.9,10.65,0.6640643482375205,0.7024320457796852
525,8_SM_000526,F,153.6,49.3,32.230000000000004,78.0,68.4,89.6,28.49,33.160000000000004,42.5,60.4,6.920000000000004,0.8591676718938479,0.7036423841059603
2593,8_SM_002594,M,177.8,70.4,40.56,92.9,80.1,97.0,32.160000000000004,40.72,46.9,71.7,9.590000000000009,0.7897838899803538,0.6541143654114365
2790,8_SM_002791,M,168.6,76.4,39.93,94.9,89.4,103.2,30.18,39.46,43.8,70.6,6.1299999999999955,0.7648251393816523,0.6203966005665722
745,8_SM_000746,F,156.9,61.8,34.75,91.0,87.2,98.8,32.010000000000005,35.769999999999996,41.1,66.3,5.040000000000009,0.8948839809896564,0.6199095022624435
4281,8_SM_004282,M,178.7,78.8,39.33,101.5,93.0,101.9,32.150000000000006,43.379999999999995,48.9,74.6,10.529999999999996,0.7411249423697559,0.6554959785522788
2121,8_SM_002122,F,154.2,56.3,36.4,92.5,85.0,90.7,29.53,35.190000000000005,40.6,64.7,4.6,0.8391588519465757,0.6275115919629057
2701,8_SM_002702,M,174.1,67.1,37.22,92.2,79.4,94.4,32.269999999999996,39.160000000000004,50.1,70.1,9.110000000000014,0.824055158324821,0.7146932952924394
2783,8_SM_002784,M,179.9,100.6,42.269999999999996,117.9,92.1,106.2,32.86999999999999,41.57000000000001,49.3,75.1,5.659999999999991,0.7907144575414959,0.6564580559254327
598,8_SM_000599,F,170.8,63.0,33.11,87.5,78.0,98.2,33.11,38.17,49.1,70.5,6.8800000000000185,0.8674351585014408,0.6964539007092199
1318,8_SM_001319,F,164.6,57.1,36.7,84.8,74.3,93.7,32.269999999999996,36.75,46.6,69.5,6.8799999999999955,0.878095238095238,0.6705035971223022
1402,8_SM_001403,F,167.7,48.6,34.9,73.2,65.8,91.2,33.61,38.510000000000005,44.1,69.9,8.759999999999991,0.8727603219942871,0.630901287553648
4273,8_SM_004274,M,172.5,66.1,40.230000000000004,99.6,82.2,92.5,33.43,40.21,45.6,73.6,9.490000000000009,0.8313852275553345,0.6195652173913044
3218,8_SM_003219,M,186.7,92.8,43.22,101.5,93.2,107.2,33.76,42.46,47.1,77.1,7.989999999999986,0.7951012717852095,0.6108949416342413
3946,8_SM_003947,M,182.0,83.1,42.3,100.0,84.4,99.4,32.21999999999999,44.65,46.9,75.7,6.739999999999986,0.721612541993281,0.6195508586525759
3010,8_SM_003011,M,180.6,69.4,42.75,95.7,73.0,95.5,32.05,39.85,47.8,72.5,7.9,0.8042659974905896,0.6593103448275862
4475,8_SM_004476,M,170.1,75.2,40.260000000000005,100.6,94.9,95.3,30.259999999999998,37.77,47.2,68.2,6.6299999999999955,0.8011649457241196,0.6920821114369502
914,8_SM_000915,F,167.3,54.9,36.13,83.7,75.2,92.9,32.879999999999995,37.92,42.6,68.5,7.090000000000009,0.8670886075949366,0.6218978102189782
4194,8_SM_004195,M,175.9,73.0,38.86,92.4,93.3,95.4,30.849999999999994,39.64,45.4,70.2,7.729999999999995,0.7782542885973762,0.6467236467236467
1294,8_SM_001295,F,161.4,55.6,35.95,82.7,71.3,92.9,32.67999999999999,37.58,41.1,68.2,2.7200000000000046,0.869611495476317,0.6026392961876833
3977,8_SM_003978,M,176.0,80.9,40.6,101.3,91.0,98.5,31.0,42.31,45.0,73.3,8.0,0.73268730796502,0.6139154160982265
4456,8_SM_004457,M,170.5,70.7,39.339999999999996,91.5,91.6,96.5,33.08,39.88,44.9,71.8,6.670000000000004,0.8294884653961885,0.6253481894150418
2323,8_SM_002324,F,161.3,75.9,39.12,99.2,92.5,106.6,27.179999999999996,38.540000000000006,42.8,65.7,6.9100000000000135,0.705241307732226,0.6514459665144596
3957,8_SM_003958,M,181.0,72.8,40.980000000000004,94.3,78.2,93.0,33.21,42.989999999999995,48.5,75.5,8.3,0.7725052337752967,0.6423841059602649
4080,8_SM_004081,M,170.2,69.6,38.089999999999996,99.8,86.0,97.2,32.3,37.75,44.5,70.0,5.739999999999986,0.8556291390728477,0.6357142857142857
3943,8_SM_003944,M,175.1,99.9,39.39,112.0,105.7,108.0,28.079999999999995,41.05,52.1,68.7,6.6600000000000135,0.6840438489646772,0.7583697234352256
716,8_SM_000717,F,161.1,58.2,33.53,85.5,75.1,95.0,32.980000000000004,35.54,45.1,68.2,6.570000000000005,0.9279684862127182,0.6612903225806451
4268,8_SM_004269,M,161.7,59.4,36.58,90.0,87.4,88.8,30.320000000000004,36.26,42.8,66.5,6.3799999999999955,0.8361831218974077,0.643609022556391
3093,8_SM_003094,M,172.5,71.0,38.29,91.1,81.4,96.0,30.51,37.6,49.1,66.7,5.8799999999999955,0.8114361702127659,0.7361319340329835
755,8_SM_000756,F,157.7,74.7,33.81,98.0,91.3,108.0,28.919999999999998,36.54,43.3,64.0,5.709999999999991,0.7914614121510672,0.6765625
1954,8_SM_001955,F,156.8,77.0,37.839999999999996,112.0,102.0,103.7,28.660000000000004,35.029999999999994,42.6,63.3,5.409999999999991,0.8181558664002286,0.6729857819905214
3857,8_SM_003858,M,178.3,65.9,40.28,86.3,73.5,93.6,32.38,44.029999999999994,46.3,75.8,7.1299999999999955,0.7354076765841473,0.6108179419525066
2884,8_SM_002885,M,163.7,71.3,31.95,97.7,98.2,97.9,29.409999999999997,38.720000000000006,45.1,66.6,6.340000000000009,0.7595557851239667,0.6771771771771773
3913,8_SM_003914,M,168.0,68.6,39.42,99.0,86.1,95.1,31.95,38.739999999999995,41.6,70.1,8.20999999999999,0.824728962312855,0.5934379457917262
518,8_SM_000519,F,168.7,68.6,34.769999999999996,90.5,76.9,103.2,33.53000000000001,38.209999999999994,47.2,69.6,6.740000000000009,0.8775189740905526,0.67816091954023
81,8_SM_000082,F,161.7,53.1,34.94,83.6,72.8,94.2,31.270000000000003,36.730000000000004,42.9,66.5,6.6200000000000045,0.8513476722025592,0.6451127819548872
4523,8_SM_004524,M,161.5,68.0,41.4,94.8,93.1,97.3,28.199999999999996,37.160000000000004,41.3,65.3,7.9,0.7588805166846069,0.6324655436447166
1323,8_SM_001324,F,161.7,71.0,35.65,98.3,86.1,105.9,31.679999999999996,35.61,43.5,66.8,5.6,0.889637742207245,0.6511976047904192
4130,8_SM_004131,M,174.8,55.2,40.17,86.8,72.1,86.9,35.220000000000006,41.019999999999996,42.9,75.5,10.279999999999996,0.8586055582642615,0.5682119205298013
924,8_SM_000925,F,156.5,58.4,35.63,90.7,84.2,95.4,30.110000000000003,35.660000000000004,42.2,65.0,5.190000000000009,0.8443634324172743,0.6492307692307693
4368,8_SM_004369,M,158.0,72.3,37.410000000000004,99.5,103.7,95.9,27.080000000000002,33.58,47.8,60.8,6.590000000000009,0.8064324002382371,0.7861842105263158
3844,8_SM_003845,M,171.0,71.4,41.86,91.8,80.2,98.0,32.059999999999995,39.67999999999999,46.5,69.6,7.979999999999995,0.8079637096774194,0.6681034482758621
2213,8_SM_002214,F,157.0,52.4,35.89,85.3,74.4,90.2,27.880000000000006,35.309999999999995,43.9,63.1,6.570000000000005,0.7895780232228833,0.6957210776545166
784,8_SM_000785,F,164.5,60.0,33.96,83.8,76.8,97.2,34.45,38.06,44.4,68.6,6.759999999999991,0.9051497635312664,0.6472303206997085
332,8_SM_000333,F,171.7,66.6,37.660000000000004,89.5,79.3,97.3,37.26,37.95,46.5,72.2,7.1,0.9818181818181817,0.6440443213296398
2069,8_SM_002070,F,165.5,60.5,35.56,87.6,81.0,93.0,32.21,37.48,45.0,69.2,9.070000000000004,0.8593916755602989,0.6502890173410404
2016,8_SM_002017,F,165.0,63.8,36.71,86.5,75.7,98.5,30.320000000000004,38.36,46.2,68.0,5.8700000000000045,0.7904066736183526,0.6794117647058824
953,8_SM_000954,F,169.1,58.2,33.89,80.5,65.8,94.0,35.17,37.71,48.3,70.8,7.6099999999999905,0.9326438610448157,0.6822033898305084
832,8_SM_000833,F,168.5,70.4,35.4,95.2,88.5,99.8,34.71,36.67,50.1,69.5,6.939999999999986,0.9465503136078538,0.720863309352518
4090,8_SM_004091,M,174.5,77.5,40.61,100.2,91.8,99.8,33.72,39.64,46.0,72.7,7.409999999999991,0.8506559031281533,0.6327372764786795
919,8_SM_000920,F,168.5,62.6,36.019999999999996,85.9,73.0,96.0,36.040000000000006,39.95,44.5,72.8,7.389999999999986,0.9021276595744682,0.6112637362637363
2531,8_SM_002532,M,182.4,74.9,37.910000000000004,92.3,80.5,97.9,32.82,41.48,52.5,73.4,9.310000000000013,0.7912246865959499,0.715258855585831
183,8_SM_000184,F,170.0,72.6,36.9,92.5,87.0,102.0,37.220000000000006,39.45,45.1,72.3,4.029999999999996,0.9434727503168568,0.623789764868603
166,8_SM_000167,F,160.8,59.6,34.65,88.0,83.5,98.8,32.76,34.73,43.3,66.2,5.860000000000014,0.9432767060178521,0.6540785498489425
1538,8_SM_001539,F,164.9,53.2,33.21,82.5,65.5,91.0,31.619999999999994,37.83,45.4,69.6,5.9,0.8358445678033306,0.6522988505747127
455,8_SM_000456,F,156.8,53.3,30.99,89.0,76.4,91.8,31.770000000000003,35.26,44.3,66.2,6.6400000000000095,0.9010209869540557,0.6691842900302114
2558,8_SM_002559,M,168.8,81.9,40.08,98.6,90.5,102.8,29.4,35.879999999999995,45.8,65.2,7.719999999999982,0.8193979933110368,0.7024539877300613
3349,8_SM_003350,M,177.2,76.4,42.480000000000004,105.8,77.0,94.0,34.4,42.95,47.7,74.2,7.45,0.8009313154831198,0.6428571428571429
1326,8_SM_001327,F,165.5,47.4,35.7,80.0,66.1,86.8,32.88,37.05,45.5,68.3,8.779999999999996,0.8874493927125507,0.6661786237188873
3843,8_SM_003844,M,169.3,64.8,36.519999999999996,88.2,78.5,94.0,30.279999999999994,37.19,46.4,67.8,7.9100000000000135,0.814197364883033,0.6843657817109144
1125,8_SM_001126,F,158.1,55.5,36.47,84.8,68.3,98.4,32.559999999999995,35.08,39.7,65.6,8.509999999999991,0.928164196123147,0.6051829268292684
4126,8_SM_004127,M,170.5,81.3,39.230000000000004,105.0,96.9,105.0,30.8,36.82,49.3,67.7,6.340000000000009,0.8365019011406845,0.7282127031019202
1302,8_SM_001303,F,164.1,70.5,36.96,96.5,85.3,99.2,30.15,37.18,45.4,66.2,7.009999999999991,0.8109198493813878,0.6858006042296072
3472,8_SM_003473,M,184.4,74.8,44.0,93.7,78.5,95.1,35.25,43.89,45.1,79.1,9.159999999999991,0.8031442241968557,0.5701643489254109
3733,8_SM_003734,M,173.7,91.7,40.730000000000004,108.8,102.5,107.2,28.309999999999995,37.93,48.8,65.6,8.659999999999991,0.7463749011336671,0.7439024390243902
3463,8_SM_003464,M,178.1,69.2,41.69,94.3,77.7,94.7,33.43,41.52,46.4,74.3,8.529999999999996,0.8051541425818882,0.6244952893674294
4140,8_SM_004141,M,176.4,65.6,38.760000000000005,82.7,78.2,96.3,33.81999999999999,40.010000000000005,46.3,72.8,8.860000000000014,0.8452886778305421,0.635989010989011
3159,8_SM_003160,M,172.9,69.5,42.13,96.8,80.6,93.1,32.55,39.040000000000006,44.1,70.8,7.430000000000018,0.8337602459016391,0.6228813559322034
330,8_SM_000331,F,154.2,52.8,32.0,82.5,76.0,92.9,30.090000000000003,33.96,42.3,62.3,5.4,0.8860424028268552,0.6789727126805778
1805,8_SM_001806,F,166.8,66.2,35.989999999999995,93.8,76.7,100.7,32.42999999999999,38.52,42.8,70.0,8.719999999999981,0.8419003115264795,0.6114285714285714
2505,8_SM_002506,F,160.0,68.8,34.989999999999995,99.7,84.3,98.1,27.490000000000002,36.730000000000004,43.3,64.4,4.8700000000000045,0.7484345221889463,0.6723602484472049
2021,8_SM_002022,F,157.2,65.9,37.15,99.6,86.6,101.1,27.490000000000002,35.32,43.5,62.7,7.289999999999987,0.778312570781427,0.69377990430622
2022,8_SM_002023,F,173.8,60.0,36.31,85.3,75.2,94.8,35.980000000000004,38.12,48.0,73.7,8.64000000000001,0.9438614900314797,0.6512890094979646
1873,8_SM_001874,F,157.1,62.6,36.63,93.7,78.5,98.4,30.869999999999997,35.69,44.8,64.5,7.8699999999999815,0.8649481647520314,0.6945736434108527
4264,8_SM_004265,M,164.0,66.4,39.22,98.3,91.8,94.8,27.080000000000002,38.3,45.2,65.9,4.429999999999995,0.7070496083550915,0.6858877086494689
315,8_SM_000316,F,162.7,51.0,32.65,80.1,71.9,92.7,31.279999999999994,36.43,43.8,67.1,6.979999999999995,0.858632994784518,0.6527570789865872
842,8_SM_000843,F,152.2,49.0,33.9,83.3,71.4,90.3,31.519999999999992,34.63,38.8,64.5,5.1200000000000045,0.9101934738665893,0.6015503875968992
3102,8_SM_003103,M,171.5,57.6,35.45,86.9,71.4,87.6,33.86,38.81,45.3,71.9,8.039999999999987,0.8724555526926049,0.6300417246175243
1216,8_SM_001217,F,177.2,43.6,35.5,77.3,66.8,93.9,38.93,38.28,49.7,75.6,7.489999999999986,1.016980146290491,0.6574074074074074
3917,8_SM_003918,M,173.9,77.8,41.05,102.5,88.1,98.3,29.79,40.49,46.8,69.3,7.540000000000009,0.7357372190664361,0.6753246753246753
3251,8_SM_003252,M,169.7,70.7,40.7,93.2,81.0,95.4,30.45,38.3,43.1,67.7,8.05,0.7950391644908616,0.6366322008862629
2149,8_SM_002150,F,161.0,76.2,39.13,104.0,92.8,102.3,28.85,36.61,43.6,65.6,6.329999999999996,0.7880360557224803,0.6646341463414634
2224,8_SM_002225,F,158.0,51.7,34.8,89.0,76.2,88.2,30.189999999999998,37.08,42.0,66.3,6.05,0.814185544768069,0.6334841628959277
3841,8_SM_003842,M,182.2,75.5,40.28,97.2,79.2,97.3,31.499999999999993,42.64,49.5,75.7,8.970000000000004,0.7387429643527202,0.6538969616908851
1496,8_SM_001497,F,153.1,55.1,34.1,88.1,75.4,93.3,27.51,33.87,44.9,61.9,7.3,0.8122232063773251,0.7253634894991923
787,8_SM_000788,F,159.2,61.6,34.82,88.0,77.4,101.1,31.98,37.040000000000006,41.9,67.3,4.719999999999982,0.8633909287257018,0.6225854383358098
809,8_SM_000810,F,154.6,56.5,32.269999999999996,88.0,85.4,96.4,30.46,33.71,41.2,63.2,6.829999999999996,0.9035894393355087,0.6518987341772152
54,8_SM_000055,F,162.3,51.9,34.260000000000005,79.4,73.2,91.2,32.2,37.480000000000004,44.1,68.8,5.789999999999987,0.8591248665955176,0.6409883720930233
2995,8_SM_002996,M,169.3,69.2,39.019999999999996,93.0,81.7,92.2,31.71,38.35,46.9,69.7,7.670000000000004,0.826857887874837,0.672883787661406
1935,8_SM_001936,F,158.0,52.4,34.269999999999996,88.6,76.0,89.7,29.779999999999994,35.86,43.5,65.0,7.190000000000009,0.8304517568321248,0.6692307692307692
4228,8_SM_004229,M,169.0,69.5,37.230000000000004,93.2,88.9,94.0,30.620000000000005,37.7,48.7,66.1,8.529999999999996,0.8122015915119364,0.7367624810892588
3577,8_SM_003578,M,170.8,73.1,38.56,95.7,86.4,93.9,29.45,39.540000000000006,46.5,69.0,6.75,0.7448153768335861,0.6739130434782609
1716,8_SM_001717,F,158.4,55.5,30.919999999999998,80.5,71.4,92.1,29.819999999999993,35.18,45.8,64.9,7.159999999999991,0.8476407049459919,0.7057010785824344
2176,8_SM_002177,F,152.0,56.6,32.83,95.0,82.8,89.0,25.939999999999998,34.54,44.1,58.8,6.079999999999996,0.7510133178922987,0.7500000000000001
1150,8_SM_001151,F,164.9,67.8,38.56,97.8,82.3,97.0,33.69,37.67,42.2,70.3,5.240000000000009,0.8943456331298114,0.6002844950213372
997,8_SM_000998,F,164.8,49.3,36.230000000000004,79.3,64.0,89.2,32.75,35.6,48.7,66.7,7.060000000000014,0.9199438202247191,0.7301349325337332
3915,8_SM_003916,M,180.6,63.6,41.1,88.9,78.3,89.2,34.86,41.83,44.2,75.3,8.970000000000004,0.8333731771455893,0.5869853917662683
3604,8_SM_003605,M,176.5,85.3,38.88,101.8,95.4,101.7,31.279999999999994,42.870000000000005,47.0,74.1,6.059999999999991,0.7296477723349659,0.6342780026990554
3080,8_SM_003081,M,172.0,75.1,40.03,92.6,81.4,98.0,29.889999999999997,40.2,45.3,70.8,7.490000000000009,0.7435323383084576,0.6398305084745762
1409,8_SM_001410,F,166.5,64.4,35.15,88.9,74.4,99.5,33.08,36.31,48.7,68.3,7.1400000000000095,0.9110437895896446,0.7130307467057102
2659,8_SM_002660,M,182.2,75.6,42.989999999999995,98.4,80.0,98.4,35.55,42.55,47.8,77.1,7.419999999999982,0.8354876615746181,0.6199740596627756
778,8_SM_000779,F,152.4,55.0,30.27,85.9,72.1,92.0,30.2,32.67999999999999,41.7,62.0,5.770000000000005,0.9241126070991434,0.6725806451612903
4280,8_SM_004281,M,172.6,75.2,37.28,101.8,96.5,95.0,26.72,41.05,46.1,69.0,4.909999999999991,0.6509135200974422,0.6681159420289855
4439,8_SM_004440,M,172.1,73.9,41.32,97.1,90.8,98.1,29.670000000000005,38.660000000000004,47.8,70.7,7.559999999999991,0.7674599068804967,0.676096181046676
3252,8_SM_003253,M,168.9,71.6,39.75,93.9,80.1,95.0,31.85,37.07,46.8,67.8,6.959999999999991,0.859185325060696,0.6902654867256637
288,8_SM_000289,F,159.1,85.3,34.15,110.0,103.0,111.8,29.889999999999997,36.4,44.9,66.2,5.179999999999995,0.8211538461538461,0.6782477341389728
4540,8_SM_004541,M,167.5,65.6,37.21,92.2,88.2,92.1,27.7,38.220000000000006,46.5,67.0,5.209999999999991,0.7247514390371532,0.6940298507462687
432,8_SM_000433,F,163.1,63.1,34.21,88.5,81.5,99.5,31.229999999999997,37.57,43.4,67.3,6.329999999999996,0.8312483364386478,0.6448736998514116
2347,8_SM_002348,F,152.1,46.5,33.9,79.1,66.4,87.3,28.440000000000005,33.51,43.0,60.9,4.279999999999996,0.8487018800358104,0.7060755336617406
2739,8_SM_002740,M,169.4,66.3,36.42,96.1,84.4,92.2,30.150000000000006,38.54,44.6,68.0,6.220000000000004,0.7823040996367412,0.6558823529411765
2094,8_SM_002095,F,157.8,53.7,36.54,83.6,75.7,90.0,29.320000000000004,36.3,42.6,64.2,6.540000000000009,0.8077134986225897,0.6635514018691588
732,8_SM_000733,F,163.0,54.5,31.97,79.9,73.3,94.7,34.18,35.290000000000006,45.9,67.7,5.5,0.9685463304052138,0.6779911373707532
961,8_SM_000962,F,163.7,57.0,38.25,86.0,70.8,95.5,31.060000000000002,36.11,42.6,66.0,8.2,0.8601495430628635,0.6454545454545455
3790,8_SM_003791,M,169.2,72.0,40.519999999999996,96.9,85.5,96.0,28.28,40.65,47.0,67.7,8.79000000000001,0.6956949569495695,0.6942392909896602
2277,8_SM_002278,F,158.2,52.2,35.739999999999995,83.1,76.2,95.0,29.28,35.44,44.9,64.2,8.029999999999996,0.8261851015801355,0.6993769470404984
999,8_SM_001000,F,166.0,60.4,36.730000000000004,84.3,68.0,95.0,33.989999999999995,38.839999999999996,44.8,70.8,6.240000000000009,0.8751287332646756,0.6327683615819208
3249,8_SM_003250,M,179.8,80.4,42.78,99.9,87.9,99.5,32.779999999999994,41.92,48.1,74.9,7.570000000000005,0.7819656488549617,0.6421895861148197
1774,8_SM_001775,F,153.4,53.9,32.06,83.0,72.0,92.5,29.93,34.82,41.0,63.0,6.659999999999991,0.8595634692705342,0.6507936507936508
3350,8_SM_003351,M,176.1,82.2,38.519999999999996,102.0,86.5,99.5,32.220000000000006,41.519999999999996,48.4,71.2,7.460000000000013,0.7760115606936419,0.6797752808988764
329,8_SM_000330,F,166.3,51.7,33.87,77.5,66.4,92.0,32.260000000000005,36.290000000000006,45.6,67.7,7.3799999999999955,0.8889501240011022,0.6735598227474151
2630,8_SM_002631,M,170.4,66.1,40.010000000000005,95.0,75.7,92.9,33.10000000000001,40.839999999999996,41.9,72.5,7.080000000000018,0.8104799216454459,0.5779310344827586
1398,8_SM_001399,F,158.6,72.5,36.06,103.1,88.8,101.6,28.619999999999997,35.11,45.8,63.6,7.990000000000009,0.8151523782398177,0.720125786163522
1739,8_SM_001740,F,161.2,58.0,34.57,89.1,76.0,91.2,31.089999999999996,36.56,46.6,66.1,7.8700000000000045,0.8503829321663018,0.7049924357034797
1100,8_SM_001101,F,154.7,59.8,34.260000000000005,93.5,79.4,94.5,30.29,37.45,41.1,65.0,3.9400000000000093,0.8088117489986648,0.6323076923076923
3995,8_SM_003996,M,170.0,58.6,40.410000000000004,87.1,75.8,89.5,31.429999999999996,41.61,40.3,73.7,7.840000000000009,0.7553472722903147,0.5468113975576662
344,8_SM_000345,F,157.5,54.5,31.080000000000002,82.0,74.0,96.4,29.450000000000006,35.4,42.7,64.2,6.0,0.8319209039548024,0.6651090342679128
148,8_SM_000149,F,159.5,60.5,34.38,88.5,78.2,95.0,29.470000000000006,35.269999999999996,44.4,64.6,3.4,0.8355542954352143,0.6873065015479877
3869,8_SM_003870,M,177.9,78.1,40.69,95.3,83.4,100.3,29.199999999999996,43.31,47.9,73.5,7.279999999999996,0.6742091895636111,0.6517006802721088
1121,8_SM_001122,F,164.1,59.6,35.83,87.8,76.5,99.2,31.649999999999995,37.81,45.4,68.5,8.05,0.8370801375297539,0.6627737226277373
858,8_SM_000859,F,155.9,51.8,33.33,87.2,77.5,89.5,33.14,33.3,43.2,64.3,6.0,0.9951951951951953,0.6718506998444791
976,8_SM_000977,F,162.8,60.2,35.54,86.8,77.2,92.5,33.42,36.55,45.9,68.6,7.309999999999991,0.9143638850889194,0.6690962099125365
4304,8_SM_004305,M,173.0,85.1,39.13,105.0,96.4,104.5,30.75,39.27,45.8,69.8,5.980000000000018,0.7830404889228418,0.6561604584527221
4076,8_SM_004077,M,162.3,66.9,36.1,96.6,93.7,92.2,28.27,36.88,41.4,64.9,6.6299999999999955,0.7665401301518437,0.6379044684129429
2218,8_SM_002219,F,155.6,56.7,35.2,95.2,81.5,90.6,29.430000000000007,34.92999999999999,44.8,63.5,5.460000000000013,0.8425422273117668,0.705511811023622
3679,8_SM_003680,M,175.8,80.3,41.269999999999996,99.8,86.4,99.6,32.38,42.6,44.4,75.2,7.340000000000009,0.760093896713615,0.5904255319148936
668,8_SM_000669,F,168.4,60.8,34.46,86.8,78.5,96.3,34.839999999999996,36.82,46.1,69.9,7.6,0.946224877783813,0.6595135908440629
1012,8_SM_001013,F,156.4,45.1,35.05,80.4,66.0,86.0,30.209999999999997,35.339999999999996,42.9,63.4,5.820000000000005,0.8548387096774194,0.6766561514195584
3873,8_SM_003874,M,176.0,73.3,39.489999999999995,94.6,88.9,98.4,28.209999999999997,43.239999999999995,47.5,73.6,7.790000000000009,0.6524051803885291,0.6453804347826088
287,8_SM_000288,F,159.5,70.4,34.769999999999996,100.3,89.0,100.9,30.110000000000003,35.37,45.1,64.8,6.690000000000009,0.8512864009047216,0.6959876543209877
3877,8_SM_003878,M,176.2,75.9,40.010000000000005,90.9,81.2,98.2,29.98,41.18,50.9,71.5,8.720000000000004,0.7280233122875183,0.7118881118881119
4284,8_SM_004285,M,168.0,78.2,40.55,104.0,96.4,97.4,31.340000000000003,38.260000000000005,45.4,69.7,7.570000000000005,0.8191322530057501,0.6513629842180775
1894,8_SM_001895,F,164.4,57.1,36.69,84.6,71.9,94.4,32.95,34.72,49.5,66.2,8.410000000000014,0.9490207373271891,0.7477341389728096
4414,8_SM_004415,M,183.0,86.2,43.44,105.9,95.3,103.5,31.53,41.58,50.5,75.2,9.010000000000014,0.7582972582972584,0.6715425531914894
1218,8_SM_001219,F,151.9,54.4,33.47,85.3,76.3,92.9,29.950000000000006,34.309999999999995,41.6,62.7,6.35,0.8729233459632764,0.6634768740031898
2005,8_SM_002006,F,156.8,57.2,36.45,90.8,78.5,92.7,29.889999999999997,33.62,45.4,63.1,5.85,0.8890541344437835,0.7194928684627575
24,8_SM_000025,F,158.3,44.6,33.980000000000004,72.7,65.2,86.0,31.089999999999996,34.260000000000005,43.7,64.4,5.710000000000013,0.9074722708698187,0.6785714285714286
4412,8_SM_004413,M,164.5,60.9,37.54,91.0,81.5,89.5,27.389999999999997,37.220000000000006,47.0,65.7,7.259999999999991,0.7358946802794195,0.715372907153729
3345,8_SM_003346,M,171.3,75.7,37.05,94.5,84.5,98.3,33.050000000000004,41.37,43.3,71.2,6.779999999999996,0.7988880831520427,0.6081460674157303
3461,8_SM_003462,M,171.0,89.3,40.8,110.8,97.7,103.4,29.079999999999995,39.760000000000005,48.7,68.0,5.809999999999991,0.731388329979879,0.7161764705882353
3813,8_SM_003814,M,168.3,76.5,38.1,103.5,92.4,94.6,30.1,39.14,42.4,69.7,6.959999999999991,0.7690342360756259,0.6083213773314203
885,8_SM_000886,F,162.0,56.3,34.85,77.5,74.0,93.0,32.69,37.0,42.7,66.7,7.479999999999995,0.8835135135135135,0.6401799100449775
4316,8_SM_004317,M,170.8,73.9,39.68,96.7,87.6,97.8,31.920000000000005,37.839999999999996,44.4,69.8,7.570000000000005,0.8435517970401694,0.6361031518624641
948,8_SM_000949,F,159.2,60.4,34.989999999999995,86.4,75.0,97.0,31.179999999999996,36.13,44.5,65.7,4.189999999999986,0.8629947412122888,0.6773211567732116
2709,8_SM_002710,M,179.7,97.4,37.05,106.9,100.0,112.7,31.880000000000006,44.919999999999995,48.9,76.2,6.190000000000009,0.7097061442564562,0.6417322834645669
2409,8_SM_002410,F,155.0,58.4,35.8,94.0,82.6,96.5,27.670000000000005,35.67,43.9,63.1,7.470000000000004,0.7757218951499861,0.6957210776545166
4156,8_SM_004157,M,169.4,73.0,40.82,102.8,94.9,96.9,30.75,37.79,45.8,67.7,6.8700000000000045,0.8137073299814765,0.6765140324963071
4527,8_SM_004528,M,173.0,78.2,38.93,94.4,95.3,100.8,30.8,39.47,45.4,70.8,6.9100000000000135,0.7803394983531796,0.6412429378531074
3373,8_SM_003374,M,175.8,66.0,39.660000000000004,91.0,72.0,91.8,31.6,40.57000000000001,46.3,73.4,8.120000000000005,0.7789006655163914,0.6307901907356948
388,8_SM_000389,F,156.3,43.2,34.08,74.9,62.0,83.4,32.54,34.540000000000006,41.0,65.4,6.310000000000014,0.9420961204400693,0.6269113149847094
3802,8_SM_003803,M,166.9,55.9,35.87,86.8,80.5,85.0,31.1,39.72,42.4,71.1,6.279999999999996,0.7829808660624371,0.5963431786216596
4158,8_SM_004159,M,164.4,53.5,35.61,83.8,80.0,87.9,31.759999999999998,39.2,44.0,69.4,8.310000000000013,0.810204081632653,0.6340057636887607
3647,8_SM_003648,M,173.2,60.1,38.87,87.8,74.9,92.0,33.08,40.14,46.3,72.2,8.3,0.8241155954160438,0.6412742382271468
2306,8_SM_002307,F,159.7,56.7,34.11,91.3,84.7,91.8,28.21,37.31,42.7,65.5,7.579999999999996,0.7560975609756098,0.6519083969465649
3606,8_SM_003607,M,184.6,90.1,42.660000000000004,108.0,94.2,103.4,32.05,43.92,50.0,76.7,9.729999999999995,0.7297358834244079,0.651890482398957
946,8_SM_000947,F,167.8,51.2,36.269999999999996,79.9,64.8,88.9,33.199999999999996,38.410000000000004,44.1,69.3,6.670000000000004,0.8643582400416556,0.6363636363636365
4224,8_SM_004225,M,172.6,61.0,36.510000000000005,87.0,84.3,89.4,34.120000000000005,42.629999999999995,42.3,75.9,5.789999999999987,0.8003753225428104,0.5573122529644268
2375,8_SM_002376,F,159.5,44.1,36.13,77.7,65.7,85.5,30.45,37.15,40.5,66.4,5.8900000000000095,0.819650067294751,0.6099397590361445
203,8_SM_000204,F,168.3,53.1,35.03,82.2,65.0,94.5,34.36,39.14,44.1,72.8,6.510000000000014,0.8778742973939704,0.6057692307692308
3245,8_SM_003246,M,176.9,94.4,44.42,107.2,101.2,106.8,30.109999999999996,39.2,46.4,68.7,6.740000000000009,0.768112244897959,0.6754002911208151
1347,8_SM_001348,F,162.9,70.8,38.2,96.4,87.8,101.5,30.370000000000005,36.7,45.0,67.0,6.679999999999995,0.8275204359673025,0.6716417910447762
3039,8_SM_003040,M,171.4,62.5,36.63,92.5,71.3,89.2,31.820000000000004,37.5,45.9,68.3,8.179999999999996,0.8485333333333335,0.6720351390922401
2730,8_SM_002731,M,176.1,84.5,39.32,99.4,95.5,104.8,30.119999999999997,38.28,47.1,67.4,8.15,0.7868338557993729,0.6988130563798219
1949,8_SM_001950,F,162.8,54.5,34.82,84.4,78.9,93.1,34.459999999999994,33.85,45.1,67.1,6.8599999999999905,1.018020679468242,0.6721311475409837
945,8_SM_000946,F,167.8,55.9,34.6,86.0,73.6,90.7,19.130000000000003,37.82,47.4,70.3,6.039999999999987,0.5058170280274987,0.6742532005689901
2433,8_SM_002434,F,157.0,52.2,37.37,84.9,75.3,90.1,30.540000000000003,35.12,42.5,64.4,6.770000000000005,0.8695899772209569,0.6599378881987578
572,8_SM_000573,F,176.7,78.6,36.43,94.0,84.7,107.3,34.45,40.2,47.6,73.9,7.340000000000009,0.8569651741293532,0.6441136671177267
1869,8_SM_001870,F,160.2,58.6,36.07,92.0,84.9,93.5,29.619999999999994,35.88,44.6,64.4,7.570000000000005,0.825529542920847,0.6925465838509316
3989,8_SM_003990,M,178.0,97.5,40.45,110.3,100.5,108.8,28.439999999999998,44.57,49.6,72.9,5.070000000000005,0.6380973749158626,0.6803840877914952
2894,8_SM_002895,M,171.4,70.0,36.519999999999996,92.0,83.3,95.0,30.589999999999996,38.49,46.0,68.1,5.8800000000000185,0.7947518836061314,0.6754772393538914
3053,8_SM_003054,M,181.8,90.5,44.660000000000004,105.7,90.5,107.5,33.24000000000001,44.14999999999999,45.7,76.1,8.119999999999981,0.7528878822197059,0.6005256241787124
4011,8_SM_004012,M,174.8,67.6,38.269999999999996,93.4,86.3,95.5,33.2,38.81,46.3,71.2,9.970000000000004,0.8554496263849524,0.6502808988764044
2482,8_SM_002483,F,157.8,55.8,35.13,91.9,75.7,90.6,29.45,36.95,43.8,65.3,6.1099999999999905,0.7970230040595399,0.6707503828483921
1660,8_SM_001661,F,157.3,51.3,37.78,83.3,67.4,92.3,32.06,36.57,39.6,67.1,7.010000000000014,0.8766748701121138,0.5901639344262296
3770,8_SM_003771,M,172.0,90.9,38.53,105.5,102.9,108.1,30.51,39.86,47.4,70.6,5.070000000000005,0.7654290015052685,0.6713881019830029
2883,8_SM_002884,M,175.1,77.7,39.089999999999996,99.8,90.8,101.9,32.45,39.67999999999999,46.2,72.3,6.180000000000018,0.8177923387096776,0.6390041493775934
1807,8_SM_001808,F,162.3,48.8,34.769999999999996,78.5,66.0,89.1,33.52,36.51,42.3,69.3,7.789999999999987,0.9181046288688032,0.6103896103896104
1445,8_SM_001446,F,163.7,54.5,31.52,85.2,72.0,91.3,29.689999999999998,36.29,47.0,64.8,7.229999999999995,0.8181317167263709,0.7253086419753086
2848,8_SM_002849,M,186.2,81.8,43.67,100.6,87.2,101.4,33.989999999999995,45.05,46.3,79.0,10.670000000000005,0.7544950055493895,0.5860759493670886
3134,8_SM_003135,M,174.9,106.7,40.4,114.6,117.1,111.5,24.979999999999997,42.15,51.2,69.1,7.909999999999991,0.5926453143534993,0.7409551374819103
3839,8_SM_003840,M,173.3,80.6,40.03,102.8,93.0,101.8,28.139999999999997,43.28,46.4,70.9,7.6,0.6501848428835489,0.6544428772919605
1027,8_SM_001028,F,158.6,54.6,36.53,80.5,72.9,95.2,31.340000000000003,37.845,39.9,66.6,7.539999999999987,0.8281146782930375,0.5990990990990991
1943,8_SM_001944,F,156.8,46.6,34.7,78.4,70.0,86.4,30.9,34.92999999999999,42.1,64.0,9.54000000000001,0.8846263956484399,0.6578125
4214,8_SM_004215,M,170.0,63.6,41.160000000000004,95.4,82.5,89.7,30.35,38.980000000000004,47.0,68.3,8.95,0.7786044125192406,0.6881405563689605
3079,8_SM_003080,M,172.5,74.1,39.75,93.4,81.0,98.8,33.97,39.21,47.2,73.0,7.529999999999996,0.866360622290232,0.6465753424657534
3778,8_SM_003779,M,177.2,87.7,42.75,101.3,93.4,105.6,30.95,40.83,46.2,73.5,7.1,0.7580210629439138,0.6285714285714286
126,8_SM_000127,F,161.3,58.7,33.39,92.5,82.5,97.8,31.560000000000002,34.82,41.4,63.7,5.709999999999991,0.9063756461803562,0.6499215070643641
3485,8_SM_003486,M,163.5,63.3,37.87,90.7,84.5,90.3,26.799999999999994,38.239999999999995,45.9,65.2,6.440000000000009,0.700836820083682,0.7039877300613496
2957,8_SM_002958,M,178.7,73.2,38.95,102.4,77.8,96.5,34.959999999999994,39.54,48.1,73.0,6.720000000000004,0.8841679312089022,0.6589041095890411
3241,8_SM_003242,M,177.8,92.1,39.43,104.1,97.2,102.8,31.909999999999997,39.23,49.4,71.1,6.739999999999986,0.8134081060412949,0.6947960618846695
1362,8_SM_001363,F,154.9,46.8,33.22,77.8,64.7,88.8,27.579999999999995,34.54,46.6,59.8,7.8599999999999905,0.7984944991314417,0.7792642140468228
3078,8_SM_003079,M,171.2,82.5,36.589999999999996,100.9,91.5,102.0,31.900000000000006,40.17999999999999,47.7,72.4,7.159999999999991,0.7939273270283727,0.6588397790055248
358,8_SM_000359,F,165.9,53.6,34.269999999999996,81.5,70.0,92.2,31.829999999999995,38.32000000000001,44.9,69.3,7.6099999999999905,0.830636743215031,0.6479076479076479
4237,8_SM_004238,M,164.8,65.4,36.28,96.2,89.3,92.5,27.79,36.88,46.4,64.3,7.079999999999996,0.753524945770065,0.7216174183514774
2752,8_SM_002753,M,174.7,75.9,40.38,97.4,81.7,98.6,33.76,38.660000000000004,47.8,64.9,9.440000000000008,0.8732540093119502,0.7365177195685669
837,8_SM_000838,F,158.3,52.1,34.410000000000004,89.9,77.9,87.7,30.73,36.17999999999999,43.3,65.3,7.570000000000005,0.8493642896627973,0.663093415007657
1654,8_SM_001655,F,165.3,69.2,36.35,93.4,81.8,101.0,33.93,38.239999999999995,43.0,69.6,6.2,0.8872907949790796,0.6178160919540231
3063,8_SM_003064,M,163.4,60.7,35.9,90.5,80.3,93.7,27.610000000000003,38.190000000000005,45.7,64.3,7.809999999999991,0.7229641267347473,0.7107309486780716
994,8_SM_000995,F,156.5,45.2,34.989999999999995,80.2,64.9,82.7,31.269999999999992,33.36,45.1,62.5,5.9100000000000135,0.9373501199040766,0.7216
3319,8_SM_003320,M,169.7,96.1,39.87,111.2,103.0,109.5,28.879999999999995,38.57000000000001,48.7,67.8,6.1,0.7487684729064037,0.7182890855457228
4518,8_SM_004519,M,173.5,75.2,40.7,99.3,91.3,91.8,29.440000000000005,40.45,48.3,70.0,9.130000000000019,0.7278121137206428,0.69
2203,8_SM_002204,F,162.1,52.4,33.730000000000004,82.2,71.4,88.8,30.940000000000005,36.87,47.5,67.1,7.239999999999986,0.8391646324925416,0.7078986587183309
4197,8_SM_004198,M,161.0,64.8,38.8,91.7,89.2,92.8,27.450000000000006,37.36,45.0,65.2,5.739999999999986,0.734743040685225,0.6901840490797546
2458,8_SM_002459,F,154.2,53.5,32.18,83.9,73.2,97.6,29.98,35.09,40.6,64.7,5.8700000000000045,0.8543744656597321,0.6275115919629057
365,8_SM_000366,F,156.4,48.2,32.69,81.0,68.8,88.0,27.82,34.1,41.4,60.9,6.539999999999987,0.8158357771260997,0.6798029556650246
2364,8_SM_002365,F,160.0,49.9,37.769999999999996,78.3,68.2,91.8,29.889999999999997,35.922,45.7,65.8,5.7,0.8320806191192027,0.6945288753799392
348,8_SM_000349,F,154.7,57.3,32.93,84.1,79.1,98.8,32.29,33.12,42.5,63.6,6.45,0.9749396135265701,0.6682389937106918
4166,8_SM_004167,M,177.7,81.6,42.46,100.2,93.2,103.8,33.48,41.87,45.2,75.0,7.989999999999986,0.7996178648196799,0.6026666666666667
4193,8_SM_004194,M,177.2,75.6,38.760000000000005,96.8,89.7,96.4,33.95,42.33,48.0,74.8,7.810000000000014,0.8020316560359084,0.6417112299465241
721,8_SM_000722,F,162.9,45.1,33.42,77.4,63.9,85.7,33.58,36.97,45.0,67.9,5.469999999999982,0.9083040302948336,0.6627393225331369
3242,8_SM_003243,M,175.6,69.1,39.68,91.7,78.7,95.2,32.89,39.489999999999995,48.2,72.2,8.620000000000005,0.8328690807799444,0.6675900277008311
3508,8_SM_003509,M,173.0,67.3,42.589999999999996,93.0,78.2,94.9,32.54,40.34,42.8,72.3,8.840000000000009,0.8066435299950421,0.5919778699861687
4359,8_SM_004360,M,168.0,77.4,37.239999999999995,98.2,94.2,100.2,27.65,38.75,49.0,66.1,5.9100000000000135,0.7135483870967742,0.7413010590015129
3417,8_SM_003418,M,169.3,92.3,40.53,108.0,103.5,107.9,27.580000000000002,38.79,49.6,65.5,7.929999999999995,0.7110079917504513,0.7572519083969466
3363,8_SM_003364,M,170.0,61.0,38.38,84.0,72.8,92.5,29.79,39.78,47.7,69.6,9.090000000000009,0.748868778280543,0.685344827586207
10,8_SM_000011,F,152.4,66.2,35.95,96.4,87.5,102.9,25.810000000000002,32.510000000000005,45.7,57.3,6.990000000000009,0.7939095662872961,0.7975567190226877
3996,8_SM_003997,M,156.0,61.0,38.19,95.0,87.4,88.5,30.77,39.46,43.1,61.4,9.329999999999995,0.7797769893563101,0.7019543973941369
2131,8_SM_002132,F,164.1,60.8,35.87,90.9,80.3,93.4,31.089999999999996,37.279999999999994,42.8,68.1,5.810000000000014,0.8339592274678111,0.6284875183553598
4309,8_SM_004310,M,177.3,72.5,36.68,91.5,81.8,100.2,32.86999999999999,40.910000000000004,50.0,73.5,7.689999999999986,0.8034710339770225,0.6802721088435374
1849,8_SM_001850,F,162.7,73.0,38.54,101.0,88.5,101.3,31.320000000000004,36.66,46.0,66.8,7.820000000000005,0.8543371522094928,0.688622754491018
803,8_SM_000804,F,159.4,50.7,33.61,87.0,69.3,90.5,30.660000000000004,35.480000000000004,43.3,65.5,6.229999999999995,0.8641488162344984,0.6610687022900763
4494,8_SM_004495,M,178.3,77.2,40.64,104.5,91.9,99.4,30.619999999999997,42.13,47.7,74.7,9.329999999999995,0.7267980061713742,0.6385542168674699
2824,8_SM_002825,M,173.9,70.0,42.760000000000005,97.9,84.9,95.8,31.51,41.56,45.1,73.1,7.1099999999999905,0.7581809432146295,0.6169630642954858
2696,8_SM_002697,M,173.4,76.3,42.04,95.9,84.9,99.4,36.94,42.65,43.4,77.5,7.720000000000004,0.8661195779601406,0.5599999999999999
94,8_SM_000095,F,166.0,47.2,35.97,77.2,65.5,87.3,34.5,37.54,44.4,70.5,6.3700000000000045,0.9190197123068727,0.6297872340425532
129,8_SM_000130,F,161.7,57.4,35.71,90.5,75.8,95.1,30.290000000000003,36.9,41.8,66.1,4.970000000000004,0.8208672086720868,0.632375189107413
2913,8_SM_002914,M,174.2,83.3,40.9,106.5,92.0,101.6,30.270000000000003,42.67,44.1,75.4,6.6600000000000135,0.7093977033044294,0.5848806366047745
2386,8_SM_002387,F,153.8,56.1,36.12,86.0,79.0,93.7,26.98,33.64,43.1,60.5,8.10999999999999,0.8020214030915577,0.7123966942148761
3710,8_SM_003711,M,180.7,89.8,40.730000000000004,102.5,99.0,100.3,26.470000000000006,44.41,51.0,73.2,8.75,0.5960369286196804,0.6967213114754098
3405,8_SM_003406,M,175.4,71.7,40.38,93.8,82.2,95.6,33.120000000000005,40.22,46.9,74.3,8.95,0.8234709099950275,0.6312247644683715
3370,8_SM_003371,M,174.8,72.5,41.11,94.6,88.0,96.0,29.5,44.91,42.3,74.4,7.3,0.6568692941438433,0.5685483870967741
3265,8_SM_003266,M,170.0,64.8,38.45,88.5,72.2,92.8,28.990000000000002,40.42999999999999,46.0,69.9,8.05,0.717041800643087,0.6580829756795421
4471,8_SM_004472,M,168.4,64.4,39.94,92.8,84.9,91.3,28.830000000000005,39.42999999999999,45.6,68.2,6.970000000000004,0.7311691605376619,0.6686217008797654
4078,8_SM_004079,M,169.1,59.0,40.269999999999996,87.9,78.9,91.0,31.189999999999998,37.92999999999999,46.6,68.3,7.659999999999991,0.8223042446612181,0.6822840409956077
2278,8_SM_002279,F,164.7,69.5,39.12,98.0,84.9,101.0,29.249999999999993,37.02,42.3,66.8,8.770000000000005,0.7901134521880062,0.6332335329341318
1915,8_SM_001916,F,171.7,58.2,38.06,81.6,72.2,95.4,35.029999999999994,39.730000000000004,47.7,73.6,8.14000000000001,0.8817014850239112,0.6480978260869567
3767,8_SM_003768,M,167.7,62.6,39.65,93.2,77.6,92.8,31.870000000000005,41.89,50.7,73.3,6.039999999999987,0.7608021007400335,0.6916780354706685
3968,8_SM_003969,M,174.2,85.4,40.14,105.9,94.2,96.3,31.689999999999998,38.72,51.3,70.8,6.8700000000000045,0.8184400826446281,0.7245762711864406
3267,8_SM_003268,M,167.5,70.3,37.43,97.0,79.7,97.5,32.07000000000001,37.480000000000004,45.1,68.7,9.25,0.8556563500533619,0.6564774381368268
1947,8_SM_001948,F,159.0,75.0,35.589999999999996,99.2,91.7,108.2,28.139999999999997,35.040000000000006,45.4,63.0,5.6200000000000045,0.8030821917808217,0.7206349206349206
3664,8_SM_003665,M,177.3,72.0,39.97,94.4,80.8,95.7,30.060000000000002,40.35,47.1,73.3,6.670000000000004,0.7449814126394052,0.6425648021828104
4206,8_SM_004207,M,166.4,70.7,40.28,97.5,94.0,96.2,28.23,35.910000000000004,41.8,65.5,7.65,0.7861319966583123,0.6381679389312976
2934,8_SM_002935,M,180.9,77.9,42.38,95.6,81.4,98.2,33.519999999999996,43.15,47.4,78.0,7.55,0.7768250289687137,0.6076923076923076
1880,8_SM_001881,F,160.0,51.5,38.03,81.8,69.9,89.7,30.029999999999994,37.25,44.5,66.4,7.779999999999996,0.8061744966442952,0.6701807228915662
1673,8_SM_001674,F,160.8,66.7,35.42,93.2,82.0,99.8,30.589999999999996,36.41,44.6,65.9,5.290000000000009,0.8401538039000275,0.676783004552352
521,8_SM_000522,F,151.3,38.9,29.830000000000002,72.5,59.3,81.2,31.080000000000005,32.85,39.3,62.0,6.080000000000018,0.9461187214611874,0.6338709677419354
1872,8_SM_001873,F,161.2,55.8,36.63,90.9,76.7,91.5,32.78000000000001,34.3,46.1,66.0,8.470000000000004,0.9556851311953356,0.6984848484848485
2667,8_SM_002668,M,180.0,70.0,39.839999999999996,96.2,80.2,95.8,34.690000000000005,40.910000000000004,45.1,74.2,9.889999999999986,0.8479589342459057,0.6078167115902965
2258,8_SM_002259,F,167.2,71.7,38.54,99.0,88.5,104.2,32.17,37.76,45.6,69.3,8.75,0.8519597457627119,0.658008658008658
1292,8_SM_001293,F,159.1,41.3,32.18,75.5,61.6,81.6,31.839999999999996,35.47,43.0,65.4,6.489999999999986,0.8976599943614321,0.6574923547400611
2351,8_SM_002352,F,153.2,52.4,31.75,91.4,84.4,92.4,25.019999999999992,37.290000000000006,39.7,61.0,5.3800000000000185,0.6709573612228477,0.6508196721311476
960,8_SM_000961,F,161.4,65.3,37.839999999999996,91.4,77.7,101.8,30.339999999999996,37.56,43.9,66.6,8.25,0.8077742279020232,0.6591591591591592
3851,8_SM_003852,M,166.3,78.0,37.05,102.8,95.4,96.5,25.509999999999998,38.760000000000005,45.6,65.7,5.219999999999982,0.6581527347781216,0.6940639269406392
4141,8_SM_004142,M,176.3,74.7,40.54,95.6,86.9,95.3,34.07000000000001,38.92999999999999,48.7,71.3,9.639999999999986,0.8751605445671722,0.6830294530154278
1134,8_SM_001135,F,152.5,50.5,34.87,84.4,69.6,89.8,29.320000000000004,34.07,42.9,61.0,6.029999999999996,0.8605811564426182,0.7032786885245902
2619,8_SM_002620,M,175.5,72.6,41.18,94.4,80.8,99.6,30.500000000000007,41.86,46.1,71.4,8.529999999999996,0.7286192068800766,0.645658263305322
2219,8_SM_002220,F,163.0,72.8,37.44,99.4,88.4,102.2,30.160000000000004,35.55,47.0,65.3,4.489999999999986,0.848382559774965,0.7197549770290965
423,8_SM_000424,F,166.8,53.4,33.9,76.5,66.5,90.1,30.490000000000002,37.35,47.2,66.5,6.289999999999987,0.8163319946452476,0.7097744360902256
932,8_SM_000933,F,170.3,63.4,40.15,90.6,75.4,95.8,34.92,37.67,47.8,71.3,7.3799999999999955,0.9269976108308999,0.6704067321178121
3652,8_SM_003653,M,178.2,77.6,39.93,97.8,87.9,98.0,32.27,39.94,47.9,72.1,9.20999999999999,0.8079619429143717,0.6643550624133149
482,8_SM_000483,F,155.0,49.9,31.93,76.6,64.8,89.0,30.78000000000001,34.19,40.7,63.4,5.770000000000005,0.9002632348639956,0.6419558359621451
2050,8_SM_002051,F,153.5,58.3,36.489999999999995,90.0,84.2,97.0,28.800000000000004,34.05,43.7,61.9,5.3,0.8458149779735685,0.7059773828756059
3615,8_SM_003616,M,166.3,60.9,38.17,86.4,76.8,93.8,29.199999999999996,36.75,46.5,65.5,7.459999999999991,0.7945578231292516,0.7099236641221374
1707,8_SM_001708,F,160.2,58.3,36.45,92.0,73.8,94.0,28.520000000000003,36.5,45.0,64.2,6.1300000000000185,0.7813698630136987,0.7009345794392523
3672,8_SM_003673,M,172.1,76.3,42.35,97.9,85.4,99.5,31.810000000000002,40.45,44.3,70.4,8.090000000000009,0.7864029666254635,0.6292613636363635
3661,8_SM_003662,M,171.9,62.6,35.89,89.0,80.5,92.2,33.54,40.059999999999995,45.5,71.2,9.14000000000001,0.8372441337993012,0.6390449438202247
1486,8_SM_001487,F,154.0,46.6,34.2,78.2,60.8,89.5,29.82,35.730000000000004,39.6,65.3,5.9,0.834592779177162,0.6064318529862175
2623,8_SM_002624,M,171.0,71.4,40.31,94.4,85.0,91.9,30.98,40.029999999999994,45.1,67.8,6.3799999999999955,0.7739195603297528,0.6651917404129793
1217,8_SM_001218,F,168.7,54.6,37.56,83.3,71.9,93.2,35.5,38.129999999999995,43.6,71.9,6.5,0.931025439286651,0.6063977746870653
2453,8_SM_002454,F,152.7,78.4,36.12,114.7,105.0,107.5,25.9,32.480000000000004,42.6,59.0,6.3799999999999955,0.7974137931034482,0.7220338983050848
2648,8_SM_002649,M,173.2,67.7,39.97,92.5,79.0,94.4,31.890000000000004,38.07,44.6,69.9,9.160000000000014,0.8376674546887314,0.6380543633762518
1684,8_SM_001685,F,162.4,48.9,34.03,76.5,66.4,89.9,32.94,39.53,41.4,70.0,6.389999999999986,0.8332911712623323,0.5914285714285714
4382,8_SM_004383,M,176.0,73.4,41.1,104.0,87.0,93.0,32.519999999999996,41.5,45.4,74.0,7.190000000000009,0.7836144578313252,0.6135135135135135
1985,8_SM_001986,F,157.3,59.2,36.43,91.9,84.8,92.9,31.350000000000005,35.059999999999995,42.6,66.0,7.590000000000009,0.8941814033086141,0.6454545454545455
3144,8_SM_003145,M,174.7,90.4,43.86,106.8,94.2,108.0,30.519999999999992,40.260000000000005,44.4,71.3,8.909999999999991,0.7580725285643316,0.6227208976157083
2166,8_SM_002167,F,154.0,58.9,35.68,99.8,91.5,88.5,27.4,34.879999999999995,41.4,62.4,7.989999999999986,0.7855504587155964,0.6634615384615384
830,8_SM_000831,F,161.2,50.4,34.45,81.0,69.8,93.3,31.430000000000007,35.87,44.7,66.1,7.779999999999996,0.8762196821856707,0.67624810892587
2012,8_SM_002013,F,158.4,49.4,35.36,81.4,70.5,88.3,31.32,35.47,41.9,65.5,6.819999999999982,0.8829997180716098,0.6396946564885496
4449,8_SM_004450,M,169.4,64.0,38.81,93.2,77.9,91.6,28.74,39.04,43.2,68.5,8.64000000000001,0.7361680327868853,0.6306569343065694
3077,8_SM_003078,M,184.1,87.7,43.339999999999996,100.3,88.2,106.0,34.25000000000001,41.879999999999995,48.4,75.5,8.579999999999995,0.8178127984718245,0.6410596026490066
1263,8_SM_001264,F,159.9,55.4,37.0,86.8,73.6,96.4,29.0,38.230000000000004,44.2,66.8,7.8900000000000095,0.7585665707559508,0.6616766467065869
3646,8_SM_003647,M,179.3,76.7,39.82,101.1,88.2,97.1,32.10000000000001,41.910000000000004,47.4,73.9,8.110000000000014,0.7659269863994275,0.6414073071718538
2734,8_SM_002735,M,167.2,75.1,36.82,104.0,96.5,99.8,29.759999999999998,38.53,42.0,68.8,2.890000000000009,0.7723851544251232,0.6104651162790697
1002,8_SM_001003,F,162.2,56.2,37.47,82.4,73.4,94.9,32.910000000000004,36.839999999999996,45.7,67.2,8.159999999999991,0.8933224755700327,0.6800595238095238
2205,8_SM_002206,F,148.3,64.1,36.32,100.1,95.0,97.9,27.459999999999997,32.92,42.0,59.9,5.2,0.8341433778857836,0.7011686143572621
4245,8_SM_004246,M,177.0,82.2,43.480000000000004,100.6,98.2,100.5,32.58,43.0,44.0,74.5,8.829999999999995,0.7576744186046511,0.5906040268456376
1060,8_SM_001061,F,148.5,38.4,32.269999999999996,75.8,61.0,79.2,30.25,34.5,39.7,63.2,6.45,0.8768115942028986,0.6281645569620253
1903,8_SM_001904,F,147.8,45.6,34.089999999999996,89.0,75.6,84.8,28.870000000000005,34.05,39.3,61.2,6.729999999999995,0.8478707782672542,0.642156862745098
2484,8_SM_002485,F,158.5,60.5,36.38,91.0,84.8,95.9,27.490000000000002,36.510000000000005,43.7,63.7,7.559999999999991,0.7529443987948506,0.6860282574568289
2869,8_SM_002870,M,178.5,88.2,38.32,106.2,98.3,103.2,30.120000000000005,41.72,53.5,72.5,8.25,0.7219558964525409,0.7379310344827587
622,8_SM_000623,F,167.4,57.4,33.989999999999995,85.0,71.0,96.0,33.93,39.2,45.4,70.4,6.529999999999996,0.8655612244897959,0.6448863636363635
1333,8_SM_001334,F,157.6,49.1,32.38,78.0,69.7,91.3,30.740000000000002,36.14,42.8,65.9,7.55,0.8505810736026563,0.6494688922610015
1878,8_SM_001879,F,156.8,53.6,35.3,85.4,79.8,88.0,30.179999999999996,35.32,44.2,64.4,8.39000000000001,0.8544733861834654,0.6863354037267081
2358,8_SM_002359,F,152.0,48.9,35.17,87.1,76.2,86.3,27.749999999999993,35.040000000000006,38.3,61.5,6.25,0.7919520547945202,0.6227642276422763
2464,8_SM_002465,F,150.5,57.3,33.82,89.9,76.7,95.7,28.070000000000004,31.65,44.4,58.9,5.090000000000009,0.8868878357030018,0.7538200339558574
2151,8_SM_002152,F,153.6,56.2,34.89,93.4,81.4,90.1,28.660000000000004,35.31,41.4,64.1,5.959999999999991,0.8116680826961201,0.6458658346333853
4067,8_SM_004068,M,178.3,85.6,40.660000000000004,103.7,100.0,99.4,33.11999999999999,40.09,51.9,72.4,7.909999999999991,0.8261411823397353,0.7168508287292817
1787,8_SM_001788,F,166.1,53.1,36.510000000000005,84.5,72.2,92.9,32.92,39.55,42.6,71.8,7.45,0.8323640960809103,0.5933147632311978
4508,8_SM_004509,M,171.5,64.7,39.489999999999995,94.9,85.4,91.5,28.730000000000008,39.1,51.6,68.0,6.6400000000000095,0.7347826086956524,0.7588235294117647
131,8_SM_000132,F,172.9,54.4,37.43,79.0,68.7,91.1,36.15,38.980000000000004,45.0,73.3,6.110000000000014,0.927398665982555,0.6139154160982265
3576,8_SM_003577,M,168.6,73.0,40.6,96.7,86.1,99.3,27.189999999999998,40.129999999999995,44.4,69.1,7.479999999999995,0.6775479691004237,0.6425470332850941
77,8_SM_000078,F,160.8,60.9,34.89,92.2,76.9,94.3,29.309999999999995,35.019999999999996,46.6,62.3,5.3700000000000045,0.836950314106225,0.7479935794542537
2920,8_SM_002921,M,174.8,76.1,40.78,98.5,78.5,97.4,32.26,41.83,44.7,75.0,8.779999999999996,0.7712168300262969,0.5960000000000001
2067,8_SM_002068,F,152.5,61.0,34.589999999999996,94.4,88.5,95.3,27.0,34.21,40.1,61.6,5.25,0.7892429114294066,0.650974025974026
4033,8_SM_004034,M,171.0,79.5,39.07,106.5,95.8,97.1,31.25,38.17,46.6,68.9,6.65,0.818705789887346,0.6763425253991291
734,8_SM_000735,F,165.4,74.0,37.739999999999995,97.6,88.4,107.7,34.0,38.14,46.9,68.7,7.45,0.8914525432616676,0.6826783114992722
1329,8_SM_001330,F,164.1,58.8,35.57,85.4,73.4,94.0,32.38,38.332,45.6,68.9,6.929999999999995,0.8447250339142232,0.6618287373004353
4247,8_SM_004248,M,167.3,70.8,36.269999999999996,101.1,90.4,95.0,30.389999999999997,38.66,45.8,69.2,6.3599999999999905,0.7860838075530264,0.6618497109826589
1866,8_SM_001867,F,152.8,51.3,33.87,79.5,68.9,90.9,29.949999999999996,32.77,44.6,60.9,7.540000000000009,0.9139456820262433,0.7323481116584565
2332,8_SM_002333,F,161.4,58.5,37.989999999999995,89.7,73.0,96.9,28.45,36.33,46.0,64.8,8.009999999999991,0.7830993669143959,0.7098765432098766
4413,8_SM_004414,M,165.0,89.5,40.22,106.2,105.5,109.2,26.679999999999996,37.160000000000004,45.4,65.0,6.429999999999995,0.7179763186221743,0.6984615384615385
4113,8_SM_004114,M,165.6,78.8,38.89,100.7,98.2,103.6,30.430000000000007,37.61,45.7,68.2,5.3900000000000095,0.8090933262430207,0.6700879765395894
1387,8_SM_001388,F,164.9,73.1,37.9,102.8,85.7,99.8,30.01,37.629999999999995,43.7,66.5,6.709999999999991,0.7975019930906193,0.6571428571428571
1870,8_SM_001871,F,156.2,57.1,36.65,90.9,84.2,92.8,29.47,32.739999999999995,45.7,61.7,8.440000000000008,0.9001221747098351,0.740680713128039
2988,8_SM_002989,M,173.4,77.9,43.31,95.6,80.9,102.4,27.26,39.55,50.0,67.6,8.210000000000013,0.6892541087231353,0.7396449704142013
3623,8_SM_003624,M,171.8,83.8,39.97,101.8,93.5,104.2,29.680000000000007,42.05,43.4,71.9,6.009999999999991,0.7058263971462546,0.603616133518776
1334,8_SM_001335,F,155.1,52.2,34.7,82.2,70.3,90.8,31.179999999999996,34.440000000000005,43.4,63.5,6.229999999999995,0.9053426248548198,0.6834645669291338
2580,8_SM_002581,M,173.2,68.8,38.230000000000004,93.5,81.5,96.5,30.429999999999996,39.08,47.3,68.2,4.220000000000004,0.7786591606960082,0.6935483870967741
4453,8_SM_004454,M,173.3,75.7,40.31,100.4,87.8,95.2,33.410000000000004,40.74,45.1,72.8,6.470000000000004,0.8200785468826707,0.6195054945054945
4053,8_SM_004054,M,175.9,79.7,39.760000000000005,103.5,94.4,96.5,30.009999999999998,40.29,50.0,70.3,4.529999999999996,0.744849838669645,0.7112375533428166
3600,8_SM_003601,M,175.8,75.2,41.660000000000004,92.3,86.6,99.3,28.419999999999998,42.220000000000006,46.3,72.6,8.3,0.6731406916153481,0.637741046831956
378,8_SM_000379,F,157.3,54.7,33.089999999999996,85.9,73.4,94.5,32.699999999999996,35.94,40.6,64.7,6.070000000000005,0.9098497495826376,0.6275115919629057
1923,8_SM_001924,F,165.1,60.7,36.72,86.8,78.7,94.6,34.29,36.15,44.8,69.7,5.320000000000005,0.9485477178423236,0.642754662840746
336,8_SM_000337,F,158.8,58.3,32.45,89.4,78.6,96.0,31.129999999999995,34.769999999999996,46.3,64.5,4.309999999999991,0.8953120506183492,0.717829457364341
3736,8_SM_003737,M,183.4,90.4,44.25,108.5,95.6,105.2,31.329999999999995,43.71,47.4,75.7,8.95,0.7167696179363988,0.6261558784676353
3816,8_SM_003817,M,174.9,84.0,38.95,104.3,97.5,103.3,30.610000000000003,41.81,47.8,72.6,8.079999999999995,0.7321215020330065,0.6584022038567493
2380,8_SM_002381,F,153.6,54.6,36.32,85.7,76.6,90.2,26.870000000000005,35.089999999999996,43.9,61.2,6.240000000000009,0.7657452265602738,0.7173202614379084
1619,8_SM_001620,F,164.6,88.2,38.85,112.5,98.6,111.0,30.580000000000005,38.22,45.5,67.7,6.3799999999999955,0.8001046572475146,0.6720827178729689
1132,8_SM_001133,F,169.0,59.0,35.9,84.8,73.8,93.9,32.99,38.489999999999995,46.9,69.3,6.539999999999987,0.8571057417511043,0.6767676767676768
4421,8_SM_004422,M,171.0,73.4,38.63,97.5,91.1,94.4,29.919999999999995,37.970000000000006,50.0,67.9,7.029999999999996,0.7879905188306555,0.7363770250368188
1958,8_SM_001959,F,161.5,64.1,35.82,95.5,83.8,99.0,31.139999999999997,36.040000000000006,47.7,64.3,6.090000000000009,0.8640399556048832,0.7418351477449456
2981,8_SM_002982,M,177.6,76.2,41.15,95.9,84.0,99.7,33.56,40.290000000000006,47.3,74.9,9.35,0.8329610325142714,0.6315086782376501
3751,8_SM_003752,M,173.1,70.0,40.47,92.9,77.7,96.0,32.11,40.760000000000005,46.6,72.6,8.029999999999996,0.7877821393523061,0.6418732782369146
4503,8_SM_004504,M,167.2,67.4,38.410000000000004,92.9,92.4,92.9,30.110000000000003,37.21,48.9,67.3,7.6099999999999905,0.8091910776672938,0.7265973254086181
3768,8_SM_003769,M,176.1,99.0,42.510000000000005,113.0,97.4,111.9,29.340000000000003,42.260000000000005,48.0,71.8,6.3800000000000185,0.6942735447231424,0.6685236768802229
2391,8_SM_002392,F,150.3,54.0,33.65,91.5,86.2,90.9,28.559999999999995,34.18,40.3,61.3,7.139999999999986,0.8355763604447044,0.6574225122349102
4401,8_SM_004402,M,169.0,66.5,37.12,93.7,88.8,88.9,29.68,39.989999999999995,48.3,69.5,6.180000000000018,0.7421855463865967,0.6949640287769784
1357,8_SM_001358,F,160.8,52.2,33.97,81.7,71.5,92.1,31.310000000000002,36.37,46.4,64.9,8.579999999999995,0.860874346989277,0.7149460708782742
323,8_SM_000324,F,159.0,55.1,32.230000000000004,82.0,81.0,93.8,31.03,35.1,43.7,65.1,5.389999999999986,0.8840455840455841,0.6712749615975423
1634,8_SM_001635,F,162.4,57.0,32.8,86.3,72.0,91.3,30.090000000000003,38.42,44.5,67.7,5.240000000000009,0.7831858407079647,0.6573116691285081
4042,8_SM_004043,M,171.8,71.0,41.72,96.8,85.9,95.4,31.929999999999996,38.28,48.2,69.8,9.05,0.8341170323928944,0.6905444126074499
2075,8_SM_002076,F,161.3,52.8,33.83,85.1,74.0,90.8,30.950000000000006,37.62,45.7,67.5,7.05,0.8227006911217439,0.6770370370370371
2967,8_SM_002968,M,172.8,80.5,36.589999999999996,98.2,90.5,102.6,31.96,37.54,46.9,68.7,6.809999999999991,0.8513585508790624,0.6826783114992722
2234,8_SM_002235,F,151.9,57.5,32.21,90.8,86.2,92.0,27.759999999999998,34.79,40.8,62.2,5.6600000000000135,0.7979304397815464,0.6559485530546623
1688,8_SM_001689,F,167.4,84.8,36.010000000000005,102.0,95.1,107.8,35.08,36.97,45.1,70.9,4.730000000000018,0.9488774682174737,0.6361071932299013
1957,8_SM_001958,F,160.0,72.7,36.230000000000004,100.8,97.0,99.4,30.759999999999998,34.61,47.2,64.7,7.1099999999999905,0.8887604738514879,0.7295208655332303
263,8_SM_000264,F,155.9,65.6,32.94,96.5,87.8,100.6,28.980000000000008,33.69,42.6,61.2,6.35,0.8601959038290297,0.696078431372549
3892,8_SM_003893,M,173.9,59.4,41.989999999999995,89.7,73.9,88.9,33.81,40.94,42.9,73.6,7.8599999999999905,0.8258426966292136,0.5828804347826088
2054,8_SM_002055,F,157.2,57.3,37.0,91.4,78.4,90.8,29.880000000000003,35.709999999999994,42.5,65.6,6.6400000000000095,0.8367404088490621,0.6478658536585367
698,8_SM_000699,F,163.9,48.2,33.83,76.3,64.3,87.1,32.269999999999996,37.33,43.3,68.1,5.9,0.8644521832306455,0.6358296622613804
911,8_SM_000912,F,157.3,43.0,34.739999999999995,75.0,64.1,85.1,31.6,37.04,39.1,67.8,7.220000000000004,0.8531317494600432,0.5766961651917405
2321,8_SM_002322,F,155.6,56.8,34.69,89.8,83.5,93.3,29.020000000000003,34.72,40.6,62.6,6.1,0.8358294930875577,0.6485623003194888
2041,8_SM_002042,F,157.5,50.0,33.28,79.0,68.5,91.4,31.2,35.58,43.0,65.6,6.6600000000000135,0.8768971332209107,0.6554878048780488
2914,8_SM_002915,M,176.8,75.5,38.769999999999996,92.2,87.8,98.8,30.919999999999995,41.02,47.8,72.7,8.060000000000013,0.7537786445636273,0.6574965612104539
139,8_SM_000140,F,160.3,53.0,34.87,81.5,68.2,92.1,30.520000000000003,34.94,41.8,65.5,5.570000000000005,0.8734974241556956,0.6381679389312976
1932,8_SM_001933,F,160.5,72.8,37.94,108.4,100.6,95.9,27.390000000000004,35.75,43.4,62.7,5.85,0.7661538461538463,0.6921850079744816
1843,8_SM_001844,F,150.0,53.7,35.47,92.7,85.4,88.7,27.76,32.75,42.4,60.6,6.970000000000004,0.8476335877862596,0.6996699669966996
1588,8_SM_001589,F,162.5,43.0,34.14,75.9,63.4,81.5,32.46,38.17,43.5,69.7,7.220000000000004,0.8504060780717841,0.6241032998565279
322,8_SM_000323,F,161.9,60.3,32.61,83.7,81.5,100.4,32.31,39.19,43.2,70.8,6.209999999999991,0.8244450114825211,0.6101694915254238
660,8_SM_000661,F,159.4,46.3,32.67,76.9,71.0,82.8,29.179999999999996,35.65,45.2,64.0,6.060000000000014,0.8185133239831697,0.70625
2152,8_SM_002153,F,153.8,60.3,36.29,96.0,90.7,91.2,26.43,35.769999999999996,40.9,61.7,5.559999999999991,0.7388873357562203,0.6628849270664505
3840,8_SM_003841,M,172.8,67.4,40.38,98.0,78.2,96.2,29.78000000000001,41.65,42.0,72.6,7.15,0.7150060024009606,0.578512396694215
564,8_SM_000565,F,162.9,53.9,32.03,78.8,68.4,97.1,30.339999999999996,36.27,47.4,67.1,6.85,0.8365039977943202,0.7064083457526081
2202,8_SM_002203,F,162.0,80.0,37.45,103.3,94.1,107.0,31.0,36.260000000000005,42.5,66.8,6.459999999999991,0.8549365692222833,0.6362275449101796
112,8_SM_000113,F,154.5,47.5,32.13,80.2,71.2,90.5,30.96,32.95,40.1,62.6,5.320000000000005,0.9396054628224582,0.6405750798722045
536,8_SM_000537,F,168.1,53.7,33.04,87.4,71.3,88.0,33.339999999999996,38.32,47.7,70.6,7.6400000000000095,0.8700417536534446,0.6756373937677055
226,8_SM_000227,F,155.4,65.3,31.79,94.9,88.3,100.5,29.65,33.08,44.7,61.2,6.059999999999991,0.8963119709794438,0.7303921568627451
733,8_SM_000734,F,149.2,42.0,32.13,73.8,63.6,84.8,27.21,34.64,42.1,60.9,4.310000000000014,0.7855080831408776,0.6912972085385879
4014,8_SM_004015,M,164.0,90.9,39.489999999999995,111.3,110.7,106.9,28.830000000000005,36.39,44.0,65.0,5.070000000000005,0.7922506183017314,0.676923076923077
2905,8_SM_002906,M,180.7,69.3,38.81,96.6,82.2,92.5,33.339999999999996,44.089999999999996,48.0,79.1,7.009999999999991,0.7561805398049444,0.606826801517067
1155,8_SM_001156,F,158.9,53.4,34.8,84.0,74.4,91.5,30.389999999999997,36.48,44.1,64.8,7.479999999999995,0.8330592105263158,0.6805555555555556
1448,8_SM_001449,F,167.0,63.5,36.410000000000004,89.6,77.4,99.2,32.04,39.39,45.1,69.9,7.559999999999991,0.8134044173648134,0.6452074391988555
2388,8_SM_002389,F,156.0,65.5,34.87,99.4,91.8,95.7,27.639999999999997,35.17,44.9,61.9,6.190000000000009,0.7858970713676428,0.7253634894991923
3856,8_SM_003857,M,168.8,60.7,40.42,89.8,72.0,88.5,33.17999999999999,40.28,39.8,71.0,7.1299999999999955,0.8237338629592847,0.5605633802816901
3409,8_SM_003410,M,176.6,90.8,42.13,105.5,91.4,106.1,32.959999999999994,40.83,43.6,72.3,6.7,0.807249571393583,0.6030428769017981
4170,8_SM_004171,M,168.4,64.0,39.12,88.9,83.2,92.8,32.089999999999996,37.02,48.4,68.8,6.65,0.8668287412209614,0.7034883720930233
1473,8_SM_001474,F,156.0,50.7,33.54,84.6,75.5,87.8,29.229999999999997,34.13,43.1,63.3,6.820000000000005,0.8564312921183708,0.6808846761453397
3131,8_SM_003132,M,173.7,71.7,39.839999999999996,94.2,81.1,95.5,30.090000000000003,40.089999999999996,48.7,70.2,8.680000000000017,0.7505612372162636,0.6937321937321937
1430,8_SM_001431,F,152.9,42.2,33.78,76.3,70.4,85.0,28.82,35.61,39.3,63.0,8.470000000000004,0.8093232238135355,0.6238095238095238
2784,8_SM_002785,M,161.3,57.1,34.78,89.4,82.4,88.9,26.670000000000005,36.209999999999994,45.5,64.2,7.590000000000009,0.7365368682684345,0.7087227414330218
856,8_SM_000857,F,167.4,59.6,35.660000000000004,84.9,74.1,93.3,34.989999999999995,37.58,46.1,71.1,8.910000000000014,0.9310803618946247,0.648382559774965
195,8_SM_000196,F,164.5,54.4,33.87,87.3,75.8,92.5,31.399999999999995,38.08,44.1,68.7,6.429999999999995,0.8245798319327731,0.6419213973799126
1479,8_SM_001480,F,168.2,65.4,33.93,90.0,74.7,96.0,33.269999999999996,38.823,47.8,71.7,8.470000000000004,0.8569662313577002,0.6666666666666666
2643,8_SM_002644,M,179.8,96.5,39.510000000000005,109.7,107.4,108.0,30.549999999999994,40.81,50.8,71.2,8.239999999999986,0.7485910316098994,0.7134831460674157
956,8_SM_000957,F,157.9,52.5,32.64,82.8,72.2,92.1,29.430000000000007,34.82,43.9,63.4,6.710000000000013,0.8452039058012638,0.692429022082019
2036,8_SM_002037,F,161.7,59.4,35.6,84.3,74.4,99.3,30.459999999999997,35.760000000000005,43.0,65.9,7.570000000000005,0.8517897091722593,0.6525037936267071
2571,8_SM_002572,M,181.5,82.6,41.29,99.3,91.5,102.0,34.300000000000004,40.260000000000005,50.5,73.6,7.670000000000004,0.8519622454048683,0.6861413043478262
1644,8_SM_001645,F,152.7,59.4,33.71,94.0,83.7,97.9,30.52,34.21,39.8,64.0,4.789999999999987,0.8921368021046477,0.621875
2950,8_SM_002951,M,178.7,75.3,41.94,100.6,78.8,97.0,34.300000000000004,41.67999999999999,47.8,76.0,7.490000000000009,0.8229366602687143,0.6289473684210526
117,8_SM_000118,F,165.9,61.6,35.160000000000004,93.7,84.5,94.9,31.830000000000002,35.92,49.6,66.5,6.6200000000000045,0.8861358574610245,0.7458646616541353
652,8_SM_000653,F,167.7,52.6,34.07,79.0,71.9,91.1,34.08,36.45,46.5,68.8,6.75,0.9349794238683127,0.6758720930232558
1885,8_SM_001886,F,155.0,58.2,35.44,96.5,81.5,94.1,28.51,32.86,42.0,61.4,7.429999999999995,0.8676202069385271,0.6840390879478827
3,8_SM_000004,F,157.3,50.4,31.310000000000002,79.7,67.4,95.1,30.169999999999998,37.32,42.3,65.8,5.590000000000009,0.8084137191854233,0.6428571428571428
74,8_SM_000075,F,164.1,48.6,32.8,82.3,68.6,89.0,34.14,37.230000000000004,46.6,69.0,5.790000000000009,0.9170024174053182,0.6753623188405797
1770,8_SM_001771,F,158.4,49.2,34.56,78.8,69.6,92.9,29.74,35.339999999999996,42.7,64.7,7.3900000000000095,0.8415393322014715,0.6599690880989181
472,8_SM_000473,F,165.1,64.7,33.94,86.8,83.0,99.0,32.76,36.35,45.9,67.9,6.189999999999986,0.9012379642365886,0.6759941089837996
3450,8_SM_003451,M,175.6,67.7,41.29,97.3,79.4,92.4,34.07000000000001,40.64,45.4,72.5,9.509999999999991,0.8383366141732285,0.6262068965517241
5,8_SM_000006,F,159.1,51.5,35.12,80.5,70.1,92.0,29.759999999999998,34.59,39.3,63.9,7.820000000000005,0.860364267129228,0.6150234741784038
1261,8_SM_001262,F,159.7,50.0,35.69,84.6,70.3,85.5,30.390000000000004,36.089999999999996,42.3,66.5,7.560000000000014,0.8420615128844557,0.6360902255639097
929,8_SM_000930,F,163.0,57.9,38.13,89.8,78.3,94.9,30.890000000000004,38.18,46.0,67.3,6.830000000000018,0.8090623363017287,0.6835066864784547
2617,8_SM_002618,M,176.2,69.1,41.519999999999996,92.7,80.2,96.4,31.310000000000002,42.47,46.5,73.0,9.260000000000014,0.7372262773722629,0.636986301369863
230,8_SM_000231,F,158.2,40.2,33.46,70.3,61.1,84.0,33.45,34.809999999999995,41.9,66.4,6.909999999999991,0.9609307670209712,0.6310240963855421
1077,8_SM_001078,F,157.0,51.1,35.15,83.2,67.8,91.2,31.639999999999997,35.33,43.3,65.0,4.8700000000000045,0.8955561845457118,0.6661538461538461
2612,8_SM_002613,M,167.6,49.3,38.04,80.4,65.7,81.4,26.639999999999997,37.705,47.6,68.5,11.760000000000014,0.7065375944834902,0.6948905109489051
244,8_SM_000245,F,161.2,61.6,34.269999999999996,88.9,77.8,101.0,28.910000000000004,35.97,43.1,63.4,5.6,0.8037253266611066,0.6798107255520505
2968,8_SM_002969,M,179.0,66.6,37.910000000000004,89.0,72.9,89.3,34.05,40.08,46.1,73.3,9.529999999999996,0.8495508982035928,0.6289222373806276
3779,8_SM_003780,M,173.7,77.3,39.19,97.0,83.4,99.5,27.1,40.059999999999995,46.6,68.8,8.469999999999981,0.6764852720918624,0.6773255813953489
1174,8_SM_001175,F,159.4,48.5,35.980000000000004,82.5,64.7,85.7,30.200000000000006,36.29,44.0,64.0,7.670000000000004,0.8321851749793333,0.6875
3861,8_SM_003862,M,181.4,89.2,41.62,100.3,88.0,102.8,29.980000000000008,43.4,48.7,73.4,9.35999999999999,0.6907834101382491,0.6634877384196185
1645,8_SM_001646,F,159.2,50.5,35.83,76.8,70.9,90.0,30.640000000000004,37.339999999999996,40.1,66.3,7.320000000000005,0.8205677557579005,0.6048265460030167
3705,8_SM_003706,M,182.0,77.4,42.339999999999996,90.5,85.5,100.4,30.1,42.64,49.7,75.1,9.980000000000018,0.7059099437148217,0.6617842876165114
3574,8_SM_003575,M,169.6,64.2,38.36,88.0,77.3,93.3,30.240000000000002,38.69,43.4,69.6,8.0,0.7815973119669166,0.6235632183908046
2912,8_SM_002913,M,183.2,86.5,39.86,103.4,92.0,100.0,35.36,41.65,50.8,77.2,9.04000000000001,0.8489795918367347,0.6580310880829014
3478,8_SM_003479,M,182.6,95.0,39.9,107.9,96.3,108.0,31.15,44.99,50.0,76.6,6.8,0.6923760835741275,0.6527415143603134
2583,8_SM_002584,M,181.7,66.0,41.54,83.1,80.7,96.9,34.589999999999996,39.7,47.7,73.1,5.909999999999991,0.8712846347607052,0.6525307797537621
2693,8_SM_002694,M,168.8,82.6,38.760000000000005,102.8,93.0,105.8,34.96999999999999,37.46,44.6,70.6,7.4,0.9335290977042175,0.6317280453257791
1541,8_SM_001542,F,163.8,51.3,35.87,81.4,71.0,90.4,30.15,37.510000000000005,45.6,67.2,8.420000000000005,0.803785657158091,0.6785714285714286
1620,8_SM_001621,F,159.8,60.8,34.760000000000005,90.0,76.1,98.2,33.21,38.489999999999995,41.2,69.8,7.169999999999982,0.8628215120810602,0.5902578796561605
4390,8_SM_004391,M,151.5,64.8,36.63,99.0,95.3,94.8,27.78,34.47,40.5,61.8,5.279999999999996,0.8059181897302002,0.6553398058252428
2339,8_SM_002340,F,158.4,55.8,33.89,84.9,76.9,93.4,29.85,35.56,42.7,64.7,5.569999999999982,0.8394263217097863,0.6599690880989181
2731,8_SM_002732,M,175.0,74.4,39.03,96.5,89.0,94.5,31.18,39.14,46.6,69.7,8.45999999999999,0.7966274910577414,0.6685796269727403
3853,8_SM_003854,M,167.8,58.1,37.92,87.6,77.0,89.8,31.859999999999996,40.5,45.6,70.2,7.789999999999987,0.7866666666666665,0.6495726495726496
1327,8_SM_001328,F,162.4,55.6,37.6,87.9,67.4,90.2,31.349999999999994,38.57,44.8,68.5,6.740000000000009,0.8128078817733989,0.654014598540146
3505,8_SM_003506,M,172.0,84.7,40.95,103.3,93.9,102.3,26.96,40.64,46.5,69.8,5.5899999999999865,0.6633858267716536,0.666189111747851
2004,8_SM_002005,F,154.6,48.6,34.58,86.2,69.7,86.7,30.95,35.339999999999996,41.9,65.9,7.110000000000014,0.8757781550650822,0.6358118361153262
3887,8_SM_003888,M,170.5,65.8,39.989999999999995,87.8,77.6,92.6,28.330000000000005,39.25,46.8,68.8,7.75,0.721783439490446,0.6802325581395349
2377,8_SM_002378,F,159.8,59.7,36.33,92.0,79.8,92.9,31.05,34.989999999999995,44.7,65.3,7.4100000000000135,0.8873963989711348,0.6845329249617153
1990,8_SM_001991,F,166.8,74.8,35.9,100.4,86.8,103.1,31.519999999999992,38.790000000000006,45.0,69.3,7.540000000000009,0.8125805620005153,0.6493506493506493
3571,8_SM_003572,M,177.0,77.1,41.230000000000004,94.0,84.9,101.1,29.410000000000004,41.62,47.2,71.4,8.870000000000005,0.7066314271984624,0.6610644257703081
1776,8_SM_001777,F,167.2,65.1,35.989999999999995,86.9,84.3,99.7,31.959999999999997,37.7,47.0,68.4,7.55,0.8477453580901856,0.6871345029239766
3429,8_SM_003430,M,172.7,69.1,36.39,94.0,81.6,94.0,30.740000000000002,41.13,47.5,71.1,6.6099999999999905,0.7473863360077803,0.6680731364275668
1320,8_SM_001321,F,156.9,59.2,35.4,85.1,75.8,96.8,30.590000000000003,36.279999999999994,41.9,65.8,6.940000000000009,0.84316427783903,0.6367781155015197
2761,8_SM_002762,M,175.4,70.9,41.54,95.4,88.2,97.4,33.71,41.25,47.2,72.8,7.039999999999987,0.8172121212121213,0.6483516483516484
1556,8_SM_001557,F,164.0,56.9,36.22,85.3,72.4,92.6,30.400000000000006,36.15,45.5,66.7,7.790000000000009,0.8409405255878287,0.6821589205397302
4239,8_SM_004240,M,170.3,72.1,38.9,96.4,87.0,98.0,31.53,39.25,45.7,69.2,7.3599999999999905,0.803312101910828,0.6604046242774566
2487,8_SM_002488,F,161.1,64.1,37.239999999999995,95.3,79.2,96.5,29.919999999999995,35.89,44.3,64.5,8.590000000000009,0.8336584006687098,0.6868217054263566
2664,8_SM_002665,M,170.3,72.0,35.43,96.3,82.7,97.0,31.28,37.980000000000004,46.5,67.7,6.0899999999999865,0.823591363875724,0.6868537666174298
2817,8_SM_002818,M,168.1,76.1,36.61,97.0,90.1,101.5,28.629999999999995,36.78,49.1,65.0,7.420000000000004,0.7784121805328982,0.7553846153846154
3981,8_SM_003982,M,172.8,70.5,39.95,93.0,80.0,95.1,31.630000000000003,41.35,47.6,72.1,8.689999999999987,0.7649334945586458,0.6601941747572816
629,8_SM_000630,F,155.3,42.6,33.32,76.6,59.1,84.1,28.800000000000004,34.75,41.5,63.3,7.039999999999987,0.8287769784172663,0.655608214849921
3831,8_SM_003832,M,177.9,75.9,39.11,96.2,89.8,99.9,31.98,40.529999999999994,47.1,72.3,8.229999999999995,0.7890451517394523,0.6514522821576764
1508,8_SM_001509,F,167.9,52.6,35.4,80.3,66.1,94.0,31.910000000000004,37.8,44.6,69.1,9.520000000000005,0.8441798941798944,0.6454413892908829
110,8_SM_000111,F,166.2,49.1,33.510000000000005,77.9,69.3,92.6,34.32,36.730000000000004,43.0,69.1,7.290000000000009,0.9343860604410562,0.6222865412445732
2290,8_SM_002291,F,162.8,54.5,34.339999999999996,83.8,73.6,91.7,30.99,37.5,44.8,67.7,7.5,0.8263999999999999,0.6617429837518463
3756,8_SM_003757,M,174.9,82.8,41.07,103.3,86.7,97.1,32.04,41.65,49.3,73.0,7.970000000000004,0.7692677070828331,0.6753424657534246
1183,8_SM_001184,F,161.9,57.9,34.62,89.3,74.5,92.6,31.46999999999999,35.760000000000005,45.8,65.8,7.420000000000004,0.8800335570469795,0.6960486322188449
4069,8_SM_004070,M,171.0,72.8,38.0,98.7,92.8,94.9,27.389999999999997,39.720000000000006,48.9,67.4,8.270000000000005,0.6895770392749243,0.7255192878338278
234,8_SM_000235,F,162.1,72.1,36.39,96.3,87.8,105.5,33.379999999999995,36.64,44.1,67.5,4.420000000000004,0.9110262008733623,0.6533333333333333
66,8_SM_000067,F,164.7,53.3,34.35,81.8,70.2,91.7,33.61,36.220000000000006,43.9,67.3,5.709999999999991,0.927940364439536,0.6523031203566122
4138,8_SM_004139,M,171.8,80.9,41.07,103.6,99.8,98.8,28.529999999999994,40.13,46.8,68.4,6.770000000000005,0.7109394467979067,0.6842105263157894
1618,8_SM_001619,F,154.1,79.1,36.0,114.4,101.8,108.5,28.380000000000003,33.730000000000004,39.4,63.2,4.419999999999982,0.8413874888823006,0.6234177215189873
2087,8_SM_002088,F,163.4,67.6,35.7,90.6,83.1,102.4,28.619999999999997,37.408,45.5,65.4,7.789999999999987,0.765076988879384,0.6957186544342507
3321,8_SM_003322,M,177.6,69.4,40.47,94.8,83.3,95.0,32.05,40.96,47.2,72.4,6.970000000000004,0.7824707031249999,0.6519337016574586
2207,8_SM_002208,F,152.5,55.1,34.86,87.0,79.2,95.3,29.779999999999994,33.61,38.6,62.3,5.8599999999999905,0.8860458196965187,0.6195826645264848
541,8_SM_000542,F,151.7,45.7,31.2,78.6,66.3,86.0,28.329999999999995,34.78,41.6,61.9,4.670000000000004,0.8145485911443356,0.6720516962843296
2881,8_SM_002882,M,178.1,56.8,39.0,82.6,67.5,86.7,32.67,41.019999999999996,46.6,72.5,8.20999999999999,0.7964407606045832,0.6427586206896552
125,8_SM_000126,F,164.0,59.6,34.25,81.1,74.5,97.0,34.23,34.08,45.7,65.5,4.319999999999982,1.0044014084507042,0.6977099236641222
3602,8_SM_003603,M,177.2,85.4,40.56,103.2,93.8,104.1,31.21,44.61,48.1,76.0,8.8,0.6996189195247703,0.6328947368421053
2148,8_SM_002149,F,157.0,43.2,34.65,74.1,63.9,83.5,29.390000000000004,35.12,43.4,65.2,7.729999999999995,0.836845102505695,0.665644171779141
1269,8_SM_001270,F,152.4,60.2,34.97,88.9,80.8,101.0,28.380000000000006,32.839999999999996,43.2,60.3,5.169999999999982,0.8641900121802683,0.7164179104477613
4111,8_SM_004112,M,168.4,61.3,39.85,91.0,81.3,90.9,30.609999999999996,38.160000000000004,43.3,68.4,8.810000000000013,0.8021488469601675,0.6330409356725145
1991,8_SM_001992,F,159.5,62.1,37.12,92.0,80.0,96.2,30.370000000000005,36.64,40.7,65.6,7.0899999999999865,0.8288755458515285,0.6204268292682927
4070,8_SM_004071,M,166.6,79.2,41.81,108.9,95.9,98.2,26.910000000000004,37.959999999999994,44.6,65.4,6.440000000000009,0.7089041095890413,0.6819571865443425
4326,8_SM_004327,M,168.5,75.8,41.3,101.2,94.2,100.0,29.640000000000004,37.730000000000004,44.1,67.6,7.470000000000004,0.7855817651736019,0.6523668639053255
2090,8_SM_002091,F,158.3,67.8,35.4,102.4,90.3,97.0,28.880000000000003,34.76,44.2,64.0,6.5899999999999865,0.8308400460299196,0.690625
489,8_SM_000490,F,164.1,50.2,33.68,80.8,66.0,87.9,32.220000000000006,38.08,42.9,69.6,6.8,0.8461134453781515,0.6163793103448276
1669,8_SM_001670,F,154.7,49.2,34.03,79.5,72.2,93.4,29.46,34.010000000000005,44.9,63.1,8.279999999999996,0.8662158188768009,0.7115689381933439
1230,8_SM_001231,F,157.8,52.1,36.78,82.1,74.7,95.7,30.829999999999995,36.660000000000004,42.1,65.8,5.770000000000005,0.8409710856519365,0.6398176291793314
3120,8_SM_003121,M,169.5,61.8,36.730000000000004,88.9,79.0,90.9,32.2,39.53,44.4,71.7,7.720000000000004,0.8145712117379206,0.6192468619246861
3757,8_SM_003758,M,172.3,67.2,41.480000000000004,91.5,82.0,92.7,29.919999999999998,40.970000000000006,47.5,69.9,7.409999999999991,0.7302904564315351,0.6795422031473533
4133,8_SM_004134,M,156.4,66.7,38.35,97.1,89.8,91.4,28.04,35.339999999999996,43.0,63.7,6.939999999999986,0.7934352009054896,0.6750392464678179
3796,8_SM_003797,M,171.0,78.9,39.05,102.9,93.4,98.0,29.509999999999998,41.160000000000004,46.7,71.2,6.729999999999995,0.7169582118561709,0.6558988764044944
4417,8_SM_004418,M,172.7,82.5,40.33,101.3,93.0,101.0,32.45,38.4,50.0,70.4,6.2,0.8450520833333335,0.7102272727272727
3383,8_SM_003384,M,177.1,72.5,42.92,94.5,76.9,96.7,34.790000000000006,41.17,45.5,74.5,8.4,0.8450327908671363,0.610738255033557
3982,8_SM_003983,M,177.2,82.4,37.489999999999995,100.3,90.9,102.2,31.259999999999998,42.92999999999999,47.9,73.6,7.420000000000004,0.7281621243885396,0.6508152173913043
1789,8_SM_001790,F,160.5,58.8,34.089999999999996,91.8,73.2,96.1,30.46,37.660000000000004,43.9,66.4,4.95,0.8088157195963886,0.6611445783132529
2425,8_SM_002426,F,161.3,52.9,36.47,78.6,72.0,94.4,33.08,37.14,40.5,68.8,6.8799999999999955,0.8906838987614432,0.5886627906976745
2819,8_SM_002820,M,178.3,94.6,41.260000000000005,110.6,103.8,108.4,28.620000000000005,40.739999999999995,47.2,69.2,9.5,0.7025036818851254,0.6820809248554913
928,8_SM_000929,F,167.9,63.3,36.87,92.2,72.0,96.4,31.75,38.290000000000006,45.0,69.8,5.510000000000014,0.8291982240793939,0.6446991404011462
1661,8_SM_001662,F,159.2,53.4,34.239999999999995,90.5,75.3,87.5,28.96,35.3,43.1,63.6,7.1400000000000095,0.8203966005665724,0.6776729559748428
1040,8_SM_001041,F,154.2,84.1,37.089999999999996,111.0,104.8,108.8,27.620000000000005,33.39,43.1,61.4,5.8799999999999955,0.8271937705899971,0.7019543973941369
1044,8_SM_001045,F,160.7,49.4,34.519999999999996,84.4,66.6,87.6,31.360000000000003,35.87,43.9,65.4,5.670000000000004,0.8742681906885978,0.6712538226299694
892,8_SM_000893,F,171.3,66.6,37.18,85.5,80.1,101.5,35.300000000000004,39.97,46.8,73.3,6.95,0.8831623717788343,0.6384720327421555
1350,8_SM_001351,F,164.1,65.2,34.71,88.4,77.1,99.5,33.4,35.690000000000005,45.4,68.6,7.279999999999996,0.9358363687307367,0.6618075801749271
2768,8_SM_002769,M,174.6,67.6,41.660000000000004,90.9,78.8,93.8,33.029999999999994,38.510000000000005,48.5,70.8,8.60999999999999,0.8576992988834067,0.6850282485875706
3686,8_SM_003687,M,174.8,72.3,40.93,93.5,82.5,95.1,31.03,40.33,47.6,71.5,6.55,0.7694024299528888,0.6657342657342658
2735,8_SM_002736,M,180.7,65.7,37.13,88.8,69.2,91.0,35.870000000000005,40.339999999999996,47.3,75.3,6.35,0.8891918691125436,0.6281540504648074
367,8_SM_000368,F,158.4,54.0,36.239999999999995,83.0,74.2,90.9,31.919999999999995,36.980000000000004,41.9,68.5,6.779999999999996,0.8631692806922658,0.6116788321167883
4402,8_SM_004403,M,169.7,75.0,39.65,99.4,98.2,97.4,29.730000000000008,38.39,44.9,67.4,6.919999999999982,0.7744204219848921,0.6661721068249258
3325,8_SM_003326,M,180.6,84.6,39.64,97.8,88.7,100.8,35.459999999999994,42.8,47.8,76.2,5.939999999999986,0.8285046728971962,0.6272965879265091
2140,8_SM_002141,F,156.4,69.5,35.980000000000004,102.5,95.3,98.0,26.220000000000006,35.029999999999994,47.8,60.2,5.580000000000018,0.748501284613189,0.7940199335548171
27,8_SM_000028,F,157.4,50.0,33.39,82.5,70.5,89.2,31.9,35.489999999999995,43.4,64.4,5.469999999999982,0.8988447449985912,0.6739130434782608
478,8_SM_000479,F,159.5,52.3,31.18,80.0,71.4,90.6,32.35,34.28,45.7,63.8,6.759999999999991,0.9436989498249708,0.7163009404388716
530,8_SM_000531,F,176.6,78.6,34.63,98.6,83.5,104.1,36.620000000000005,40.61,50.2,74.5,4.590000000000009,0.9017483378478208,0.6738255033557048
735,8_SM_000736,F,157.8,49.2,31.54,85.6,69.7,83.7,29.339999999999996,34.980000000000004,44.8,62.9,5.279999999999996,0.8387650085763292,0.712241653418124
55,8_SM_000056,F,160.3,56.8,34.410000000000004,84.8,74.5,97.0,29.390000000000004,34.410000000000004,44.6,61.6,6.6099999999999905,0.8541121766928219,0.724025974025974
645,8_SM_000646,F,166.2,71.3,35.03,97.2,84.3,101.5,30.889999999999997,39.019999999999996,46.6,68.1,6.610000000000014,0.7916453100973859,0.6842878120411161
305,8_SM_000306,F,170.8,50.6,35.339999999999996,81.4,69.8,93.0,36.42,39.75,42.5,75.2,6.239999999999986,0.9162264150943397,0.5651595744680851
2788,8_SM_002789,M,170.3,80.6,37.97,102.5,96.9,99.7,29.929999999999996,39.04,46.7,69.5,7.809999999999991,0.7666495901639343,0.6719424460431656
4242,8_SM_004243,M,171.0,70.6,40.4,100.5,93.0,97.5,32.06999999999999,37.39,44.9,68.9,6.9,0.8577159668360522,0.6516690856313497
1291,8_SM_001292,F,167.3,57.5,35.46,86.6,75.4,91.5,34.419999999999995,38.63,47.8,72.3,6.320000000000005,0.8910173440331347,0.661134163208852
1905,8_SM_001906,F,160.2,68.3,37.44,97.0,86.7,105.8,33.239999999999995,35.269999999999996,47.7,66.3,7.3700000000000045,0.9424440034023249,0.7194570135746607
631,8_SM_000632,F,158.8,57.8,31.2,87.2,78.1,94.5,29.080000000000002,33.83,45.6,62.2,7.5,0.8595920780372451,0.7331189710610932
2070,8_SM_002071,F,147.4,48.3,31.869999999999997,87.2,79.7,89.0,27.78000000000001,31.29,41.7,59.2,7.040000000000009,0.8878235858101633,0.7043918918918919
1295,8_SM_001296,F,160.7,85.4,40.510000000000005,107.2,93.3,107.6,27.689999999999998,36.12,45.5,62.9,5.070000000000005,0.7666112956810631,0.7233704292527822
2873,8_SM_002874,M,176.2,82.0,38.989999999999995,101.9,96.5,97.0,31.580000000000005,39.629999999999995,50.1,71.5,7.6200000000000045,0.7968710572798388,0.7006993006993008
1063,8_SM_001064,F,170.1,73.3,38.730000000000004,102.0,84.3,100.3,35.36,39.010000000000005,47.1,71.0,8.39000000000001,0.906434247628813,0.6633802816901408
339,8_SM_000340,F,173.4,64.1,35.39,89.7,80.5,98.7,32.62,42.510000000000005,45.0,74.3,7.4,0.7673488590919783,0.6056527590847914
3701,8_SM_003702,M,171.0,70.0,40.07,90.4,81.7,98.6,30.169999999999995,39.18,45.1,69.0,7.6099999999999905,0.77003573251659,0.6536231884057971
47,8_SM_000048,F,157.7,56.4,36.29,86.0,74.2,94.4,31.009999999999998,33.1,41.2,63.3,6.3799999999999955,0.936858006042296,0.6508688783570301
2900,8_SM_002901,M,172.9,72.2,35.95,94.5,82.9,98.1,29.630000000000003,40.620000000000005,46.5,68.3,7.679999999999995,0.7294436238306253,0.6808199121522694
106,8_SM_000107,F,163.2,47.0,34.260000000000005,79.6,64.4,89.2,33.39,35.4,42.5,66.5,8.39000000000001,0.9432203389830509,0.6390977443609023
2412,8_SM_002413,F,167.1,61.2,35.86,84.4,74.1,95.7,29.99,41.0,43.7,70.4,7.070000000000005,0.7314634146341463,0.6207386363636364
1093,8_SM_001094,F,172.7,91.4,41.3,107.4,93.2,117.2,31.590000000000003,40.3,44.5,71.9,6.479999999999995,0.7838709677419357,0.6189151599443671
2301,8_SM_002302,F,155.0,50.5,34.28,92.1,81.3,87.4,27.509999999999998,32.94,36.3,59.6,4.740000000000009,0.8351548269581056,0.6090604026845637
2276,8_SM_002277,F,156.6,46.6,35.07,81.5,71.9,85.6,29.46,37.05,41.3,65.6,6.9,0.7951417004048584,0.6295731707317074
1158,8_SM_001159,F,163.0,51.6,33.18,79.4,66.2,92.7,31.48,36.69,42.4,66.7,6.8,0.8579994548923413,0.6356821589205397
3954,8_SM_003955,M,178.6,69.5,40.4,93.9,80.5,93.6,31.279999999999994,43.56,46.2,76.6,6.579999999999996,0.7180899908172633,0.6031331592689296
2311,8_SM_002312,F,161.8,56.0,35.339999999999996,87.2,77.7,90.7,31.420000000000005,39.03,44.5,68.8,7.1299999999999955,0.8050217781193955,0.6468023255813954
2863,8_SM_002864,M,173.1,79.0,41.14,102.0,83.2,98.7,30.6,39.489999999999995,46.5,69.9,9.529999999999996,0.7748797163838947,0.6652360515021458
3178,8_SM_003179,M,176.8,85.9,42.81,102.6,92.3,107.8,31.080000000000002,39.57,45.3,70.1,7.2,0.7854435178165277,0.6462196861626248
1851,8_SM_001852,F,154.0,53.9,36.42,83.8,72.4,97.3,27.970000000000006,33.58,42.9,60.5,7.2,0.8329362715902325,0.7090909090909091
1768,8_SM_001769,F,152.1,56.3,33.3,86.3,75.8,93.2,27.709999999999997,35.75,39.4,63.5,6.6099999999999905,0.775104895104895,0.6204724409448819
1115,8_SM_001116,F,161.4,55.3,35.06,89.8,71.0,92.0,32.660000000000004,36.790000000000006,44.1,67.4,6.259999999999991,0.8877412340309866,0.6543026706231454
1983,8_SM_001984,F,158.3,57.7,36.589999999999996,87.5,77.3,91.4,31.0,35.14,44.7,65.4,6.960000000000013,0.8821855435401252,0.6834862385321101
3763,8_SM_003764,M,174.7,68.6,41.3,93.4,82.3,93.9,32.629999999999995,42.28,46.9,74.4,8.320000000000004,0.7717596972563858,0.6303763440860214
3151,8_SM_003152,M,172.6,64.9,41.1,91.4,76.5,94.5,28.3,37.62,45.5,80.3,10.579999999999995,0.7522594364699628,0.5666251556662516
2408,8_SM_002409,F,165.5,54.7,34.64,81.0,69.5,93.2,30.619999999999994,36.690000000000005,48.3,66.5,6.95,0.834559825565549,0.7263157894736841
528,8_SM_000529,F,161.9,44.4,34.019999999999996,73.8,64.5,85.9,30.77,37.42,42.9,67.1,6.259999999999991,0.822287546766435,0.639344262295082
2295,8_SM_002296,F,152.5,61.0,32.97,96.9,87.0,92.2,26.74,34.14,45.2,60.4,6.289999999999987,0.7832454598711188,0.7483443708609272
2714,8_SM_002715,M,177.7,83.3,41.55,99.0,87.0,103.7,36.040000000000006,40.69,49.0,73.0,7.6299999999999955,0.8857213074465473,0.6712328767123288
3948,8_SM_003949,M,179.7,92.9,40.88,102.4,90.0,109.0,28.139999999999997,42.6,49.8,72.5,5.979999999999995,0.66056338028169,0.6868965517241379
2907,8_SM_002908,M,172.0,76.9,41.06,99.5,80.3,100.9,29.96,39.19,48.5,71.0,9.6,0.7644807348813474,0.6830985915492958
1443,8_SM_001444,F,158.5,45.7,34.589999999999996,78.4,66.1,85.6,33.71,37.39,40.8,69.1,6.7,0.901577962021931,0.5904486251808972
2601,8_SM_002602,M,171.5,57.6,37.13,84.4,76.3,88.2,31.45,40.8,45.5,71.0,3.040000000000009,0.7708333333333334,0.6408450704225352
689,8_SM_000690,F,167.8,58.6,32.85,85.7,77.2,95.6,33.61,39.11,46.9,69.8,6.479999999999995,0.8593710048580926,0.671919770773639
609,8_SM_000610,F,161.0,57.0,33.97,79.4,70.8,97.6,33.07,37.18,41.7,68.8,6.25,0.8894566971490049,0.6061046511627908
1504,8_SM_001505,F,157.9,57.8,34.239999999999995,89.3,77.8,100.4,30.46,35.589999999999996,42.4,65.8,7.029999999999996,0.8558583871874124,0.6443768996960486
3886,8_SM_003887,M,171.3,83.2,41.55,95.0,85.5,106.4,30.050000000000004,38.160000000000004,43.7,68.0,7.1299999999999955,0.7874737945492662,0.6426470588235295
4393,8_SM_004394,M,173.5,91.2,41.57,107.1,104.9,101.4,28.5,38.85,50.4,67.8,6.1099999999999905,0.7335907335907336,0.7433628318584071
3156,8_SM_003157,M,170.6,96.3,41.38,112.0,100.5,109.5,28.35,35.839999999999996,48.9,64.8,7.0899999999999865,0.7910156250000001,0.7546296296296297
4037,8_SM_004038,M,167.1,66.6,39.12,92.0,85.3,97.8,31.02,37.220000000000006,45.0,67.7,8.910000000000014,0.8334228909188607,0.6646971935007385
60,8_SM_000061,F,157.5,42.9,32.62,76.2,66.6,87.0,32.52,34.410000000000004,42.1,64.5,7.45,0.9450741063644289,0.6527131782945736
1984,8_SM_001985,F,157.0,56.9,35.21,89.4,79.2,95.2,30.599999999999994,35.910000000000004,30.7,66.1,6.65,0.8521303258145361,0.4644478063540091
679,8_SM_000680,F,163.9,61.4,32.21,90.4,79.5,95.5,33.339999999999996,34.79,46.5,67.0,6.170000000000004,0.9583213567116987,0.6940298507462687
92,8_SM_000093,F,169.2,67.5,40.769999999999996,94.7,82.5,100.0,33.5,39.120000000000005,46.2,71.6,5.810000000000014,0.8563394683026584,0.6452513966480448
674,8_SM_000675,F,153.5,59.2,31.73,93.8,79.4,98.8,30.509999999999998,34.339999999999996,43.3,62.1,6.729999999999995,0.888468258590565,0.6972624798711755
3742,8_SM_003743,M,178.9,86.6,41.0,106.0,92.2,105.3,32.660000000000004,42.660000000000004,46.2,74.2,8.559999999999992,0.76558837318331,0.6226415094339622
1902,8_SM_001903,F,161.4,57.9,34.85,88.0,83.6,93.5,34.129999999999995,36.25,41.9,68.0,7.680000000000018,0.9415172413793103,0.6161764705882353
3303,8_SM_003304,M,170.8,70.6,40.739999999999995,98.0,81.8,97.0,33.09,38.45,44.5,69.3,7.1300000000000185,0.8605981794538362,0.6421356421356421
283,8_SM_000284,F,167.8,60.1,33.82,83.7,83.5,96.0,35.339999999999996,38.510000000000005,44.2,72.9,5.8,0.9176837185146713,0.6063100137174211
1734,8_SM_001735,F,168.9,83.0,37.47,103.5,90.6,113.7,34.239999999999995,38.910000000000004,45.5,70.7,5.470000000000004,0.8799794397327163,0.6435643564356436
3773,8_SM_003774,M,176.2,71.9,39.29,88.8,79.9,95.5,31.05,40.67,48.6,71.4,9.55,0.7634620113105482,0.6806722689075629
362,8_SM_000363,F,161.7,69.5,32.6,97.7,90.8,106.2,35.83,37.95,41.8,70.5,5.470000000000004,0.9441370223978919,0.5929078014184397
909,8_SM_000910,F,167.0,86.0,37.65,106.8,100.5,114.0,32.93,38.36,48.0,70.8,5.809999999999991,0.8584462982273201,0.6779661016949153
3648,8_SM_003649,M,168.8,55.3,40.089999999999996,85.7,68.0,88.5,32.269999999999996,38.712,43.7,69.3,8.110000000000014,0.8335916511675965,0.6305916305916307
1950,8_SM_001951,F,158.6,56.5,35.019999999999996,87.8,79.3,91.4,32.57,37.410000000000004,39.4,68.2,6.329999999999996,0.8706228281208233,0.5777126099706744
4410,8_SM_004411,M,162.6,71.6,36.03,97.2,94.9,95.3,25.709999999999997,35.31,47.4,60.7,5.9,0.7281223449447747,0.7808896210873146
2009,8_SM_002010,F,154.0,44.5,35.8,74.7,62.7,87.9,30.73,34.95,42.2,64.6,7.070000000000005,0.8792560801144491,0.6532507739938082
4543,8_SM_004544,M,181.8,80.9,41.18,99.4,93.7,96.3,31.47,43.769999999999996,50.4,75.2,7.239999999999986,0.7189856065798492,0.6702127659574467
2917,8_SM_002918,M,175.0,66.8,38.88,88.0,79.7,96.7,31.300000000000004,40.67,49.1,70.7,8.420000000000005,0.7696090484386526,0.6944837340876945
3291,8_SM_003292,M,183.0,77.0,43.54,98.0,78.3,96.4,34.82,42.58,49.9,76.7,8.870000000000005,0.8177548144668859,0.650586701434159
770,8_SM_000771,F,154.5,54.1,31.580000000000002,81.2,75.1,96.5,30.82,33.230000000000004,44.2,62.1,6.829999999999996,0.9274751730364128,0.711755233494364
2173,8_SM_002174,F,151.7,53.6,35.37,91.3,80.0,92.0,28.889999999999997,32.58,39.5,60.3,5.970000000000004,0.8867403314917126,0.6550580431177446
1921,8_SM_001922,F,166.8,64.9,36.56,90.8,79.4,96.8,32.83,38.3,46.5,69.8,8.0,0.8571801566579634,0.666189111747851
42,8_SM_000043,F,165.0,64.0,37.82,93.7,76.6,102.2,31.819999999999993,37.4,44.9,67.6,5.520000000000005,0.850802139037433,0.6642011834319527
2188,8_SM_002189,F,158.0,59.7,35.22,91.2,80.5,95.5,28.709999999999997,37.83,40.9,65.6,6.6099999999999905,0.7589214908802537,0.6234756097560976
206,8_SM_000207,F,163.4,59.7,36.22,84.5,79.0,99.0,31.8,35.99,43.7,66.8,7.670000000000004,0.883578771881078,0.6541916167664671
1488,8_SM_001489,F,166.1,59.2,34.43,83.2,74.4,95.9,30.620000000000005,36.42,47.1,67.1,8.379999999999995,0.840746842394289,0.7019374068554397
2115,8_SM_002116,F,159.5,60.1,36.4,92.2,84.3,95.4,30.740000000000002,38.87,40.6,69.6,6.3,0.7908412657576538,0.5833333333333334
2615,8_SM_002616,M,177.1,80.4,42.11,106.2,91.3,100.0,35.99,40.17,47.2,73.8,8.420000000000005,0.8959422454568086,0.6395663956639567
68,8_SM_000069,F,163.9,57.7,35.38,84.0,76.0,96.0,32.39,36.7,43.8,67.7,6.570000000000005,0.8825613079019073,0.6469719350073855
3783,8_SM_003784,M,178.2,79.1,38.230000000000004,93.2,80.5,100.4,29.870000000000005,42.959999999999994,46.4,73.8,7.770000000000005,0.695297951582868,0.6287262872628726
1890,8_SM_001891,F,165.8,64.2,35.519999999999996,93.6,83.9,98.6,34.19,37.38,46.0,70.3,7.8799999999999955,0.9146602461209201,0.6543385490753912
3636,8_SM_003637,M,175.4,73.1,40.15,94.7,80.4,96.3,31.07,39.86,45.1,71.1,9.0,0.7794781736076267,0.6343178621659635
2854,8_SM_002855,M,170.7,59.1,35.95,86.5,73.3,88.4,28.9,40.15,46.4,69.1,8.20999999999999,0.7198007471980075,0.6714905933429812
3940,8_SM_003941,M,166.9,67.4,38.9,90.5,81.2,93.5,28.51,37.07000000000001,44.1,65.5,5.85,0.7690855138926355,0.6732824427480916
3529,8_SM_003530,M,178.6,73.7,40.07,98.8,85.0,96.7,34.730000000000004,43.82,49.7,78.2,5.829999999999996,0.792560474669101,0.6355498721227621
2246,8_SM_002247,F,153.1,52.5,33.730000000000004,89.1,80.0,91.6,29.619999999999997,35.160000000000004,40.7,63.5,7.570000000000005,0.8424345847554037,0.6409448818897638
138,8_SM_000139,F,168.4,59.2,36.36,87.7,72.5,93.9,34.33,39.6,43.1,72.0,4.8900000000000095,0.8669191919191919,0.5986111111111111
2969,8_SM_002970,M,169.5,79.4,35.42,98.8,89.9,103.8,33.14,38.45,46.0,69.0,5.659999999999991,0.8618985695708712,0.6666666666666666
806,8_SM_000807,F,162.3,55.8,32.57,82.3,77.7,95.0,31.79,36.04,45.2,65.8,6.3399999999999865,0.8820754716981132,0.6869300911854104
2195,8_SM_002196,F,150.0,54.7,32.269999999999996,88.2,84.6,92.0,27.880000000000006,35.33,38.5,62.4,5.85,0.7891310500990661,0.6169871794871795
2143,8_SM_002144,F,154.7,57.3,35.15,90.3,81.8,93.7,29.070000000000004,35.019999999999996,39.8,64.1,7.020000000000005,0.830097087378641,0.6209048361934477
3691,8_SM_003692,M,174.6,65.7,41.94,92.5,79.2,95.4,33.019999999999996,38.8,48.3,72.0,8.95999999999999,0.8510309278350515,0.6708333333333333
3214,8_SM_003215,M,165.7,67.2,38.13,90.9,83.4,96.9,27.860000000000003,36.86,44.7,65.3,5.929999999999995,0.7558328811720023,0.6845329249617153
768,8_SM_000769,F,170.1,63.5,36.7,89.4,71.3,97.5,34.26,37.9,44.0,71.4,7.540000000000009,0.903957783641161,0.6162464985994397
546,8_SM_000547,F,158.8,53.0,32.3,80.9,71.4,92.6,34.14999999999999,36.83,42.6,68.3,5.5,0.9272332337768122,0.6237188872620791
1033,8_SM_001034,F,162.0,47.6,35.25,79.0,61.7,86.2,32.67,36.56,44.4,66.7,7.079999999999996,0.8935995623632385,0.6656671664167916
3792,8_SM_003793,M,172.9,74.9,40.22,93.4,83.0,102.5,30.35,40.489999999999995,46.4,71.4,9.830000000000018,0.7495677945171648,0.649859943977591
3054,8_SM_003055,M,173.1,64.9,38.54,90.4,79.0,94.7,32.86999999999999,41.010000000000005,41.7,72.6,8.570000000000004,0.8015118263838085,0.5743801652892563
3609,8_SM_003610,M,174.4,76.7,41.0,96.1,83.5,97.6,30.020000000000003,41.67,47.3,72.6,6.679999999999995,0.7204223662107032,0.6515151515151515
167,8_SM_000168,F,159.2,45.3,33.4,76.7,62.6,85.8,32.39,34.959999999999994,42.2,66.3,5.75,0.9264874141876432,0.636500754147813
250,8_SM_000251,F,160.5,45.7,32.65,77.2,64.8,87.2,32.519999999999996,34.410000000000004,44.7,66.4,6.729999999999995,0.9450741063644287,0.6731927710843373
1346,8_SM_001347,F,164.3,51.5,34.089999999999996,79.1,70.2,90.6,35.51,38.45,40.9,73.0,7.920000000000004,0.9235370611183353,0.5602739726027397
2032,8_SM_002033,F,160.3,53.9,35.1,87.5,79.5,87.3,31.140000000000004,36.809999999999995,44.0,66.9,7.190000000000009,0.8459657701711494,0.6576980568011958
450,8_SM_000451,F,166.1,56.7,31.860000000000003,84.7,75.5,96.7,32.91,38.11,46.8,70.3,7.179999999999995,0.863552873261611,0.6657183499288762
2497,8_SM_002498,F,158.0,56.4,35.6,88.6,77.7,98.3,29.01,35.08,40.8,62.8,7.45,0.8269669327251996,0.6496815286624203
2928,8_SM_002929,M,168.0,66.9,39.519999999999996,88.2,83.2,94.3,27.809999999999995,39.910000000000004,34.8,67.9,8.479999999999995,0.6968178401403156,0.5125184094256259
1373,8_SM_001374,F,161.1,52.4,34.760000000000005,86.6,68.1,90.5,30.96999999999999,36.190000000000005,44.8,66.5,7.15,0.8557612600165788,0.6736842105263158
2867,8_SM_002868,M,170.9,74.3,40.19,99.6,81.0,93.9,33.04,38.76,48.4,72.2,8.779999999999996,0.8524251805985552,0.670360110803324
2160,8_SM_002161,F,158.5,67.0,36.56,95.2,92.4,98.9,31.309999999999995,35.21,40.1,66.1,6.8800000000000185,0.8892360124964497,0.6066565809379728
1344,8_SM_001345,F,157.7,48.8,34.89,80.2,62.3,90.0,27.819999999999993,37.13,42.9,63.7,6.3900000000000095,0.7492593590088874,0.673469387755102
2875,8_SM_002876,M,174.4,80.8,39.3,96.4,89.5,105.2,29.979999999999997,40.11,45.9,69.8,8.079999999999995,0.7474445275492395,0.6575931232091691
2807,8_SM_002808,M,177.0,86.3,37.64,106.5,80.2,104.5,32.77,40.57,49.9,72.0,6.959999999999991,0.8077397091446883,0.6930555555555555
773,8_SM_000774,F,157.1,59.2,34.28,87.1,73.7,98.9,31.110000000000003,35.89,41.7,65.9,3.630000000000018,0.8668152688771246,0.6327769347496206
3550,8_SM_003551,M,176.0,85.2,42.2,99.4,89.2,103.3,28.879999999999995,43.14,48.8,74.8,7.15,0.6694483078349558,0.6524064171122994
2165,8_SM_002166,F,151.3,62.4,35.010000000000005,99.1,87.1,92.6,25.93,34.818,43.1,60.4,5.189999999999986,0.7447297374921018,0.7135761589403974
438,8_SM_000439,F,163.0,53.1,32.489999999999995,82.2,72.8,92.8,32.510000000000005,35.31,47.1,67.8,6.920000000000004,0.9207023506088927,0.6946902654867257
2137,8_SM_002138,F,156.5,55.2,33.43,88.4,81.6,88.8,28.79,35.94,43.8,64.7,5.670000000000004,0.8010573177518086,0.6769706336939721
583,8_SM_000584,F,157.3,54.2,33.13,82.2,70.1,94.4,30.610000000000003,34.730000000000004,41.8,63.8,7.029999999999996,0.8813705729916499,0.6551724137931034
2922,8_SM_002923,M,178.7,79.3,39.69,96.5,84.4,105.5,32.629999999999995,40.24,49.1,71.5,9.009999999999991,0.8108846918489064,0.6867132867132867
3961,8_SM_003962,M,179.2,93.1,39.519999999999996,102.2,96.2,106.8,33.669999999999995,43.99,48.4,78.4,5.3699999999999815,0.7654012275517161,0.6173469387755102
3316,8_SM_003317,M,163.8,56.2,38.83,85.8,76.8,89.4,30.82,38.42,42.1,67.6,7.520000000000005,0.8021863612701717,0.6227810650887575
2989,8_SM_002990,M,177.6,100.9,40.89,111.3,102.4,110.6,31.75,42.75,47.1,76.2,8.85,0.7426900584795322,0.6181102362204725
3412,8_SM_003413,M,185.2,75.5,40.65,93.8,84.3,98.1,30.689999999999998,45.75,49.8,77.4,9.760000000000014,0.6708196721311475,0.6434108527131782
2836,8_SM_002837,M,174.7,69.5,39.8,89.9,79.1,96.8,33.02,40.9,47.4,73.5,7.820000000000005,0.8073349633251835,0.6448979591836734
4484,8_SM_004485,M,163.5,62.2,37.58,91.6,86.9,90.3,29.640000000000004,36.470000000000006,44.0,67.1,5.259999999999991,0.8127227858513847,0.6557377049180328
2463,8_SM_002464,F,166.3,52.9,35.010000000000005,82.7,73.8,91.8,30.71999999999999,37.31,47.7,67.9,9.39000000000001,0.8233717502010183,0.7025036818851251
1863,8_SM_001864,F,157.5,51.6,35.13,84.3,72.8,87.4,30.330000000000002,36.489999999999995,42.9,66.2,6.170000000000004,0.8311866264730065,0.648036253776435
772,8_SM_000773,F,166.1,70.6,36.7,98.4,89.3,95.2,35.35,38.62,39.8,70.5,6.690000000000009,0.9153288451579493,0.5645390070921985
3060,8_SM_003061,M,176.9,74.9,36.78,94.4,83.2,97.4,32.96,40.55,47.5,73.9,7.570000000000005,0.8128236744759557,0.6427604871447902
391,8_SM_000392,F,157.3,57.8,33.1,84.8,72.0,95.1,29.53,34.45,43.8,63.2,5.35,0.8571843251088533,0.6930379746835442
237,8_SM_000238,F,174.9,72.8,33.61,100.1,86.0,101.0,36.190000000000005,40.160000000000004,48.2,74.1,5.8,0.9011454183266933,0.6504723346828611
1091,8_SM_001092,F,153.9,48.3,33.67,80.0,68.1,90.2,31.310000000000002,36.839999999999996,42.2,65.5,5.570000000000005,0.8498914223669926,0.6442748091603054
1999,8_SM_002000,F,158.8,45.1,33.07,77.8,63.9,85.5,31.519999999999992,35.0,46.4,66.3,7.420000000000004,0.9005714285714284,0.6998491704374057
270,8_SM_000271,F,154.9,49.0,32.269999999999996,85.0,68.7,89.2,29.090000000000003,35.28,41.0,64.2,5.889999999999986,0.824546485260771,0.6386292834890965
3415,8_SM_003416,M,170.7,73.6,38.03,93.9,82.8,102.0,31.169999999999995,39.78,45.4,69.4,7.3900000000000095,0.7835595776772246,0.6541786743515849
780,8_SM_000781,F,160.6,64.3,34.42,98.2,82.7,98.5,32.199999999999996,36.11,40.3,67.1,5.8700000000000045,0.8917197452229298,0.6005961251862891
2180,8_SM_002181,F,154.6,63.3,35.75,99.5,93.6,95.0,28.220000000000006,35.89,41.7,62.2,6.309999999999991,0.7862914460852607,0.6704180064308681
441,8_SM_000442,F,171.4,60.6,36.43,89.0,77.5,96.0,34.540000000000006,37.82,48.4,71.6,6.8700000000000045,0.9132734003172926,0.6759776536312849
681,8_SM_000682,F,167.5,59.1,32.7,82.6,75.8,93.6,35.17,37.32000000000001,47.4,69.5,6.1200000000000045,0.9423901393354768,0.6820143884892086
251,8_SM_000252,F,163.3,52.8,33.489999999999995,81.7,68.7,94.4,33.839999999999996,35.41,45.5,66.8,8.0,0.9556622423044338,0.6811377245508983
2216,8_SM_002217,F,158.4,53.1,33.760000000000005,85.2,76.7,91.8,29.560000000000002,36.42,41.6,66.7,7.15,0.8116419549697969,0.623688155922039
1589,8_SM_001590,F,156.5,47.8,34.29,76.3,65.8,87.3,29.690000000000005,35.31,42.8,63.8,7.460000000000013,0.8408382894364204,0.670846394984326
3177,8_SM_003178,M,182.4,71.1,41.88,91.2,80.1,95.7,36.970000000000006,44.64,46.1,80.0,7.0,0.8281810035842295,0.57625
2157,8_SM_002158,F,152.4,48.9,34.81,79.3,70.8,90.0,27.080000000000002,32.690000000000005,41.3,58.3,7.579999999999996,0.8283878862037319,0.7084048027444254
3476,8_SM_003477,M,167.8,69.3,37.79,95.8,88.4,96.1,28.7,40.13,47.4,69.1,7.15,0.7151756790431099,0.6859623733719248
2096,8_SM_002097,F,158.5,57.4,37.2,89.0,81.6,92.7,27.889999999999997,36.39,31.2,64.6,6.540000000000009,0.7664193459741686,0.48297213622291024
1838,8_SM_001839,F,158.6,63.2,38.65,97.3,88.2,94.9,31.71,33.82,44.1,63.7,7.820000000000005,0.9376108811354228,0.6923076923076923
492,8_SM_000493,F,159.7,60.0,32.42,86.0,75.0,100.4,30.740000000000002,34.11,46.8,62.6,7.65,0.9012019935502786,0.7476038338658146
890,8_SM_000891,F,162.5,51.6,37.04,79.2,74.0,92.3,33.480000000000004,36.629999999999995,43.7,69.8,7.6,0.9140049140049142,0.6260744985673353
452,8_SM_000453,F,161.5,88.8,35.79,106.0,101.4,120.5,29.870000000000005,34.81,45.2,64.2,3.840000000000009,0.8580867566791153,0.7040498442367601
1484,8_SM_001485,F,165.5,67.2,34.57,90.2,81.4,100.9,30.139999999999997,39.75,44.9,70.4,6.3800000000000185,0.7582389937106917,0.6377840909090908
726,8_SM_000727,F,164.6,50.5,33.160000000000004,76.9,65.5,90.8,34.48,38.64,42.2,71.4,5.3,0.8923395445134574,0.5910364145658263
3972,8_SM_003973,M,184.1,80.7,41.42,101.8,84.0,98.7,34.95,43.830000000000005,46.0,80.5,8.35,0.7973990417522244,0.5714285714285714
50,8_SM_000051,F,161.5,57.8,34.9,90.5,79.5,94.0,30.879999999999995,38.019999999999996,42.0,67.3,6.040000000000009,0.8122041031036297,0.6240713224368499
2063,8_SM_002064,F,167.5,57.9,36.3,82.9,73.5,95.0,30.7,39.410000000000004,46.6,69.3,7.970000000000004,0.778990104034509,0.6724386724386725
1916,8_SM_001917,F,166.6,54.1,37.11,82.5,72.5,93.5,35.36,36.46,43.1,70.5,8.239999999999986,0.9698299506308282,0.6113475177304964
4136,8_SM_004137,M,167.3,70.7,38.8,93.7,93.8,96.9,29.839999999999996,38.9,44.1,66.8,6.729999999999995,0.7670951156812339,0.6601796407185629
3183,8_SM_003184,M,176.9,66.2,40.89,89.5,76.3,92.1,32.64,42.8,45.5,75.7,8.280000000000019,0.7626168224299066,0.6010568031704094
3190,8_SM_003191,M,174.4,82.5,39.79,101.1,97.2,99.3,28.449999999999996,41.5,50.4,70.7,8.95,0.6855421686746986,0.7128712871287128
1182,8_SM_001183,F,164.4,58.2,35.769999999999996,84.0,75.5,94.9,33.96,38.83,45.2,69.8,6.55,0.8745815091424157,0.6475644699140402
82,8_SM_000083,F,161.6,59.5,33.12,83.9,77.7,98.5,32.16,34.010000000000005,45.2,64.4,6.189999999999986,0.9456042340488089,0.7018633540372671
3586,8_SM_003587,M,185.2,74.8,42.33,92.3,77.5,98.4,33.58,43.46,49.4,76.8,10.179999999999996,0.7726645190980211,0.6432291666666666
4008,8_SM_004009,M,162.0,62.1,38.79,90.3,84.3,91.7,27.1,35.45,44.7,62.0,6.85,0.764456981664316,0.720967741935484
2746,8_SM_002747,M,179.8,81.1,38.769999999999996,101.3,91.3,102.9,28.45,41.6,50.9,70.3,6.2,0.6838942307692307,0.7240398293029872
4074,8_SM_004075,M,174.3,64.5,40.45,90.5,77.8,92.1,34.209999999999994,39.46,47.0,72.1,7.220000000000004,0.8669538773441458,0.651872399445215
3067,8_SM_003068,M,177.8,79.8,41.6,98.8,86.8,99.9,34.559999999999995,42.85,44.3,77.7,8.379999999999995,0.8065344224037339,0.5701415701415701
3128,8_SM_003129,M,172.8,73.7,41.38,98.8,86.2,97.3,32.96,39.6,43.6,72.1,7.860000000000014,0.8323232323232324,0.6047156726768378
1475,8_SM_001476,F,161.8,76.9,35.68,102.8,87.9,108.3,29.659999999999997,35.989999999999995,45.2,65.4,4.820000000000005,0.8241178105029175,0.691131498470948
2840,8_SM_002841,M,182.0,79.9,39.8,102.1,83.2,101.7,33.58,41.88,50.7,76.0,8.979999999999995,0.8018147086914994,0.6671052631578948
1908,8_SM_001909,F,164.0,68.3,36.72,98.2,88.7,100.9,30.409999999999997,36.589999999999996,48.1,66.3,8.769999999999982,0.831101393823449,0.7254901960784315
1683,8_SM_001684,F,159.4,49.4,34.18,75.4,66.9,89.6,29.490000000000002,35.72,45.7,64.6,5.680000000000018,0.8255879059350505,0.7074303405572756
2778,8_SM_002779,M,181.3,66.0,36.25,90.1,70.2,92.8,34.459999999999994,40.68,49.8,74.8,9.65,0.8470993117010814,0.6657754010695187
2015,8_SM_002016,F,159.5,57.9,36.05,88.3,80.2,95.4,29.390000000000004,36.92,44.0,66.1,7.3700000000000045,0.7960455037919827,0.6656580937972769
480,8_SM_000481,F,163.3,67.8,31.3,96.0,82.9,100.0,30.799999999999994,36.28,45.9,66.3,5.490000000000009,0.8489525909592059,0.6923076923076923
522,8_SM_000523,F,157.5,45.9,32.07,75.6,63.2,86.5,32.07000000000001,36.55,40.7,67.0,6.1300000000000185,0.8774281805745556,0.6074626865671642
2892,8_SM_002893,M,178.2,76.8,37.46,93.1,83.5,100.4,33.08,38.99,48.8,71.8,7.5,0.848422672480123,0.6796657381615598
407,8_SM_000408,F,163.3,71.1,34.95,96.7,91.5,101.6,32.35,36.3,45.8,67.6,7.190000000000009,0.8911845730027549,0.6775147928994083
387,8_SM_000388,F,159.8,69.1,33.17,98.8,89.9,102.0,30.55,36.5,44.0,65.5,4.159999999999991,0.8369863013698631,0.6717557251908397
4023,8_SM_004024,M,175.3,68.4,38.81,96.5,80.9,93.9,32.21,41.81,48.3,73.0,9.180000000000017,0.7703898588854341,0.6616438356164384
4081,8_SM_004082,M,176.2,83.5,40.989999999999995,99.9,95.1,102.0,30.580000000000005,40.87,46.3,71.6,8.189999999999987,0.748226082701248,0.6466480446927374
2167,8_SM_002168,F,152.0,74.3,35.160000000000004,104.0,103.0,109.7,26.99,32.77,41.7,60.6,7.409999999999991,0.8236191638693926,0.6881188118811882
1648,8_SM_001649,F,167.4,65.7,36.19,93.4,86.5,98.6,31.670000000000005,39.529999999999994,45.1,70.9,6.25,0.8011636731596259,0.6361071932299013
4443,8_SM_004444,M,166.0,72.0,38.87,98.5,93.5,95.2,29.080000000000002,37.67,47.2,67.1,7.479999999999995,0.7719670825590655,0.7034277198211626
697,8_SM_000698,F,153.5,46.5,32.71,79.0,68.5,87.6,30.27,33.64,39.8,61.6,6.610000000000014,0.8998216409036861,0.6461038961038961
4038,8_SM_004039,M,167.0,64.0,37.44,92.0,85.9,91.4,30.440000000000005,36.95,44.8,66.9,6.429999999999995,0.8238159675236807,0.6696562032884902
2896,8_SM_002897,M,175.1,62.4,39.12,87.2,75.6,91.2,31.909999999999997,40.22,47.6,71.0,5.8,0.7933863749378418,0.6704225352112676
1255,8_SM_001256,F,167.0,59.9,38.410000000000004,88.0,79.5,94.5,33.050000000000004,39.769999999999996,41.5,71.6,5.829999999999996,0.8310284133769175,0.5796089385474861
62,8_SM_000063,F,151.9,39.3,31.65,75.9,64.0,83.5,30.309999999999995,33.260000000000005,43.7,62.0,5.3900000000000095,0.911304870715574,0.7048387096774194
3391,8_SM_003392,M,171.5,66.5,39.32,94.3,82.5,94.6,30.339999999999996,37.910000000000004,46.4,67.4,8.1,0.8003165391717223,0.688427299703264
862,8_SM_000863,F,163.2,49.0,34.94,82.8,70.8,85.0,31.879999999999995,36.77,44.5,67.6,7.170000000000004,0.8670111503943431,0.6582840236686391
4358,8_SM_004359,M,178.7,78.0,41.53,98.9,89.0,97.9,31.660000000000004,42.58,49.3,73.9,7.920000000000004,0.7435415688116488,0.6671177266576453
4101,8_SM_004102,M,162.0,56.1,37.410000000000004,94.1,82.2,83.7,29.589999999999996,35.47,45.0,65.0,7.909999999999991,0.8342261065689314,0.6923076923076923
1277,8_SM_001278,F,161.8,56.3,36.839999999999996,88.9,74.9,92.2,31.840000000000003,37.910000000000004,43.4,68.5,6.969999999999982,0.8398839356370351,0.6335766423357664
225,8_SM_000226,F,161.0,52.5,34.78,77.1,69.1,93.9,33.33,35.45,42.4,65.6,6.1199999999999815,0.9401974612129759,0.6463414634146342
2208,8_SM_002209,F,157.5,64.3,35.68,94.5,81.7,97.4,27.779999999999994,36.43,45.4,63.4,7.740000000000009,0.7625583310458411,0.7160883280757098
3170,8_SM_003171,M,170.1,65.0,39.480000000000004,95.3,78.4,92.3,31.630000000000003,40.480000000000004,43.6,71.3,7.710000000000013,0.7813735177865613,0.6115007012622722
376,8_SM_000377,F,150.0,56.2,30.72,90.5,74.2,92.2,27.040000000000003,31.160000000000004,43.3,58.5,4.85,0.8677792041078305,0.7401709401709401
1839,8_SM_001840,F,160.5,57.3,34.57,100.2,82.3,91.7,30.120000000000005,38.61,35.0,67.2,8.429999999999996,0.7801087801087803,0.5208333333333333
4186,8_SM_004187,M,173.5,69.4,38.82,93.5,87.7,91.0,31.74,39.98,47.7,71.5,7.439999999999986,0.7938969484742372,0.6671328671328671
3227,8_SM_003228,M,182.9,79.9,41.37,94.5,84.7,101.2,32.56,44.279999999999994,47.9,76.5,8.470000000000004,0.7353206865401989,0.6261437908496732
4450,8_SM_004451,M,170.0,73.8,38.160000000000004,95.0,87.8,98.4,29.159999999999997,41.13,46.3,69.8,6.840000000000009,0.7089715536105031,0.663323782234957
4235,8_SM_004236,M,181.8,90.5,41.11,103.5,103.3,104.6,30.8,41.9,49.4,74.9,8.160000000000014,0.7350835322195705,0.6595460614152202
3360,8_SM_003361,M,185.6,87.4,42.769999999999996,97.5,89.4,107.3,32.42,43.2,51.2,76.7,8.89000000000001,0.750462962962963,0.6675358539765319
3351,8_SM_003352,M,164.6,56.3,40.31,87.2,72.8,84.8,31.559999999999995,38.760000000000005,44.8,69.0,7.290000000000009,0.8142414860681112,0.6492753623188405
807,8_SM_000808,F,166.3,68.6,35.89,97.8,83.0,103.6,35.37,39.0,39.7,72.8,7.2,0.9069230769230768,0.5453296703296704
2893,8_SM_002894,M,168.9,67.5,36.79,94.0,82.1,92.4,30.940000000000005,38.07,43.8,68.2,6.810000000000014,0.8127134226425008,0.6422287390029325
9,8_SM_000010,F,161.9,67.0,35.11,93.8,77.1,103.2,30.979999999999997,35.8,43.2,66.2,5.420000000000004,0.8653631284916201,0.6525679758308157
2512,8_SM_002513,F,171.5,56.8,36.95,81.6,72.5,91.8,34.63000000000001,38.35,48.9,72.7,8.04000000000001,0.9029986962190354,0.6726272352132049
1959,8_SM_001960,F,152.5,50.8,33.19,82.6,78.7,92.7,30.419999999999998,32.480000000000004,42.8,62.1,8.120000000000005,0.9365763546798028,0.6892109500805152
1853,8_SM_001854,F,156.3,55.4,35.239999999999995,86.2,79.4,94.0,33.33,36.602999999999994,42.3,67.4,8.2,0.9105810999098436,0.6275964391691393
718,8_SM_000719,F,156.6,61.3,33.22,88.0,77.7,100.8,31.089999999999996,35.220000000000006,42.6,64.2,7.45,0.8827370812038612,0.6635514018691588
257,8_SM_000258,F,157.9,52.7,32.4,83.4,70.5,91.9,31.96,36.709999999999994,40.4,68.7,3.4899999999999864,0.8706074639062927,0.5880640465793304
2952,8_SM_002953,M,163.6,65.4,37.12,93.1,79.8,94.5,28.939999999999998,37.11,44.2,65.3,5.779999999999996,0.7798437078954459,0.6768759571209801
1632,8_SM_001633,F,160.6,59.6,36.989999999999995,91.5,78.5,96.7,30.689999999999998,38.17,44.6,68.1,4.480000000000018,0.8040345821325647,0.6549192364170339
392,8_SM_000393,F,165.0,65.2,31.72,90.9,89.5,101.5,29.98,36.510000000000005,45.2,66.5,6.079999999999996,0.8211448918104628,0.6796992481203008
4047,8_SM_004048,M,176.9,65.2,37.19,89.7,82.7,92.7,32.55,40.86,49.2,72.8,9.030000000000019,0.7966226138032305,0.6758241758241759
3675,8_SM_003676,M,175.0,76.6,41.230000000000004,93.9,88.0,97.6,31.370000000000005,39.17,49.5,70.0,7.279999999999996,0.8008680112330866,0.7071428571428572
1596,8_SM_001597,F,162.9,56.6,36.36,82.7,74.8,91.9,31.370000000000005,36.35,44.5,66.3,6.290000000000009,0.8629986244841816,0.6711915535444948
2979,8_SM_002980,M,168.6,68.5,40.019999999999996,92.2,76.2,94.7,31.809999999999995,37.56,44.3,69.6,7.170000000000004,0.8469116080937166,0.6364942528735632
934,8_SM_000935,F,165.6,63.2,36.4,90.5,77.3,98.2,29.380000000000006,38.1,46.7,66.7,6.210000000000013,0.7711286089238847,0.7001499250374813
2821,8_SM_002822,M,170.1,81.0,40.17,101.5,92.7,102.9,30.919999999999995,38.4,44.4,69.9,6.180000000000018,0.8052083333333332,0.6351931330472103
3921,8_SM_003922,M,175.2,60.6,34.3,89.7,68.5,88.4,31.750000000000007,41.839999999999996,46.7,70.0,8.7,0.758843212237094,0.6671428571428571
2523,8_SM_002524,F,157.2,50.9,35.019999999999996,86.2,75.0,89.8,29.690000000000005,35.65,42.5,63.6,6.290000000000009,0.832819074333801,0.6682389937106918
3852,8_SM_003853,M,181.0,97.9,41.6,108.8,99.7,109.4,29.669999999999998,41.73,48.7,72.0,9.120000000000005,0.710999281092739,0.6763888888888889
2051,8_SM_002052,F,164.0,67.0,38.1,95.4,86.3,98.1,29.269999999999992,36.152,46.1,65.6,7.25,0.8096370878512943,0.7027439024390245
3978,8_SM_003979,M,169.6,56.1,38.339999999999996,81.5,71.1,89.5,32.010000000000005,39.870000000000005,41.1,71.6,8.05,0.8028592927012792,0.5740223463687152
1239,8_SM_001240,F,163.5,52.4,34.88,83.4,70.3,91.5,32.96999999999999,38.4,41.0,69.6,7.220000000000004,0.8585937499999998,0.589080459770115
3253,8_SM_003254,M,164.0,66.2,38.28,95.0,85.2,96.0,29.560000000000002,36.75,44.0,67.4,8.570000000000004,0.8043537414965987,0.6528189910979227
3029,8_SM_003030,M,177.3,76.0,39.81,96.7,81.6,97.3,33.89,42.12,43.4,75.4,6.0,0.8046058879392214,0.5755968169761273
2569,8_SM_002570,M,176.4,57.4,38.839999999999996,81.8,72.8,90.8,35.559999999999995,39.86,45.1,73.6,8.009999999999991,0.892122428499749,0.6127717391304348
1961,8_SM_001962,F,152.8,52.0,34.6,81.9,73.0,92.0,29.52,33.910000000000004,41.8,64.1,6.929999999999995,0.8705396638159834,0.6521060842433698
3832,8_SM_003833,M,170.8,67.7,38.769999999999996,93.5,79.5,94.4,30.45,41.519999999999996,45.0,71.7,6.659999999999991,0.7333815028901735,0.6276150627615062
749,8_SM_000750,F,164.5,61.5,36.72,92.5,84.7,96.2,32.32,37.72,42.5,69.4,7.479999999999995,0.8568398727465536,0.6123919308357348
40,8_SM_000041,F,166.4,61.3,37.6,93.5,79.0,95.0,35.010000000000005,38.21,42.9,72.1,5.270000000000005,0.916252289976446,0.5950069348127601
878,8_SM_000879,F,164.1,57.0,33.589999999999996,88.0,74.8,94.0,34.739999999999995,37.52,44.2,69.7,6.310000000000014,0.9259061833688698,0.6341463414634146
2801,8_SM_002802,M,175.5,67.9,38.510000000000005,95.6,83.0,94.2,32.800000000000004,38.82,45.8,70.3,8.25,0.8449252962390521,0.6514935988620199
544,8_SM_000545,F,161.4,52.4,33.019999999999996,78.3,68.2,90.6,33.68000000000001,34.879999999999995,43.8,67.3,6.070000000000005,0.9655963302752297,0.6508172362555721
3286,8_SM_003287,M,180.4,68.6,40.2,92.4,78.5,94.0,36.69,42.45,46.5,76.8,8.119999999999981,0.8643109540636041,0.60546875
3425,8_SM_003426,M,176.5,92.5,39.019999999999996,107.7,99.4,100.9,29.879999999999995,43.45,47.2,73.4,6.729999999999995,0.6876869965477559,0.6430517711171662
2767,8_SM_002768,M,175.5,72.9,40.769999999999996,96.0,78.3,95.6,31.179999999999996,42.92,46.3,74.8,9.969999999999981,0.7264678471575022,0.6189839572192514
4030,8_SM_004031,M,177.0,69.0,40.160000000000004,96.6,84.8,96.3,32.839999999999996,41.9,49.6,73.5,9.929999999999996,0.7837708830548925,0.6748299319727892
89,8_SM_000090,F,162.8,49.4,34.0,82.9,66.0,87.7,32.540000000000006,38.22,43.1,67.2,5.55,0.8513867085295659,0.6413690476190476
2745,8_SM_002746,M,165.9,53.9,36.55,83.0,70.5,89.2,26.359999999999996,37.730000000000004,45.6,63.8,6.559999999999991,0.698648290485025,0.7147335423197493
1386,8_SM_001387,F,162.1,53.9,35.12,88.5,75.1,89.6,32.17,37.259,45.4,67.6,8.470000000000004,0.8634155506052229,0.6715976331360947
1159,8_SM_001160,F,157.2,50.7,35.4,81.2,70.4,91.6,31.649999999999995,35.160000000000004,43.8,63.6,7.979999999999995,0.9001706484641636,0.6886792452830188
1045,8_SM_001046,F,167.9,73.3,37.269999999999996,97.3,82.3,102.5,33.63000000000001,38.17,47.2,69.9,5.559999999999991,0.8810584228451666,0.6752503576537912
375,8_SM_000376,F,160.0,45.2,32.42,73.2,67.2,85.6,31.919999999999995,36.61,40.9,66.8,5.570000000000005,0.8718929254302102,0.6122754491017964
675,8_SM_000676,F,156.6,54.9,31.26,88.6,78.9,92.9,30.959999999999997,34.98,41.1,65.6,6.6400000000000095,0.8850771869639794,0.6265243902439025
3536,8_SM_003537,M,167.0,75.1,40.94,97.4,89.3,97.9,27.980000000000008,37.809999999999995,47.0,64.6,5.770000000000005,0.7400158688177734,0.7275541795665635
3042,8_SM_003043,M,182.1,79.4,42.39,99.8,77.2,95.2,34.39,40.58,46.2,75.3,7.3799999999999955,0.8474618038442583,0.6135458167330677
360,8_SM_000361,F,163.1,57.8,34.5,89.3,73.4,90.3,32.0,35.019999999999996,44.9,66.1,6.75,0.9137635636778985,0.6792738275340394
977,8_SM_000978,F,159.6,57.5,35.93,87.2,74.9,96.8,30.509999999999998,37.4,43.6,67.2,5.4,0.8157754010695187,0.6488095238095238
2853,8_SM_002854,M,177.0,66.4,41.29,89.0,75.2,93.4,33.419999999999995,38.36,46.8,72.3,8.9,0.8712200208550572,0.6473029045643154
2805,8_SM_002806,M,172.4,66.2,36.58,93.8,77.4,92.0,33.22,38.95,43.1,71.9,7.790000000000009,0.8528883183568677,0.5994436717663422
1368,8_SM_001369,F,164.4,52.2,32.839999999999996,83.1,67.9,92.3,33.94,37.11,45.1,69.8,7.220000000000004,0.9145782807868499,0.6461318051575932
1049,8_SM_001050,F,167.2,51.5,36.980000000000004,75.0,67.5,95.3,34.05,36.08,45.9,68.6,6.75,0.9437361419068736,0.6690962099125365
3041,8_SM_003042,M,182.3,81.2,39.61,97.0,82.5,101.4,36.12,42.58,45.8,76.4,6.3700000000000045,0.8482855800845467,0.5994764397905759
475,8_SM_000476,F,158.1,58.7,31.610000000000003,90.4,78.2,96.5,29.059999999999995,34.64,45.2,63.9,5.690000000000009,0.8389145496535795,0.7073552425665103
2725,8_SM_002726,M,179.5,68.3,37.05,90.6,79.9,95.8,33.080000000000005,39.815999999999995,46.1,74.9,8.389999999999986,0.830821780188869,0.6154873164218958
3368,8_SM_003369,M,172.8,72.7,39.69,94.9,82.2,97.0,28.159999999999997,41.029999999999994,44.1,71.1,7.319999999999982,0.6863270777479893,0.6202531645569621
3694,8_SM_003695,M,184.0,80.7,41.64,95.4,84.7,98.9,31.079999999999995,43.96,47.8,76.8,6.940000000000009,0.7070063694267514,0.6223958333333334
1411,8_SM_001412,F,158.3,43.9,33.339999999999996,79.9,65.3,87.8,32.43,36.05,41.1,66.8,6.779999999999996,0.8995839112343967,0.6152694610778443
3641,8_SM_003642,M,183.0,71.4,40.11,88.3,84.6,95.7,33.62,43.2,47.0,75.4,10.840000000000009,0.7782407407407407,0.623342175066313
4015,8_SM_004016,M,170.0,65.6,38.75,92.8,82.9,90.2,32.75000000000001,39.029999999999994,43.8,70.8,6.180000000000018,0.839098129643864,0.6186440677966102
4252,8_SM_004253,M,179.8,83.8,40.43,102.0,93.8,97.6,33.25,41.42,48.2,75.5,8.310000000000013,0.8027522935779816,0.6384105960264901
1564,8_SM_001565,F,160.0,80.4,36.589999999999996,103.7,94.2,109.7,29.21999999999999,36.02,42.4,66.3,5.639999999999986,0.8112159911160464,0.6395173453996984
3414,8_SM_003415,M,184.1,75.4,41.65,93.4,82.4,97.4,35.19,42.64,48.5,76.9,11.059999999999992,0.8252814258911819,0.6306892067620286
1271,8_SM_001272,F,154.5,46.2,35.089999999999996,78.4,70.6,89.2,29.560000000000002,34.04,40.8,61.9,6.6299999999999955,0.8683901292596946,0.6591276252019386
2109,8_SM_002110,F,156.0,68.5,36.3,97.4,88.6,100.2,27.840000000000003,34.370000000000005,44.1,62.5,7.209999999999991,0.8100087285423334,0.7056
3530,8_SM_003531,M,174.6,78.1,38.0,97.7,82.4,98.5,31.189999999999998,41.0,46.5,72.4,6.95,0.7607317073170731,0.6422651933701657
3569,8_SM_003570,M,172.0,51.3,37.03,79.0,66.6,81.6,30.720000000000006,41.51,47.4,70.7,6.85,0.740062635509516,0.6704384724186704
1570,8_SM_001571,F,159.0,54.8,35.38,83.8,75.0,89.9,30.330000000000005,35.98,41.7,66.2,6.279999999999996,0.8429683157309619,0.6299093655589124
4230,8_SM_004231,M,170.5,67.2,40.67,100.1,88.6,91.0,30.259999999999998,39.83,43.1,69.5,6.6200000000000045,0.7597288476023099,0.6201438848920864
1265,8_SM_001266,F,161.5,58.2,34.53,88.8,81.1,96.5,30.580000000000002,38.61,44.6,67.5,6.929999999999995,0.7920227920227921,0.6607407407407407
1714,8_SM_001715,F,161.1,50.0,34.92,74.5,64.9,94.0,30.110000000000003,38.52,40.9,67.3,7.8800000000000185,0.7816718587746625,0.6077265973254086
1267,8_SM_001268,F,158.5,46.9,35.61,79.7,67.1,89.5,30.96999999999999,33.52,45.3,64.3,7.8,0.9239260143198087,0.7045101088646967
4371,8_SM_004372,M,180.7,87.8,43.03,101.5,96.8,104.2,31.160000000000004,40.87,47.7,72.4,9.479999999999995,0.7624174210912651,0.6588397790055248
4388,8_SM_004389,M,173.9,85.1,37.64,103.5,100.3,105.2,33.02,42.26,45.9,74.7,8.54000000000001,0.7813535257927119,0.6144578313253012
3322,8_SM_003323,M,160.1,68.2,38.9,96.5,82.8,96.5,29.309999999999995,35.57000000000001,44.0,63.5,1.7800000000000182,0.8240089963452344,0.6929133858267716
2955,8_SM_002956,M,170.7,65.8,39.44,88.0,72.8,95.0,31.689999999999998,39.78,43.9,71.0,7.610000000000014,0.7966314731020613,0.6183098591549295
79,8_SM_000080,F,160.8,55.0,34.410000000000004,83.4,69.2,96.0,31.76,35.019999999999996,44.4,64.2,5.189999999999986,0.9069103369503142,0.6915887850467289
1187,8_SM_001188,F,156.0,64.0,37.96,89.8,83.8,99.6,28.559999999999995,37.42,39.8,65.4,7.680000000000018,0.7632282202030998,0.6085626911314984
824,8_SM_000825,F,159.0,58.6,35.1,85.6,73.3,101.0,31.2,34.989999999999995,42.3,64.8,7.190000000000009,0.8916833380965992,0.6527777777777778
1867,8_SM_001868,F,153.3,61.1,35.33,99.7,87.2,96.0,27.25,33.3,44.7,60.0,9.070000000000004,0.8183183183183184,0.745
2235,8_SM_002236,F,154.5,47.9,35.69,74.6,67.5,92.6,27.410000000000004,34.9,41.1,61.3,8.389999999999986,0.7853868194842408,0.67047308319739
2741,8_SM_002742,M,174.6,69.0,36.44,88.1,86.9,95.1,30.6,39.21,47.0,69.7,7.690000000000009,0.7804131599081867,0.6743185078909613
693,8_SM_000694,F,152.9,66.9,32.81,97.6,89.9,98.6,31.02,34.44,43.6,63.2,5.529999999999996,0.9006968641114983,0.689873417721519
4426,8_SM_004427,M,170.6,73.7,39.760000000000005,95.3,92.9,98.0,32.31,40.39,42.8,72.6,6.8,0.7999504827927705,0.5895316804407713
2120,8_SM_002121,F,161.0,50.3,35.980000000000004,82.8,77.8,86.2,31.240000000000002,36.58,41.2,65.8,6.460000000000013,0.854018589393111,0.6261398176291794
133,8_SM_000134,F,159.2,51.3,34.38,86.0,74.5,91.4,32.39,35.7,41.4,65.7,4.939999999999986,0.9072829131652661,0.6301369863013698
1154,8_SM_001155,F,153.8,44.6,33.260000000000005,76.3,68.1,85.3,30.459999999999997,35.08,41.9,63.8,6.159999999999991,0.8683010262257697,0.6567398119122257
943,8_SM_000944,F,167.4,75.3,39.64,99.7,87.4,106.1,29.890000000000004,37.14,45.9,66.6,6.429999999999995,0.8047926763597201,0.6891891891891893
938,8_SM_000939,F,168.8,61.4,35.36,89.7,75.4,94.8,33.7,39.739999999999995,46.2,72.5,4.7,0.8480120785103172,0.6372413793103449
833,8_SM_000834,F,159.8,53.5,33.660000000000004,85.4,73.7,88.8,35.73,36.040000000000006,44.5,68.8,5.320000000000005,0.991398446170921,0.6468023255813954
3537,8_SM_003538,M,167.2,65.8,38.489999999999995,89.2,80.1,92.5,29.090000000000003,38.06,45.1,67.3,7.179999999999995,0.7643194955333684,0.6701337295690937
4119,8_SM_004120,M,179.4,75.4,41.64,99.1,88.3,99.3,35.15,42.85,45.1,76.8,9.170000000000005,0.8203033838973162,0.5872395833333334
1546,8_SM_001547,F,165.1,63.2,35.3,87.0,77.5,99.1,31.959999999999997,37.839999999999996,43.5,69.8,6.479999999999995,0.8446088794926004,0.6232091690544412
1229,8_SM_001230,F,152.9,57.6,34.06,91.5,77.8,94.4,30.629999999999995,35.12,40.4,64.2,5.579999999999996,0.8721526195899771,0.6292834890965732
509,8_SM_000510,F,164.0,52.8,34.11,85.5,68.8,93.8,33.19,36.66,44.7,68.4,7.529999999999996,0.9053464266230223,0.6535087719298246
4520,8_SM_004521,M,176.0,69.1,40.29,90.3,84.2,93.1,30.740000000000002,37.54,50.6,68.6,9.2,0.818859882791689,0.7376093294460643
2410,8_SM_002411,F,152.2,57.8,35.06,93.0,85.8,92.7,26.310000000000002,34.19,44.9,59.4,7.3599999999999905,0.7695232524129864,0.7558922558922558
2011,8_SM_002012,F,165.7,50.2,36.38,86.1,68.2,87.2,32.67,37.68,43.8,68.6,6.8900000000000095,0.8670382165605096,0.6384839650145773
2449,8_SM_002450,F,155.8,62.9,35.13,97.8,86.9,99.9,28.339999999999996,37.160000000000004,42.4,64.0,5.659999999999991,0.7626480086114099,0.6625
3095,8_SM_003096,M,175.4,70.9,35.64,96.0,83.0,99.0,32.440000000000005,39.95,49.5,71.8,8.270000000000005,0.8120150187734669,0.6894150417827298
1973,8_SM_001974,F,163.6,57.1,34.67,80.5,69.5,94.8,31.380000000000006,37.58,45.7,67.4,6.3799999999999955,0.8350186269292179,0.6780415430267062
1399,8_SM_001400,F,158.6,73.1,35.31,96.0,82.7,109.8,29.1,35.63,45.0,65.2,4.8800000000000185,0.8167274768453551,0.6901840490797546
904,8_SM_000905,F,161.8,44.9,34.019999999999996,74.2,69.0,86.8,33.720000000000006,35.11,42.4,67.4,7.960000000000013,0.9604101395613787,0.629080118694362
838,8_SM_000839,F,162.5,55.8,34.5,89.4,79.0,89.8,32.07,36.58,45.1,67.3,5.95,0.8767085839256424,0.6701337295690937
460,8_SM_000461,F,161.0,54.5,35.43,83.4,73.4,95.3,32.39,36.959999999999994,45.1,68.2,6.479999999999995,0.876352813852814,0.6612903225806451
2538,8_SM_002539,M,177.7,71.2,37.25,92.7,74.6,94.6,38.989999999999995,41.5,45.6,78.7,7.309999999999991,0.9395180722891565,0.579415501905972
1698,8_SM_001699,F,161.8,63.2,34.7,90.3,79.3,102.1,29.48,37.31,44.6,67.9,6.789999999999987,0.790136692575717,0.6568483063328424
4218,8_SM_004219,M,174.0,68.0,39.36,91.8,87.8,93.3,32.52,41.72,45.8,72.2,8.389999999999986,0.7794822627037393,0.6343490304709141
3766,8_SM_003767,M,173.8,85.5,42.089999999999996,102.2,87.8,104.5,29.379999999999995,37.089999999999996,48.2,67.6,8.020000000000005,0.7921272580210299,0.71301775147929
4202,8_SM_004203,M,164.1,69.1,39.15,99.6,88.4,91.2,29.02,36.7,43.5,63.5,8.789999999999987,0.7907356948228882,0.6850393700787402
4163,8_SM_004164,M,161.5,58.5,38.1,85.1,81.0,91.7,32.16,35.019999999999996,43.5,64.6,7.8800000000000185,0.9183323814962878,0.6733746130030961
659,8_SM_000660,F,156.3,47.8,31.939999999999998,79.3,76.0,89.0,33.81,36.739999999999995,39.7,68.5,6.460000000000013,0.9202504082743606,0.5795620437956205
174,8_SM_000175,F,154.4,41.6,34.980000000000004,77.2,65.9,84.0,32.8,33.86,42.1,65.1,5.059999999999991,0.9686946249261665,0.6466973886328726
3579,8_SM_003580,M,180.6,98.3,42.83,107.5,99.2,109.0,30.669999999999998,41.4,48.3,73.8,6.65,0.7408212560386473,0.6544715447154471
3234,8_SM_003235,M,159.0,62.9,38.39,94.6,84.5,95.3,28.49,36.11,41.8,64.4,7.190000000000009,0.7889781224037662,0.6490683229813664
38,8_SM_000039,F,161.1,53.6,35.64,83.7,73.2,90.0,30.71,34.400999999999996,45.7,63.7,8.2,0.8927066073660651,0.717425431711146
3659,8_SM_003660,M,175.6,76.4,39.739999999999995,99.4,91.6,101.9,31.779999999999994,42.87,47.4,74.5,7.15,0.7413109400513178,0.636241610738255
1896,8_SM_001897,F,158.5,52.0,38.25,79.8,67.9,93.7,32.65,33.5,43.9,64.8,7.310000000000014,0.9746268656716417,0.6774691358024691
723,8_SM_000724,F,165.9,56.8,33.58,81.1,73.6,94.2,32.5,39.059999999999995,44.5,68.4,5.45,0.8320532514080902,0.6505847953216374
90,8_SM_000091,F,165.9,62.9,36.54,94.5,78.6,101.5,32.81,36.0,46.6,68.0,5.070000000000005,0.9113888888888889,0.6852941176470588
2229,8_SM_002230,F,146.2,56.3,32.44,92.3,90.3,92.3,26.890000000000004,32.74,42.2,59.4,5.459999999999991,0.8213194868662188,0.7104377104377105
1220,8_SM_001221,F,159.9,50.7,33.54,82.8,68.8,88.4,30.839999999999996,36.92,44.4,66.5,7.6200000000000045,0.8353196099674971,0.6676691729323309
2945,8_SM_002946,M,163.2,71.3,38.760000000000005,92.7,89.2,98.7,28.610000000000003,39.25,40.7,69.5,7.540000000000009,0.7289171974522294,0.585611510791367
4098,8_SM_004099,M,161.4,53.2,38.71,90.3,82.2,84.7,28.560000000000002,35.17,40.5,63.0,6.7,0.8120557293147569,0.6428571428571429
1825,8_SM_001826,F,162.6,52.3,33.37,78.3,71.5,90.8,32.21,37.86,41.7,68.4,6.320000000000005,0.8507659799260433,0.6096491228070176
3543,8_SM_003544,M,177.3,71.4,38.43,95.8,86.3,93.0,28.720000000000006,41.55,48.5,71.3,7.810000000000014,0.6912154031287607,0.6802244039270687
3361,8_SM_003362,M,156.9,74.2,37.55,97.3,92.8,104.9,26.15,34.78,43.8,61.5,6.720000000000004,0.7518688901667624,0.7121951219512195
3175,8_SM_003176,M,174.6,77.6,41.339999999999996,97.6,84.8,100.5,33.38000000000001,39.209999999999994,48.4,70.8,6.240000000000009,0.8513134404488655,0.6836158192090396
1842,8_SM_001843,F,153.2,56.3,36.339999999999996,90.8,84.5,92.6,28.6,35.15,43.2,61.1,6.1199999999999815,0.8136557610241821,0.707037643207856
1169,8_SM_001170,F,158.0,81.9,37.68,102.0,92.4,115.2,28.540000000000003,37.6,41.0,64.6,5.690000000000009,0.7590425531914894,0.6346749226006192
1339,8_SM_001340,F,169.7,56.3,37.660000000000004,82.6,71.9,94.2,34.239999999999995,38.260000000000005,47.2,70.9,8.029999999999996,0.8949294302143228,0.6657263751763046
218,8_SM_000219,F,173.7,73.9,39.25,95.9,83.6,107.0,32.78000000000001,38.44,47.6,69.0,6.329999999999996,0.8527575442247661,0.6898550724637681
3455,8_SM_003456,M,179.5,118.8,42.11,118.6,117.1,116.7,32.260000000000005,40.34,51.789999999999985,72.1,7.159999999999991,0.7997025285076848,0.7183079056865463
515,8_SM_000516,F,148.0,61.5,29.339999999999996,98.6,88.3,96.4,30.380000000000003,31.3,44.9,59.3,5.310000000000014,0.9706070287539936,0.7571669477234402
1695,8_SM_001696,F,161.2,46.3,36.75,71.7,62.4,89.7,32.120000000000005,37.12,45.1,68.5,7.990000000000009,0.8653017241379313,0.6583941605839416
504,8_SM_000505,F,164.0,56.7,34.78,83.5,73.6,96.7,32.95,38.04,42.2,70.7,6.510000000000014,0.8661934805467929,0.596888260254597
4105,8_SM_004106,M,170.8,76.3,39.089999999999996,97.5,100.5,101.7,28.190000000000005,37.0,46.2,65.3,8.559999999999992,0.761891891891892,0.7075038284839205
1871,8_SM_001872,F,153.8,56.4,35.31,91.4,81.2,94.7,26.829999999999995,31.920000000000005,25.0,58.6,7.689999999999986,0.8405388471177941,0.4266211604095563
1403,8_SM_001404,F,162.9,58.5,35.730000000000004,91.4,80.5,91.1,31.9,38.68,41.8,69.5,7.8700000000000045,0.8247156153050672,0.6014388489208633
1534,8_SM_001535,F,160.2,54.1,36.12,82.9,74.6,94.5,32.419999999999995,36.440000000000005,41.7,68.3,7.459999999999991,0.8896816684961578,0.6105417276720352
3776,8_SM_003777,M,179.5,79.0,41.739999999999995,94.2,83.6,102.6,33.11,42.92,44.8,76.5,7.5,0.77143522833178,0.5856209150326797
2401,8_SM_002402,F,152.0,57.2,34.89,98.2,86.8,91.6,28.220000000000006,34.17,43.2,61.5,6.029999999999996,0.8258706467661693,0.702439024390244
4338,8_SM_004339,M,168.1,66.2,38.83,89.0,81.8,91.7,28.910000000000004,36.42,49.2,65.3,7.409999999999991,0.7937946183415706,0.7534456355283309
3273,8_SM_003274,M,173.4,78.0,38.9,99.6,88.7,100.5,29.170000000000005,41.25,50.2,69.3,6.9100000000000135,0.7071515151515153,0.7243867243867245
2091,8_SM_002092,F,164.7,70.9,37.67,98.3,86.9,99.5,30.85,38.519999999999996,46.1,68.6,4.0,0.800882658359294,0.6720116618075802
1555,8_SM_001556,F,152.1,47.3,33.93,81.8,69.8,87.1,27.8,33.55,41.6,61.8,7.020000000000005,0.8286140089418779,0.6731391585760519
1232,8_SM_001233,F,159.5,56.3,35.61,84.8,80.4,96.5,31.520000000000003,36.059999999999995,41.7,66.8,6.959999999999991,0.8740987243483086,0.6242514970059881
2703,8_SM_002704,M,180.3,64.1,40.980000000000004,92.9,76.9,91.6,36.95,43.33,46.6,78.4,8.110000000000014,0.8527579044541889,0.5943877551020408
2864,8_SM_002865,M,186.2,93.1,44.010000000000005,104.8,89.7,103.2,34.339999999999996,44.970000000000006,27.2,80.2,8.39000000000001,0.7636201912386034,0.3391521197007481
3016,8_SM_003017,M,171.1,58.3,39.57,83.9,72.0,88.0,33.06,40.4,43.7,73.0,8.4,0.8183168316831684,0.5986301369863014
1431,8_SM_001432,F,165.0,58.5,36.57,86.3,74.9,93.1,32.989999999999995,36.69,44.0,68.6,6.170000000000004,0.8991550831289179,0.641399416909621
2232,8_SM_002233,F,161.3,59.4,37.94,89.9,79.5,94.5,28.540000000000003,38.15,47.1,65.8,6.189999999999986,0.7480996068152033,0.7158054711246201
1206,8_SM_001207,F,159.4,65.0,37.8,94.8,82.9,96.8,28.409999999999997,35.94,42.9,62.8,8.6,0.7904841402337228,0.6831210191082803
1691,8_SM_001692,F,156.8,64.6,36.1,97.3,84.6,100.6,30.04,34.57,43.1,63.4,6.970000000000004,0.8689615273358403,0.6798107255520505
1212,8_SM_001213,F,168.1,60.0,33.089999999999996,82.9,71.7,100.3,32.239999999999995,37.769999999999996,47.9,69.8,7.4100000000000135,0.8535875033095048,0.6862464183381088
1557,8_SM_001558,F,158.4,37.9,33.8,70.3,57.2,81.5,30.230000000000008,36.75,42.6,67.2,8.45,0.8225850340136056,0.6339285714285714
3339,8_SM_003340,M,175.9,77.7,39.58,97.5,84.0,99.9,32.13,40.839999999999996,48.0,72.3,8.130000000000019,0.786728697355534,0.6639004149377593
3362,8_SM_003363,M,167.7,59.6,36.96,87.0,73.2,89.0,27.229999999999997,40.290000000000006,50.1,69.1,8.75,0.6758500868701909,0.7250361794500725
2983,8_SM_002984,M,175.3,73.2,37.989999999999995,94.4,80.0,96.6,34.120000000000005,40.5,46.1,74.3,8.45999999999999,0.8424691358024693,0.6204576043068641
2559,8_SM_002560,M,173.4,58.5,37.55,82.0,69.1,89.7,33.540000000000006,37.08,47.3,69.8,7.810000000000014,0.9045307443365698,0.6776504297994269
963,8_SM_000964,F,157.8,49.4,34.17,81.6,69.8,88.3,29.439999999999998,35.260000000000005,42.6,64.2,5.65,0.83494044242768,0.6635514018691588
3179,8_SM_003180,M,170.8,67.5,39.46,96.3,78.0,92.5,31.930000000000007,40.879999999999995,45.9,72.0,7.679999999999995,0.7810665362035227,0.6375
3114,8_SM_003115,M,166.7,70.8,39.97,95.8,89.4,98.3,27.370000000000005,39.22,44.1,68.6,6.3,0.6978582355940848,0.6428571428571429
2657,8_SM_002658,M,171.4,66.7,38.38,95.1,80.0,94.0,34.18,40.21,43.5,72.6,8.05,0.8500373041531957,0.5991735537190083
760,8_SM_000761,F,166.4,57.1,34.56,85.2,79.7,94.7,33.209999999999994,38.68,44.6,70.0,6.45,0.8585832471561529,0.6371428571428571
2727,8_SM_002728,M,185.3,78.6,39.54,96.5,81.4,100.6,36.8,42.55,49.9,77.4,7.070000000000005,0.8648648648648648,0.6447028423772609
3971,8_SM_003972,M,167.2,65.9,40.160000000000004,91.4,78.7,92.6,30.089999999999996,40.790000000000006,45.1,69.3,7.029999999999996,0.7376808041186563,0.6507936507936508
236,8_SM_000237,F,168.2,59.4,34.160000000000004,89.7,78.2,93.9,34.67999999999999,36.25,46.1,69.5,7.409999999999991,0.9566896551724136,0.6633093525179856
742,8_SM_000743,F,168.6,63.9,36.43,86.2,77.5,99.0,33.3,38.54,43.6,70.4,7.3399999999999865,0.8640373637778931,0.6193181818181818
1253,8_SM_001254,F,162.5,46.4,35.769999999999996,77.3,70.4,88.8,32.83,39.160000000000004,39.9,69.7,7.570000000000005,0.838355464759959,0.5724533715925394
4327,8_SM_004328,M,172.2,67.0,37.1,88.7,81.1,93.9,32.75000000000001,37.839999999999996,47.9,70.4,7.220000000000004,0.8654862579281186,0.6803977272727272
1170,8_SM_001171,F,159.5,56.5,37.13,88.4,79.7,92.3,32.83,36.79,42.4,67.8,6.479999999999995,0.8923620549062244,0.6253687315634219
640,8_SM_000641,F,157.9,42.4,31.55,74.0,60.7,84.6,31.409999999999997,34.85,44.1,65.2,6.460000000000013,0.9012912482065996,0.6763803680981595
3332,8_SM_003333,M,179.5,81.1,42.03,99.5,82.1,100.0,32.44,43.65,53.4,73.9,8.10999999999999,0.743184421534937,0.7225981055480378
2460,8_SM_002461,F,164.5,64.3,39.46,88.4,79.5,101.2,30.870000000000005,38.12,45.0,67.6,6.970000000000004,0.8098111227701995,0.6656804733727811
3005,8_SM_003006,M,182.5,65.5,38.93,84.7,71.8,92.2,31.229999999999997,44.65,48.0,76.6,8.479999999999995,0.6994400895856663,0.6266318537859008
1224,8_SM_001225,F,161.0,58.0,36.14,87.9,76.5,92.8,32.95,35.98,45.2,67.5,5.290000000000009,0.9157865480822681,0.6696296296296297
1079,8_SM_001080,F,160.4,52.9,36.72,85.0,74.9,89.0,35.14,37.56,41.3,70.1,7.570000000000005,0.9355697550585729,0.5891583452211127
3821,8_SM_003822,M,172.4,69.1,37.989999999999995,98.6,76.5,93.5,34.169999999999995,38.0,49.0,69.1,7.189999999999986,0.8992105263157893,0.7091172214182345
2171,8_SM_002172,F,161.0,48.6,33.86,83.4,71.2,89.0,32.35,34.25,43.8,65.3,7.570000000000005,0.9445255474452555,0.6707503828483921
1076,8_SM_001077,F,158.2,49.3,35.78,78.6,66.9,88.2,33.870000000000005,37.010000000000005,43.6,67.9,5.610000000000014,0.915158065387733,0.642120765832106
2638,8_SM_002639,M,180.2,79.3,41.28,98.6,80.7,99.5,35.89,40.629999999999995,47.8,75.4,9.54000000000001,0.8833374353925671,0.6339522546419097
1181,8_SM_001182,F,157.8,42.4,34.17,74.8,66.3,85.8,33.739999999999995,36.730000000000004,39.5,68.5,6.270000000000005,0.9185951538252107,0.5766423357664233
3259,8_SM_003260,M,174.1,66.8,38.58,91.1,75.5,91.6,31.97,42.410000000000004,47.0,73.9,8.980000000000018,0.7538316434803112,0.6359945872801082
3693,8_SM_003694,M,175.4,72.7,39.69,94.2,83.2,96.0,32.01,42.19,46.8,73.8,7.829999999999996,0.758710594927708,0.6341463414634146
3612,8_SM_003613,M,176.6,86.5,39.67,107.4,95.7,104.4,32.54,44.330000000000005,46.0,75.9,6.8900000000000095,0.734040153394992,0.606060606060606
1507,8_SM_001508,F,157.8,53.5,36.11,83.0,66.3,91.1,29.839999999999996,35.69,42.2,66.1,6.329999999999996,0.8360885402073409,0.638426626323752
2960,8_SM_002961,M,173.4,82.2,37.58,104.6,77.2,99.8,34.96999999999999,38.17,47.9,71.2,7.610000000000014,0.9161645271155355,0.672752808988764
3018,8_SM_003019,M,167.5,77.2,36.13,100.2,92.7,97.0,30.639999999999997,39.55,45.4,69.6,5.610000000000014,0.7747155499367888,0.6522988505747127
3130,8_SM_003131,M,184.7,95.1,40.22,110.1,88.5,104.6,31.929999999999996,39.68,46.2,79.2,8.1,0.8046874999999999,0.5833333333333334
4099,8_SM_004100,M,174.5,83.8,41.25,106.4,103.3,99.0,29.65,39.53,47.5,69.2,5.770000000000005,0.7500632431065013,0.6864161849710982
4291,8_SM_004292,M,168.0,64.2,37.67,93.5,88.6,91.4,32.7,38.37,41.9,70.3,6.529999999999996,0.8522283033620017,0.5960170697012802
3174,8_SM_003175,M,177.1,75.4,39.47,98.5,83.5,97.8,31.160000000000004,40.03,47.0,71.5,7.979999999999995,0.7784161878591057,0.6573426573426573
894,8_SM_000895,F,173.2,60.1,36.53,83.7,72.6,96.8,33.61,39.75,50.2,71.6,6.040000000000009,0.8455345911949685,0.7011173184357543
144,8_SM_000145,F,162.9,59.1,34.42,94.3,83.1,95.0,32.17,39.9,40.5,70.3,5.009999999999991,0.806265664160401,0.5761024182076814
1405,8_SM_001406,F,169.0,82.0,38.18,102.8,87.0,106.7,30.629999999999995,38.370000000000005,49.0,68.9,5.95,0.7982799061767003,0.7111756168359942
3634,8_SM_003635,M,185.4,113.9,41.53,110.5,108.3,117.4,27.54000000000001,43.839999999999996,53.4,72.0,8.909999999999991,0.6281934306569346,0.7416666666666667
860,8_SM_000861,F,162.8,50.6,36.75,81.3,71.0,89.9,30.869999999999994,37.13,45.1,65.8,7.860000000000014,0.8314031780231617,0.6854103343465046
3692,8_SM_003693,M,176.8,73.3,34.94,95.8,79.2,92.6,34.43000000000001,41.32,47.3,75.0,7.529999999999996,0.8332526621490806,0.6306666666666666
3512,8_SM_003513,M,180.9,79.3,42.6,95.8,82.7,99.0,33.35,41.959999999999994,48.6,75.0,7.740000000000009,0.7948045757864635,0.648
2804,8_SM_002805,M,176.5,67.7,40.489999999999995,93.0,80.3,95.6,33.65,40.75,45.4,73.4,7.970000000000004,0.8257668711656442,0.6185286103542234
727,8_SM_000728,F,162.2,70.5,37.480000000000004,92.8,86.3,105.9,30.79,33.83,45.4,63.0,5.8799999999999955,0.9101389299438368,0.7206349206349206
1834,8_SM_001835,F,156.4,45.0,36.010000000000005,77.5,68.5,88.5,30.999999999999993,34.7,42.1,64.7,6.919999999999982,0.8933717579250717,0.6506955177743431
2517,8_SM_002518,F,158.0,64.2,35.57,94.0,84.4,96.6,29.0,33.7,44.0,61.5,6.529999999999996,0.8605341246290801,0.7154471544715447
267,8_SM_000268,F,165.0,57.4,35.58,87.3,72.8,95.2,32.9,37.79,41.7,68.6,6.679999999999995,0.8706006880127017,0.6078717201166182
75,8_SM_000076,F,169.6,58.7,33.42,82.2,75.8,99.0,35.279999999999994,38.15,47.1,71.1,5.919999999999982,0.9247706422018347,0.6624472573839664
4043,8_SM_004044,M,172.0,78.7,43.79,96.1,94.9,103.5,28.53,39.79,46.4,68.5,6.559999999999991,0.7170143252073385,0.6773722627737226
4407,8_SM_004408,M,177.8,74.7,42.62,100.4,88.1,95.0,30.990000000000002,42.32000000000001,48.0,73.7,6.5899999999999865,0.7322778827977315,0.6512890094979646
2507,8_SM_002508,F,173.1,59.6,37.010000000000005,88.4,75.7,93.5,31.97,38.82000000000001,50.8,70.3,8.529999999999996,0.8235445646573929,0.7226173541963016
398,8_SM_000399,F,156.4,53.4,31.47,82.6,70.0,92.5,30.569999999999993,33.45,42.5,61.7,6.639999999999986,0.9139013452914796,0.6888168557536466
4195,8_SM_004196,M,167.5,60.2,39.85,86.7,78.9,89.0,30.9,37.220000000000006,43.6,66.7,8.090000000000009,0.8301988178398708,0.6536731634182908
2239,8_SM_002240,F,157.1,51.8,33.57,79.0,73.8,94.5,29.85,34.26,43.3,63.1,8.529999999999996,0.8712784588441332,0.6862123613312202
3124,8_SM_003125,M,184.2,94.3,41.089999999999996,108.0,94.6,112.1,34.59,43.85,48.0,79.0,8.309999999999992,0.7888255416191563,0.6075949367088608
4397,8_SM_004398,M,180.5,86.7,42.339999999999996,102.9,96.5,102.7,32.78,43.220000000000006,46.0,76.2,8.520000000000005,0.7584451642757981,0.6036745406824147
399,8_SM_000400,F,162.2,58.3,33.760000000000005,85.4,78.8,94.0,34.11,37.35,39.0,71.0,6.459999999999991,0.9132530120481928,0.5492957746478874
1380,8_SM_001381,F,161.5,53.6,34.13,78.6,65.1,92.0,31.160000000000004,33.9,48.4,63.3,7.8699999999999815,0.9191740412979352,0.764612954186414
4143,8_SM_004144,M,172.5,74.7,41.37,96.5,91.5,97.8,27.090000000000003,41.3,46.0,68.2,7.329999999999996,0.6559322033898306,0.6744868035190615
1918,8_SM_001919,F,152.5,51.9,34.339999999999996,89.7,81.3,89.7,30.46,33.56,42.5,62.3,6.780000000000018,0.9076281287246722,0.6821829855537721
601,8_SM_000602,F,169.7,57.8,33.81,85.8,70.9,93.3,34.83,38.5,47.0,71.6,7.509999999999991,0.9046753246753246,0.6564245810055866
2124,8_SM_002125,F,161.7,71.1,34.160000000000004,102.7,92.8,101.3,28.21,38.33,44.8,66.2,7.3900000000000095,0.735977041481868,0.6767371601208458
4009,8_SM_004010,M,169.7,73.2,40.589999999999996,100.5,95.3,95.0,32.28000000000001,38.22,43.6,69.2,6.920000000000004,0.8445839874411305,0.630057803468208
1311,8_SM_001312,F,158.6,53.8,35.410000000000004,85.0,73.0,95.7,34.71,35.36,42.9,66.7,6.679999999999995,0.9816176470588236,0.6431784107946027
1836,8_SM_001837,F,152.4,59.7,34.93,91.9,93.2,92.2,25.169999999999995,34.11,43.0,60.3,6.420000000000004,0.7379067722075636,0.713101160862355
882,8_SM_000883,F,165.6,56.0,34.67,87.0,70.7,96.1,31.950000000000006,37.39,47.0,67.4,6.8599999999999905,0.854506552554159,0.6973293768545994
2936,8_SM_002937,M,167.2,58.5,39.89,87.7,73.8,89.5,29.49,39.2,42.7,68.5,7.85,0.7522959183673469,0.6233576642335766
2279,8_SM_002280,F,152.7,44.1,33.61,78.6,65.7,82.5,29.5,34.71,25.4,63.1,6.340000000000009,0.8498991645059061,0.40253565768621236
2341,8_SM_002342,F,160.0,48.7,35.12,82.2,70.3,89.6,31.93,36.47,44.6,67.5,5.1099999999999905,0.8755141211955032,0.6607407407407407
1563,8_SM_001564,F,161.2,56.4,35.6,83.1,75.8,94.5,29.7,36.86,42.6,66.5,7.720000000000004,0.8057514921323928,0.6406015037593985
3823,8_SM_003824,M,178.1,78.0,39.019999999999996,96.4,86.6,100.6,32.730000000000004,42.32,43.2,74.1,8.480000000000018,0.7733931947069944,0.5829959514170041
3497,8_SM_003498,M,174.9,75.0,40.55,100.1,86.8,94.3,33.88,40.64,47.1,73.2,7.540000000000009,0.8336614173228347,0.6434426229508197
3908,8_SM_003909,M,174.1,69.2,38.13,95.9,80.7,94.3,31.25,40.21,49.1,71.0,8.010000000000014,0.7771698582442178,0.6915492957746479
36,8_SM_000037,F,160.4,52.5,36.54,82.6,69.5,90.5,32.58,35.589999999999996,42.2,66.7,3.65,0.9154256813711718,0.6326836581709145
3864,8_SM_003865,M,170.7,66.7,40.230000000000004,92.0,81.0,93.8,31.080000000000002,42.28,41.8,73.5,7.340000000000009,0.7350993377483444,0.5687074829931973
4244,8_SM_004245,M,169.5,69.6,40.45,93.4,85.9,98.0,28.279999999999994,38.15,48.1,66.6,8.629999999999995,0.7412844036697246,0.7222222222222223
2732,8_SM_002733,M,172.8,64.8,36.69,88.8,76.8,92.5,32.019999999999996,39.96,49.0,70.4,6.1299999999999955,0.8013013013013012,0.6960227272727272
4178,8_SM_004179,M,164.1,69.0,40.94,97.7,90.0,91.6,28.649999999999995,36.720000000000006,47.0,64.4,7.8599999999999905,0.7802287581699344,0.7298136645962733
2158,8_SM_002159,F,153.5,46.4,33.989999999999995,80.8,74.2,85.9,30.169999999999995,33.84,42.6,63.4,6.820000000000005,0.8915484633569738,0.6719242902208202
4212,8_SM_004213,M,172.6,73.3,40.2,96.8,90.9,96.6,32.599999999999994,38.292,48.7,69.9,8.229999999999995,0.8513527629792121,0.6967095851216023
1018,8_SM_001019,F,159.2,48.4,33.07,81.4,66.8,88.8,31.660000000000004,37.489999999999995,44.9,66.8,5.8,0.8444918644971995,0.6721556886227545
987,8_SM_000988,F,161.7,66.0,39.13,94.2,81.4,98.3,34.14,34.87,46.0,67.8,7.439999999999986,0.979065098938916,0.6784660766961652
1586,8_SM_001587,F,171.3,67.3,38.38,86.2,77.6,100.0,31.509999999999998,39.75,45.6,71.1,7.15,0.7927044025157233,0.6413502109704642
1136,8_SM_001137,F,159.5,54.1,36.230000000000004,82.8,72.1,92.0,30.089999999999996,37.24,42.0,65.3,6.240000000000009,0.808002148227712,0.6431852986217458
3817,8_SM_003818,M,164.6,54.9,37.4,86.8,71.0,88.1,33.29,37.06,39.7,69.7,9.240000000000009,0.8982730706961684,0.569583931133429
2808,8_SM_002809,M,176.5,76.0,39.95,97.6,83.8,98.0,32.300000000000004,39.54,49.2,71.2,7.770000000000005,0.8168942842690947,0.6910112359550562
2254,8_SM_002255,F,153.4,64.4,32.96,96.0,90.9,98.7,29.430000000000007,34.22,44.5,62.5,6.460000000000013,0.860023378141438,0.712
2990,8_SM_002991,M,174.5,84.9,39.8,108.3,89.2,100.5,31.240000000000002,39.82000000000001,51.8,70.9,6.559999999999991,0.7845303867403314,0.7306064880112834
2519,8_SM_002520,F,159.5,67.3,38.760000000000005,97.8,88.8,101.8,28.3,35.89,42.4,63.2,7.340000000000009,0.7885204792421288,0.670886075949367
1907,8_SM_001908,F,162.0,62.7,34.910000000000004,91.2,82.9,95.9,32.89,36.660000000000004,43.4,67.8,7.170000000000004,0.8971631205673758,0.640117994100295
3522,8_SM_003523,M,171.9,62.3,38.260000000000005,89.0,80.2,92.7,30.04,41.15,46.0,70.8,7.539999999999987,0.7300121506682867,0.6497175141242938
683,8_SM_000684,F,159.5,57.7,34.78,88.8,73.3,96.6,30.53000000000001,36.9,42.4,64.6,5.4100000000000135,0.8273712737127373,0.6563467492260062
2830,8_SM_002831,M,172.5,74.8,39.65,97.8,86.4,100.2,32.41,41.17,46.5,73.5,7.65,0.7872237065824629,0.6326530612244898
3091,8_SM_003092,M,173.9,78.7,41.519999999999996,98.2,94.0,98.4,28.229999999999997,40.57,48.5,68.4,7.009999999999991,0.6958343603648015,0.7090643274853801
3386,8_SM_003387,M,174.6,60.3,38.260000000000005,91.9,78.5,88.2,34.59,38.27,50.5,71.5,10.45999999999999,0.9038411288215312,0.7062937062937062
738,8_SM_000739,F,167.2,62.0,36.910000000000004,94.4,76.0,94.3,30.28,37.94,43.6,68.2,6.439999999999986,0.7981022667369532,0.6392961876832844
3548,8_SM_003549,M,182.0,90.3,41.69,103.7,95.1,99.1,33.27,45.39,47.1,78.1,7.420000000000004,0.7329808327825513,0.6030729833546735
3504,8_SM_003505,M,185.4,89.2,41.97,110.3,90.2,102.4,34.81,43.72,49.8,77.8,9.220000000000004,0.7962031107044831,0.6401028277634961
416,8_SM_000417,F,161.8,58.1,34.339999999999996,85.3,79.9,97.8,33.14,36.71,46.2,68.1,6.970000000000004,0.9027512939253609,0.6784140969162996
3180,8_SM_003181,M,173.0,78.5,42.68,100.2,86.5,99.5,33.33,38.55,43.4,69.7,7.670000000000004,0.864591439688716,0.6226685796269726
1531,8_SM_001532,F,158.3,56.1,34.980000000000004,89.8,80.3,88.0,28.829999999999995,37.089999999999996,40.2,65.9,7.680000000000018,0.7772984631976273,0.6100151745068285
1664,8_SM_001665,F,166.0,68.7,37.3,91.5,80.6,100.9,31.55,40.480000000000004,43.8,71.8,7.4,0.7793972332015809,0.6100278551532033
3629,8_SM_003630,M,175.8,58.9,40.89,88.2,72.8,86.5,33.260000000000005,40.35,46.2,72.9,7.0,0.8242874845105329,0.6337448559670782
835,8_SM_000836,F,158.5,48.4,34.9,81.2,69.2,87.0,29.599999999999994,35.68,41.7,64.5,6.790000000000009,0.8295964125560537,0.6465116279069768
3304,8_SM_003305,M,180.8,80.5,40.4,102.2,83.8,98.1,34.52,40.269999999999996,49.5,73.4,9.0,0.8572138068040727,0.6743869209809263
4031,8_SM_004032,M,176.0,100.0,39.14,115.5,101.9,106.2,32.64,38.79,49.1,70.9,6.659999999999991,0.8414539829853055,0.6925246826516219
623,8_SM_000624,F,160.5,68.4,32.05,93.7,83.3,102.1,33.010000000000005,35.529999999999994,46.5,66.0,5.139999999999986,0.9290740219532793,0.7045454545454546
114,8_SM_000115,F,154.2,53.0,33.57,85.3,76.8,95.4,31.329999999999995,31.46,45.2,59.9,7.1,0.9958677685950411,0.7545909849749584
421,8_SM_000422,F,160.0,65.2,33.43,96.5,86.6,94.1,28.880000000000003,34.72,46.8,63.1,6.3,0.8317972350230416,0.7416798732171156
3092,8_SM_003093,M,174.6,75.2,39.07,95.9,81.2,98.0,33.779999999999994,39.43,45.4,71.5,9.259999999999991,0.8567080902865837,0.634965034965035
1640,8_SM_001641,F,165.5,55.0,35.75,83.3,72.3,95.1,31.020000000000003,36.96,45.1,68.1,8.170000000000005,0.8392857142857143,0.6622613803230544
4498,8_SM_004499,M,166.2,61.4,37.980000000000004,94.3,78.0,93.4,29.520000000000003,37.4,45.8,65.6,7.729999999999995,0.7893048128342247,0.6981707317073171
2918,8_SM_002919,M,167.6,65.5,39.65,90.7,77.5,94.2,32.62,40.08,41.2,72.5,7.5,0.813872255489022,0.5682758620689655
4251,8_SM_004252,M,177.4,80.9,42.589999999999996,101.5,94.5,100.5,31.65,41.2,49.9,73.5,8.289999999999987,0.7682038834951456,0.6789115646258503
2097,8_SM_002098,F,165.6,56.7,36.42,79.8,71.9,97.7,31.689999999999998,36.32,45.9,66.3,7.840000000000009,0.872522026431718,0.6923076923076923
763,8_SM_000764,F,158.5,50.3,30.28,81.0,69.9,90.9,30.93,35.58,44.7,63.4,6.360000000000014,0.8693086003372682,0.7050473186119874
2566,8_SM_002567,M,177.6,69.0,37.32,92.9,76.9,95.4,33.92999999999999,41.15,47.8,75.0,7.6,0.8245443499392465,0.6373333333333333
4026,8_SM_004027,M,169.2,63.7,35.47,93.5,82.9,90.7,32.8,37.31,46.7,68.6,7.1200000000000045,0.879120879120879,0.6807580174927115
3411,8_SM_003412,M,166.0,63.5,38.44,95.0,81.1,90.0,31.5,39.58,40.7,70.8,7.1400000000000095,0.7958564931783729,0.574858757062147
4164,8_SM_004165,M,178.3,72.9,40.230000000000004,95.6,85.4,93.9,34.19,42.42,47.0,75.1,8.090000000000009,0.8059877416313059,0.6258322237017311
2459,8_SM_002460,F,163.2,48.1,33.65,74.7,69.0,89.4,32.29,37.84,44.3,68.0,8.259999999999991,0.8533298097251585,0.651470588235294
1080,8_SM_001081,F,165.1,69.9,35.11,94.5,85.6,102.2,31.959999999999997,37.67999999999999,44.8,67.9,8.509999999999991,0.848195329087049,0.6597938144329896
3970,8_SM_003971,M,167.4,102.3,38.53,111.9,105.0,112.5,25.379999999999995,37.32,50.2,63.8,4.6200000000000045,0.6800643086816719,0.7868338557993731
3555,8_SM_003556,M,181.6,86.8,40.14,97.0,93.8,103.9,32.31,41.75,51.3,73.2,8.979999999999995,0.7738922155688623,0.7008196721311475
2760,8_SM_002761,M,180.6,79.7,42.78,99.0,85.8,97.0,35.239999999999995,42.75,42.9,78.3,7.909999999999991,0.8243274853801168,0.5478927203065134
4057,8_SM_004058,M,173.5,73.9,41.12,96.9,90.7,98.5,33.839999999999996,38.99,46.5,72.4,7.789999999999987,0.8679148499615285,0.6422651933701657
1583,8_SM_001584,F,155.4,61.0,34.68,86.8,77.6,96.6,28.729999999999997,34.61,42.1,62.9,5.329999999999996,0.8301069055186362,0.6693163751987282
2442,8_SM_002443,F,153.4,58.7,35.839999999999996,94.9,86.0,88.9,26.979999999999997,35.57,42.1,62.8,5.3799999999999955,0.758504357604723,0.6703821656050956
3803,8_SM_003804,M,166.7,78.9,39.94,97.8,86.5,101.3,28.820000000000004,37.67,45.7,66.1,6.529999999999996,0.7650650384921689,0.6913767019667172
4221,8_SM_004222,M,167.0,63.3,37.93,89.7,81.0,90.6,29.019999999999992,36.64,46.9,64.8,5.270000000000005,0.7920305676855893,0.7237654320987654
1702,8_SM_001703,F,169.2,69.8,37.31,96.0,82.5,98.7,32.23,40.260000000000005,46.7,71.3,5.970000000000004,0.8005464480874315,0.6549789621318374
861,8_SM_000862,F,165.4,63.3,36.480000000000004,93.0,84.4,97.5,32.25,36.769999999999996,47.6,68.9,6.420000000000004,0.8770737013870004,0.690856313497823
3603,8_SM_003604,M,176.2,67.9,40.11,91.7,75.7,94.1,31.78,42.06,46.3,74.5,8.45,0.755587256300523,0.621476510067114
905,8_SM_000906,F,166.5,60.9,36.15,85.6,78.0,97.4,32.14999999999999,37.71,43.4,69.2,8.2,0.8525590029169979,0.6271676300578034
338,8_SM_000339,F,158.9,59.0,33.44,91.2,81.9,95.8,31.090000000000003,34.57,43.4,65.0,5.689999999999986,0.8993346832513741,0.6676923076923077
2861,8_SM_002862,M,181.8,93.7,38.5,105.3,95.2,110.2,30.810000000000002,41.28,50.9,74.5,8.05,0.7463662790697675,0.6832214765100671
3121,8_SM_003122,M,177.5,77.7,39.28,98.3,91.0,99.5,32.00000000000001,42.55,44.6,75.5,8.85999999999999,0.7520564042303175,0.5907284768211921
1363,8_SM_001364,F,160.1,50.2,35.31,80.4,65.3,88.3,31.300000000000004,36.22,43.0,66.9,7.25,0.8641634456101602,0.6427503736920777
1029,8_SM_001030,F,160.3,63.5,36.0,90.4,80.5,96.8,33.660000000000004,35.3,46.5,66.2,4.710000000000013,0.9535410764872523,0.702416918429003
2838,8_SM_002839,M,181.2,73.0,37.69,90.8,78.9,96.4,34.839999999999996,41.71,49.0,76.9,7.6299999999999955,0.8352912970510668,0.6371911573472041
1646,8_SM_001647,F,163.4,53.6,34.43,81.6,68.6,89.7,31.76,39.0,44.3,68.2,6.25,0.8143589743589744,0.6495601173020528
2504,8_SM_002505,F,153.7,49.4,35.230000000000004,86.1,74.2,88.8,28.019999999999992,35.82000000000001,40.8,63.7,6.8399999999999865,0.7822445561139024,0.640502354788069
3787,8_SM_003788,M,177.0,78.9,41.36,101.6,76.7,99.1,32.69,42.4,47.0,75.1,8.619999999999981,0.7709905660377359,0.6258322237017311
3288,8_SM_003289,M,172.5,85.7,39.269999999999996,97.7,83.7,105.8,29.979999999999997,39.14,45.0,69.7,6.679999999999995,0.7659683188553909,0.6456241032998565
4216,8_SM_004217,M,176.1,84.7,42.45,105.2,99.1,99.1,31.05,41.864,49.2,73.6,7.959999999999991,0.7416873686222053,0.6684782608695653
2085,8_SM_002086,F,152.7,51.6,34.63,88.0,74.2,90.8,28.810000000000002,34.269999999999996,42.0,60.0,4.310000000000014,0.8406769769477679,0.7
4438,8_SM_004439,M,168.0,69.1,37.03,98.3,93.5,91.6,29.829999999999995,36.790000000000006,47.3,66.8,8.909999999999991,0.8108181571079095,0.7080838323353293
1650,8_SM_001651,F,154.6,45.9,33.55,80.5,67.0,85.9,30.559999999999995,36.410000000000004,40.3,65.4,7.05,0.8393298544355944,0.6162079510703363
2494,8_SM_002495,F,157.5,50.5,35.019999999999996,81.8,68.8,89.2,29.080000000000002,35.92999999999999,40.4,64.3,6.95,0.8093515168382969,0.6283048211508554
2280,8_SM_002281,F,157.8,53.0,36.339999999999996,84.3,73.3,92.0,30.229999999999997,38.84,40.7,68.4,5.889999999999986,0.7783213182286302,0.5950292397660819
2982,8_SM_002983,M,170.6,69.1,36.730000000000004,92.4,77.2,97.7,28.500000000000007,38.6,47.6,70.4,8.579999999999995,0.7383419689119173,0.6761363636363636
3082,8_SM_003083,M,172.0,71.8,42.36,97.2,79.0,96.1,30.390000000000004,41.4,43.6,72.3,7.3,0.7340579710144929,0.6030428769017981
2156,8_SM_002157,F,151.7,51.2,35.160000000000004,83.6,76.5,93.8,26.549999999999994,34.35,39.4,60.6,6.280000000000018,0.7729257641921395,0.6501650165016502
3152,8_SM_003153,M,165.6,58.8,37.39,88.0,74.5,90.1,29.099999999999994,37.77,45.1,67.5,7.8900000000000095,0.7704527402700554,0.6681481481481482
4302,8_SM_004303,M,178.1,82.4,42.760000000000005,106.2,95.5,96.3,29.369999999999994,41.34,48.5,70.5,6.079999999999996,0.7104499274310593,0.6879432624113475
4102,8_SM_004103,M,167.3,61.3,37.46,88.6,79.4,91.8,30.05,40.489999999999995,43.4,68.6,6.520000000000005,0.7421585576685602,0.6326530612244898
3394,8_SM_003395,M,162.1,64.0,37.03,89.9,76.2,93.7,26.639999999999997,35.57,46.6,61.2,8.570000000000004,0.7489457407928028,0.761437908496732
2766,8_SM_002767,M,168.7,64.3,39.519999999999996,92.3,75.7,82.5,31.359999999999996,39.06,42.5,69.7,7.679999999999995,0.8028673835125446,0.6097560975609756
3563,8_SM_003564,M,174.8,69.5,38.7,91.5,80.7,97.3,32.96,41.86,47.9,73.9,8.370000000000005,0.7873865265169613,0.6481732070365358
1694,8_SM_001695,F,159.0,49.2,33.989999999999995,79.0,69.8,89.5,33.24,36.46,41.9,66.6,7.389999999999986,0.911684037301152,0.6291291291291292
3181,8_SM_003182,M,170.8,78.2,38.64,100.5,91.7,97.8,29.630000000000006,40.86,48.8,70.2,6.3700000000000045,0.7251590797846306,0.6951566951566951
2309,8_SM_002310,F,157.5,58.3,35.03,93.6,86.1,88.3,29.03,37.309999999999995,44.4,64.5,6.329999999999996,0.7780755829536319,0.6883720930232557
586,8_SM_000587,F,168.3,56.2,31.689999999999998,82.4,71.0,90.7,32.779999999999994,37.89,48.7,69.9,5.1299999999999955,0.8651359197677486,0.6967095851216023
1485,8_SM_001486,F,164.6,63.1,35.480000000000004,88.5,78.7,101.0,30.420000000000005,36.089999999999996,48.4,66.0,6.759999999999991,0.8428927680798007,0.7333333333333333
4127,8_SM_004128,M,182.5,72.5,42.21,95.5,85.5,98.8,35.14,42.510000000000005,46.8,77.1,9.25,0.8266290284638907,0.6070038910505836
3381,8_SM_003382,M,164.8,61.0,37.660000000000004,95.1,71.2,89.4,33.76,35.67999999999999,43.7,67.0,7.6,0.9461883408071751,0.6522388059701493
3729,8_SM_003730,M,189.5,96.3,43.160000000000004,104.9,94.2,109.0,34.25,43.230000000000004,50.9,76.5,10.05,0.7922738838769372,0.665359477124183
565,8_SM_000566,F,169.3,51.8,35.17,82.8,68.2,90.0,36.05,38.17,43.2,73.2,8.120000000000005,0.9444589992140423,0.5901639344262295
2871,8_SM_002872,M,172.2,77.3,39.55,96.3,88.9,99.0,30.45,41.02,45.2,72.1,7.959999999999991,0.7423208191126279,0.6269070735090153
517,8_SM_000518,F,162.6,61.7,33.75,89.5,80.0,95.7,33.9,36.55,43.7,69.4,5.690000000000009,0.9274965800273598,0.6296829971181556
1095,8_SM_001096,F,165.2,51.3,36.730000000000004,79.2,67.3,89.1,35.89,37.54,42.4,69.6,7.429999999999995,0.956046883324454,0.6091954022988506
1679,8_SM_001680,F,168.6,81.4,38.11,99.5,95.0,107.9,30.48,38.32,45.5,70.0,6.639999999999986,0.7954070981210856,0.65
1026,8_SM_001027,F,163.7,44.9,35.1,75.2,63.2,82.6,34.63000000000001,37.17999999999999,41.0,68.9,6.420000000000004,0.9314147391070472,0.5950653120464441
1946,8_SM_001947,F,151.0,45.2,33.29,79.5,70.8,83.0,30.2,34.58,40.5,63.0,6.020000000000005,0.8733371891266628,0.6428571428571429
1164,8_SM_001165,F,172.6,59.6,37.64,84.8,67.6,97.4,35.57,40.660000000000004,46.7,73.8,8.070000000000004,0.8748155435317264,0.6327913279132792
2860,8_SM_002861,M,171.0,81.6,40.089999999999996,100.6,93.7,104.3,30.580000000000005,39.019999999999996,46.1,68.2,9.539999999999987,0.7837006663249618,0.6759530791788856
116,8_SM_000117,F,158.4,48.5,33.839999999999996,81.6,77.7,91.4,29.690000000000005,34.480000000000004,43.1,62.3,6.289999999999987,0.8610788863109049,0.6918138041733548
750,8_SM_000751,F,153.1,52.1,34.88,84.6,71.9,94.0,29.73,33.9,40.7,61.1,5.229999999999995,0.8769911504424779,0.6661211129296236
4370,8_SM_004371,M,174.0,80.1,39.88,101.0,94.5,104.7,29.579999999999995,39.85,47.2,69.3,7.720000000000004,0.7422835633626096,0.6810966810966812
3732,8_SM_003733,M,174.8,71.5,39.739999999999995,94.0,82.7,97.8,30.360000000000003,40.79,47.6,70.5,9.439999999999987,0.7443000735474382,0.675177304964539
840,8_SM_000841,F,160.8,52.3,36.4,84.2,73.4,89.8,31.410000000000004,35.029999999999994,43.7,64.2,8.160000000000014,0.8966600057093922,0.6806853582554517
119,8_SM_000120,F,164.5,60.5,34.89,86.9,78.8,96.4,32.92,36.339999999999996,46.3,68.0,4.389999999999986,0.9058888277380298,0.6808823529411764
4345,8_SM_004346,M,169.5,68.6,36.88,92.5,94.2,94.5,29.379999999999995,39.39,42.7,68.9,7.6299999999999955,0.7458745874587458,0.6197387518142236
4313,8_SM_004314,M,173.3,63.4,38.760000000000005,98.0,71.5,90.4,32.540000000000006,39.67,47.3,71.5,8.020000000000005,0.8202672044366021,0.6615384615384615
642,8_SM_000643,F,170.4,45.3,32.9,70.0,61.4,86.3,35.230000000000004,38.15,49.3,70.3,6.489999999999986,0.9234600262123199,0.701280227596017
4199,8_SM_004200,M,167.4,65.3,38.839999999999996,97.0,84.5,92.4,28.379999999999995,38.72,48.4,66.6,6.909999999999991,0.7329545454545453,0.7267267267267268
1001,8_SM_001002,F,154.0,50.5,33.11,82.9,70.3,91.5,32.36,35.339999999999996,40.5,64.7,5.779999999999996,0.915676287492926,0.6259659969088098
886,8_SM_000887,F,172.4,59.6,37.56,84.2,71.4,96.2,34.97,40.94,44.4,73.6,7.909999999999991,0.8541768441621886,0.6032608695652174
4,8_SM_000005,F,164.8,57.1,35.989999999999995,82.2,68.6,95.0,31.579999999999995,36.71,45.7,67.2,8.779999999999996,0.8602560610187958,0.6800595238095238
3074,8_SM_003075,M,171.4,82.8,40.22,104.5,98.5,101.2,32.1,40.29,49.1,72.8,6.1,0.7967237527922562,0.6744505494505495
3158,8_SM_003159,M,171.5,73.3,39.94,96.2,89.4,99.8,32.04,38.45,46.0,69.3,8.1,0.8332899869960988,0.6637806637806638
2682,8_SM_002683,M,174.2,83.2,39.13,101.2,94.9,103.7,29.970000000000006,40.260000000000005,48.4,69.1,6.470000000000004,0.7444113263785396,0.7004341534008683
2506,8_SM_002507,F,158.4,49.9,35.019999999999996,77.7,68.5,90.3,30.48,34.31,43.0,63.8,7.240000000000009,0.8883707373943456,0.6739811912225706
3911,8_SM_003912,M,173.3,63.7,40.39,95.9,76.2,89.7,35.620000000000005,40.89,43.8,73.4,9.259999999999991,0.8711176326730253,0.5967302452316076
1730,8_SM_001731,F,163.1,62.2,36.730000000000004,94.8,79.0,96.3,29.310000000000002,37.769999999999996,43.6,67.4,7.3,0.7760127084988088,0.6468842729970327
1162,8_SM_001163,F,156.2,77.3,38.019999999999996,100.7,89.7,107.8,28.439999999999998,34.160000000000004,43.6,62.1,6.409999999999991,0.8325526932084307,0.7020933977455717
3298,8_SM_003299,M,182.5,78.7,44.8,97.0,82.5,99.0,36.99,42.89,44.7,80.1,9.720000000000004,0.8624387969223596,0.5580524344569289
580,8_SM_000581,F,155.1,55.5,34.44,82.8,75.7,100.7,29.85,34.959999999999994,39.0,64.3,4.8699999999999815,0.8538329519450802,0.6065318818040436
3826,8_SM_003827,M,175.9,60.8,41.3,86.7,74.2,90.3,32.44,41.27,47.2,73.1,7.790000000000009,0.7860431306033437,0.6456908344733243
3793,8_SM_003794,M,175.6,68.6,41.89,94.8,82.5,92.2,31.0,42.19,46.4,74.2,7.8,0.734771272813463,0.6253369272237196
4203,8_SM_004204,M,169.0,56.0,40.2,84.1,76.3,89.1,31.909999999999997,37.32000000000001,45.4,69.0,8.389999999999986,0.8550375133976418,0.6579710144927536
863,8_SM_000864,F,162.0,56.9,35.089999999999996,87.0,73.0,91.9,32.44,36.510000000000005,43.5,68.1,6.1,0.8885236921391397,0.6387665198237886
1997,8_SM_001998,F,155.0,57.7,36.8,97.2,85.7,91.2,27.600000000000005,31.889999999999997,44.2,59.7,5.529999999999996,0.8654750705550331,0.7403685092127303
2796,8_SM_002797,M,189.7,77.0,41.47,96.2,78.0,95.4,34.910000000000004,46.82000000000001,48.0,82.3,10.579999999999995,0.7456215292609996,0.5832320777642771
1180,8_SM_001181,F,159.1,51.8,34.29,82.8,69.9,91.3,34.309999999999995,36.36,38.4,67.6,6.3800000000000185,0.9436193619361934,0.5680473372781065
981,8_SM_000982,F,169.0,67.2,38.269999999999996,93.2,83.6,99.8,32.71,37.279999999999994,47.3,68.3,8.55,0.8774141630901289,0.692532942898975
2723,8_SM_002724,M,175.1,74.0,40.14,90.9,83.6,99.4,30.870000000000005,39.279999999999994,46.7,69.8,7.310000000000014,0.7858961303462324,0.6690544412607451
3904,8_SM_003905,M,175.4,73.1,40.730000000000004,92.6,82.3,102.7,32.96,40.65,47.0,70.8,9.25,0.8108241082410824,0.6638418079096046
2383,8_SM_002384,F,149.7,57.6,34.760000000000005,98.2,83.8,91.2,27.069999999999993,33.0,44.9,59.8,5.45,0.8203030303030301,0.7508361204013378
4172,8_SM_004173,M,170.2,73.3,39.4,100.2,91.2,95.9,30.35,37.410000000000004,47.8,67.5,9.559999999999992,0.8112804063084736,0.7081481481481481
4188,8_SM_004189,M,163.5,63.5,39.92,94.2,76.6,94.4,31.77,36.0,43.3,66.4,8.10999999999999,0.8825,0.6521084337349397
2973,8_SM_002974,M,176.5,73.2,37.25,95.2,84.0,97.2,33.42999999999999,39.57000000000001,48.8,70.9,7.309999999999991,0.8448319433914578,0.6882933709449929
529,8_SM_000530,F,161.9,45.5,32.44,77.0,62.7,84.8,32.39,36.53,44.1,66.1,7.75,0.886668491650698,0.6671709531013617
2470,8_SM_002471,F,161.3,57.5,37.32,89.8,82.8,92.3,27.430000000000007,35.839999999999996,45.2,62.8,7.220000000000004,0.7653459821428574,0.7197452229299364
1856,8_SM_001857,F,153.5,79.2,36.260000000000005,105.3,102.7,109.3,27.850000000000005,33.04,45.2,61.2,6.3700000000000045,0.8429176755447944,0.738562091503268
542,8_SM_000543,F,156.8,50.5,32.980000000000004,79.5,72.1,93.2,31.85,34.86,41.9,65.8,4.739999999999986,0.9136546184738956,0.6367781155015197
2828,8_SM_002829,M,180.1,69.8,42.15,95.2,74.8,98.3,33.64,40.269999999999996,45.1,73.9,11.240000000000009,0.8353613111497393,0.6102841677943166
3212,8_SM_003213,M,170.2,60.7,41.03,90.5,75.4,88.8,30.579999999999995,40.42,45.0,72.4,8.269999999999982,0.7565561603166747,0.6215469613259668
794,8_SM_000795,F,157.3,54.9,33.239999999999995,86.9,72.0,93.0,29.870000000000005,36.629999999999995,43.3,64.1,6.470000000000004,0.8154518154518157,0.6755070202808112
4114,8_SM_004115,M,167.0,70.6,38.1,98.2,88.8,93.7,27.819999999999993,37.690000000000005,45.3,65.3,5.65,0.7381268240912706,0.6937212863705973
1424,8_SM_001425,F,160.6,48.6,34.35,79.5,65.7,87.4,33.03,36.4,41.6,68.3,7.440000000000009,0.9074175824175825,0.6090775988286969
2557,8_SM_002558,M,179.5,67.6,40.88,88.4,74.6,83.2,38.190000000000005,44.0,44.5,80.5,10.009999999999991,0.8679545454545455,0.5527950310559007
155,8_SM_000156,F,167.7,55.2,36.33,82.5,70.3,96.3,34.93000000000001,36.94,44.9,70.7,5.6099999999999905,0.9455874390904171,0.635077793493635
3032,8_SM_003033,M,169.7,79.9,37.37,104.1,88.7,100.8,31.290000000000003,36.980000000000004,47.3,67.1,5.709999999999991,0.8461330448891292,0.7049180327868853
1701,8_SM_001702,F,157.7,68.1,38.230000000000004,93.9,80.9,98.7,27.339999999999996,34.589999999999996,42.3,61.8,6.540000000000009,0.7904018502457357,0.6844660194174758
2923,8_SM_002924,M,175.6,74.5,41.45,95.8,84.4,96.7,32.15,38.32,52.0,69.9,7.860000000000014,0.8389874739039666,0.7439198855507868
4497,8_SM_004498,M,160.0,77.0,39.45,99.5,99.5,101.3,25.04,34.339999999999996,45.7,59.4,4.9,0.7291788002329646,0.7693602693602695
3920,8_SM_003921,M,182.9,65.5,43.62,95.2,76.4,89.3,34.08,42.260000000000005,45.2,75.6,8.0,0.8064363464268811,0.597883597883598
2755,8_SM_002756,M,178.8,75.3,38.07,94.9,82.3,97.2,32.27,42.67999999999999,49.4,75.7,8.220000000000004,0.756091846298032,0.6525759577278731
1910,8_SM_001911,F,152.5,60.4,34.9,96.4,86.3,98.0,29.410000000000004,34.08,39.2,62.8,7.070000000000005,0.8629694835680752,0.624203821656051
575,8_SM_000576,F,169.3,44.6,31.95,73.6,61.9,84.9,32.629999999999995,38.690000000000005,49.6,70.7,7.889999999999986,0.8433703799431376,0.7015558698727016
1831,8_SM_001832,F,162.1,53.7,34.05,85.4,71.8,90.8,32.150000000000006,37.04,44.5,68.2,7.720000000000004,0.8679805615550757,0.6524926686217009
2080,8_SM_002081,F,170.0,55.0,36.35,79.1,66.9,90.6,33.04,39.18,44.2,71.0,7.110000000000014,0.843287391526289,0.6225352112676057
127,8_SM_000128,F,164.0,57.9,35.97,88.0,74.3,96.7,34.78000000000001,37.8,43.0,68.4,4.220000000000004,0.9201058201058204,0.6286549707602339
3451,8_SM_003452,M,173.1,90.7,39.510000000000005,110.6,98.4,105.4,27.35,38.89,52.5,66.5,7.970000000000004,0.7032656209822576,0.7894736842105263
3365,8_SM_003366,M,177.1,71.1,42.45,92.2,79.5,96.7,29.629999999999995,41.5,48.8,72.4,7.770000000000005,0.7139759036144577,0.6740331491712707
4531,8_SM_004532,M,168.3,70.1,41.72,100.0,92.2,94.0,31.840000000000003,40.02,41.1,71.7,7.25,0.7956021989005497,0.5732217573221757
2998,8_SM_002999,M,173.5,63.9,39.78,90.6,75.7,93.1,29.749999999999993,39.75,45.5,70.7,8.770000000000005,0.7484276729559747,0.6435643564356436
990,8_SM_000991,F,157.6,50.6,34.63,84.0,67.7,87.9,31.03,34.53,43.4,64.1,6.05,0.8986388647552853,0.6770670826833074
2315,8_SM_002316,F,160.1,51.5,36.33,81.8,73.2,92.1,30.340000000000003,37.019999999999996,43.7,67.2,8.470000000000004,0.8195569962182606,0.6502976190476191
192,8_SM_000193,F,160.8,52.1,34.11,83.0,70.5,90.8,30.580000000000005,35.269999999999996,45.2,64.4,6.590000000000009,0.8670258009639923,0.7018633540372671
1153,8_SM_001154,F,158.6,54.3,35.589999999999996,86.5,77.1,92.1,30.679999999999996,36.89,43.7,66.0,8.039999999999987,0.8316616969368391,0.6621212121212121
709,8_SM_000710,F,161.2,57.2,34.63,86.9,72.4,96.0,29.46999999999999,37.220000000000006,41.9,65.4,6.439999999999986,0.7917786136485757,0.6406727828746177
4346,8_SM_004347,M,174.2,80.8,39.410000000000004,101.5,97.8,99.7,30.720000000000006,39.739999999999995,49.3,70.0,5.6400000000000095,0.7730246602918975,0.7042857142857143
613,8_SM_000614,F,161.5,48.4,34.88,76.5,73.4,89.4,32.81,36.8,40.5,68.0,7.240000000000009,0.8915760869565219,0.5955882352941176
304,8_SM_000305,F,169.1,56.6,35.35,83.8,76.5,96.9,34.2,36.57,46.1,69.1,9.060000000000013,0.9351927809680066,0.6671490593342982
3477,8_SM_003478,M,181.9,70.7,42.5,94.8,76.8,93.0,32.7,44.42,49.7,76.5,8.039999999999987,0.7361548851868528,0.6496732026143791
4384,8_SM_004385,M,168.4,71.0,37.839999999999996,96.0,88.2,95.3,30.54,38.11,48.4,69.0,6.059999999999991,0.8013644712673839,0.7014492753623188
1074,8_SM_001075,F,163.3,64.4,35.42,88.9,75.6,97.2,32.57000000000001,34.83,47.1,65.9,6.329999999999996,0.9351134079816253,0.7147192716236722
2585,8_SM_002586,M,184.1,83.9,42.47,105.7,89.8,101.9,33.52,42.08,51.6,74.8,6.670000000000004,0.7965779467680609,0.6898395721925135
4539,8_SM_004540,M,170.5,77.4,40.9,101.1,99.5,95.1,28.46999999999999,40.08,47.2,68.6,5.770000000000005,0.7103293413173651,0.6880466472303208
1083,8_SM_001084,F,158.2,52.2,32.75,86.2,68.4,89.5,33.18,35.410000000000004,43.9,66.7,4.920000000000004,0.9370234397062975,0.6581709145427286
2544,8_SM_002545,M,174.2,78.0,42.42,103.0,85.9,101.8,34.92,39.629999999999995,45.0,71.9,8.269999999999982,0.8811506434519305,0.6258692628650904
2220,8_SM_002221,F,157.4,51.8,33.3,87.3,73.3,90.5,31.54,35.87,40.7,66.1,5.6099999999999905,0.8792863116810705,0.6157337367624812
1258,8_SM_001259,F,172.1,64.1,36.57,89.8,78.6,98.8,30.589999999999996,40.83,47.8,70.7,6.040000000000009,0.7492040166544207,0.676096181046676
16,8_SM_000017,F,162.5,51.6,33.96,81.5,66.7,90.0,31.970000000000006,36.629999999999995,45.9,65.9,5.9,0.872781872781873,0.6965098634294384
3154,8_SM_003155,M,171.7,75.5,38.160000000000004,95.0,85.2,102.0,25.65,41.08,45.6,68.9,8.720000000000004,0.6243914313534566,0.6618287373004353
825,8_SM_000826,F,160.6,49.8,32.64,77.5,69.1,90.8,33.76,35.62,46.8,65.5,6.639999999999986,0.9477821448624368,0.7145038167938931
3090,8_SM_003091,M,178.0,73.7,40.62,92.5,85.8,95.5,31.639999999999997,42.52,45.6,74.4,6.5,0.7441204139228597,0.6129032258064516
969,8_SM_000970,F,163.1,48.9,35.339999999999996,78.3,64.1,87.4,34.09,38.239999999999995,43.1,70.1,6.15,0.8914748953974897,0.6148359486447932
227,8_SM_000228,F,161.0,51.5,34.660000000000004,83.7,76.6,96.5,31.21,37.45,41.1,68.6,6.3699999999999815,0.8333778371161549,0.5991253644314869
3392,8_SM_003393,M,186.1,80.4,41.4,95.5,85.4,98.8,34.8,44.220000000000006,50.4,77.4,10.809999999999992,0.7869742198100406,0.6511627906976744
2500,8_SM_002501,F,149.7,52.7,34.519999999999996,79.5,72.2,93.3,28.759999999999998,32.62,38.6,60.4,6.0,0.8816676885346413,0.6390728476821192
568,8_SM_000569,F,163.3,66.7,34.28,98.3,82.5,104.0,32.71,35.95,47.7,67.2,7.3799999999999955,0.909874826147427,0.7098214285714286
3493,8_SM_003494,M,180.3,84.2,40.54,95.7,89.0,100.8,33.120000000000005,42.4,51.1,75.3,7.1400000000000095,0.7811320754716983,0.6786188579017265
1708,8_SM_001709,F,163.4,53.6,35.37,82.0,68.1,92.2,30.03,35.96,49.3,64.9,7.520000000000005,0.8350945494994438,0.7596302003081663
1059,8_SM_001060,F,158.2,53.1,34.88,78.4,71.5,94.0,31.200000000000006,36.4,39.6,66.0,7.6300000000000185,0.8571428571428573,0.6
3503,8_SM_003504,M,161.3,67.8,36.36,94.6,86.4,93.5,29.45,37.29,45.8,64.0,6.170000000000004,0.7897559667471172,0.715625
964,8_SM_000965,F,170.0,63.5,36.07,91.0,74.3,99.4,31.189999999999998,38.309999999999995,45.4,68.0,6.7,0.8141477421038894,0.6676470588235294
2757,8_SM_002758,M,173.9,62.8,40.42,89.8,73.4,91.4,33.23,40.06,44.7,71.0,9.059999999999992,0.829505741387918,0.6295774647887324
4459,8_SM_004460,M,174.0,91.0,41.510000000000005,111.5,100.4,105.3,29.279999999999994,38.75,47.8,68.0,6.75,0.7556129032258063,0.7029411764705882
1233,8_SM_001234,F,161.0,51.3,34.089999999999996,85.8,70.4,91.7,29.959999999999997,35.059999999999995,47.1,63.1,7.770000000000005,0.8545350827153452,0.7464342313787639
1542,8_SM_001543,F,160.7,52.3,33.57,77.5,64.8,92.3,32.06999999999999,36.540000000000006,41.4,68.4,7.25,0.8776683087027911,0.6052631578947367
4044,8_SM_004045,M,172.0,86.7,41.46,107.8,100.4,101.7,29.659999999999997,37.96,46.0,68.5,8.3,0.7813487881981032,0.6715328467153284
1315,8_SM_001316,F,163.7,52.2,35.230000000000004,85.0,70.8,89.9,30.560000000000002,38.92,43.2,68.8,6.75,0.7852004110996917,0.6279069767441862
162,8_SM_000163,F,167.1,58.1,33.9,88.3,70.7,97.8,32.39,37.73,48.3,68.1,6.340000000000009,0.8584680625496953,0.709251101321586
4124,8_SM_004125,M,172.4,86.5,41.660000000000004,98.9,96.9,105.2,29.4,38.49,48.6,67.9,7.679999999999995,0.7638347622759157,0.7157584683357879
966,8_SM_000967,F,161.4,52.6,33.839999999999996,85.4,70.3,89.7,31.660000000000004,39.07,44.0,68.6,5.6099999999999905,0.8103404146403891,0.641399416909621
3848,8_SM_003849,M,179.7,70.4,39.14,89.5,77.3,94.6,30.21999999999999,41.13,51.6,71.8,8.529999999999996,0.734743496231461,0.7186629526462396
3271,8_SM_003272,M,176.4,84.4,38.65,99.4,89.9,102.2,32.190000000000005,38.92,48.2,71.2,6.6,0.8270811921891059,0.6769662921348315
2891,8_SM_002892,M,167.7,85.5,39.19,103.9,94.7,108.1,29.450000000000006,36.81,46.2,65.2,5.979999999999995,0.8000543330616682,0.7085889570552147
3834,8_SM_003835,M,177.4,80.8,40.160000000000004,102.9,92.2,100.0,32.980000000000004,43.5,46.5,76.2,8.030000000000019,0.75816091954023,0.610236220472441
2984,8_SM_002985,M,175.5,70.4,40.03,92.2,75.7,94.6,33.660000000000004,40.07,48.5,72.7,7.330000000000018,0.8400299475917146,0.6671251719394773
2215,8_SM_002216,F,162.5,64.4,37.42,94.8,80.7,98.5,29.640000000000004,37.42,46.4,66.4,6.009999999999991,0.7920897915553181,0.6987951807228915
98,8_SM_000099,F,172.8,59.3,36.62,84.5,75.2,96.3,35.96,39.31,45.9,73.6,5.329999999999996,0.9147799542101246,0.6236413043478262
2577,8_SM_002578,M,171.4,64.1,38.39,91.3,72.9,91.8,32.55,38.56,47.1,69.4,4.509999999999991,0.8441390041493775,0.6786743515850143
3220,8_SM_003221,M,175.8,68.7,38.31,91.6,82.0,97.9,30.470000000000006,40.07,45.0,71.4,8.379999999999995,0.7604192662840031,0.6302521008403361
255,8_SM_000256,F,162.8,54.3,32.25,80.8,72.5,94.6,32.59,34.79,42.5,67.4,6.470000000000004,0.9367634377694741,0.6305637982195845
3980,8_SM_003981,M,181.2,65.7,41.45,86.0,73.6,90.3,34.17,42.63,47.5,76.0,8.4,0.8015482054890922,0.625
4256,8_SM_004257,M,168.0,69.1,38.72,98.1,97.4,94.8,30.630000000000006,38.48,45.4,68.9,8.70999999999999,0.7959979209979212,0.6589259796806965
1460,8_SM_001461,F,163.9,53.3,34.87,84.7,74.1,89.7,31.979999999999997,40.04,44.5,70.4,6.810000000000014,0.7987012987012987,0.6321022727272727
1663,8_SM_001664,F,156.5,55.3,36.2,88.5,73.3,93.1,28.810000000000002,35.84,43.2,63.9,4.780000000000018,0.8038504464285714,0.6760563380281691
4048,8_SM_004049,M,167.5,69.9,38.88,96.8,89.7,97.1,31.079999999999995,36.97,45.7,67.7,7.110000000000014,0.8406816337571003,0.6750369276218612
1711,8_SM_001712,F,145.0,46.9,33.839999999999996,80.0,65.8,89.9,28.350000000000005,31.419999999999998,41.6,57.3,5.6099999999999905,0.9022915340547424,0.7260034904013962
3228,8_SM_003229,M,176.7,67.2,40.410000000000004,88.0,77.8,93.7,35.23,41.620000000000005,42.9,76.7,9.020000000000005,0.8464680442095145,0.559322033898305
1168,8_SM_001169,F,156.0,49.9,36.06,79.5,68.2,93.2,28.21,36.029999999999994,42.3,62.0,7.060000000000014,0.7829586455731337,0.682258064516129
2270,8_SM_002271,F,161.0,53.0,36.38,89.1,72.3,90.0,31.28,36.6,44.0,67.0,6.790000000000009,0.8546448087431694,0.6567164179104478
1697,8_SM_001698,F,155.3,45.9,33.86,79.4,67.0,89.1,32.21,35.019999999999996,40.0,66.1,6.569999999999982,0.9197601370645346,0.6051437216338881
3204,8_SM_003205,M,178.3,68.1,40.47,87.5,72.5,95.0,31.339999999999996,40.81,49.0,71.7,9.5,0.7679490320999753,0.6834030683403068
2071,8_SM_002072,F,157.0,62.8,34.88,95.0,84.5,98.3,30.970000000000006,35.959999999999994,45.0,65.0,7.3900000000000095,0.8612347052280315,0.6923076923076923
4147,8_SM_004148,M,164.3,85.6,40.88,108.4,106.4,105.4,28.519999999999992,38.31,45.7,66.7,6.479999999999995,0.7444531453928476,0.6851574212893553
3142,8_SM_003143,M,176.9,64.9,41.47,91.0,75.4,91.5,31.48,43.15,47.5,73.5,9.70999999999999,0.7295480880648899,0.6462585034013606
3780,8_SM_003781,M,169.4,59.2,38.519999999999996,85.7,71.6,91.1,31.070000000000004,38.08,45.3,67.8,9.020000000000005,0.8159138655462186,0.668141592920354
2064,8_SM_002065,F,156.0,51.2,35.010000000000005,87.7,69.7,89.5,31.059999999999995,35.84,43.8,67.1,6.670000000000004,0.8666294642857141,0.6527570789865872
3700,8_SM_003701,M,172.4,94.2,41.04,112.7,104.9,106.2,28.930000000000007,37.87,49.5,66.7,7.419999999999982,0.7639292315817272,0.7421289355322338
4478,8_SM_004479,M,162.5,49.8,37.42,80.8,69.0,87.3,29.529999999999994,36.68,43.4,65.4,5.8799999999999955,0.805070883315158,0.6636085626911314
630,8_SM_000631,F,170.4,61.6,34.22,89.4,74.8,95.0,33.11,37.59,48.8,69.6,7.009999999999991,0.8808193668528863,0.7011494252873564
265,8_SM_000266,F,158.3,52.4,33.989999999999995,79.3,74.3,92.6,31.829999999999995,36.39,40.9,67.5,7.039999999999987,0.8746908491343774,0.6059259259259259
3407,8_SM_003408,M,171.8,77.6,41.83,100.3,89.0,97.7,29.68,41.9,45.8,70.0,5.5,0.7083532219570405,0.6542857142857142
4118,8_SM_004119,M,167.4,59.1,39.32,86.6,77.8,91.2,29.369999999999997,38.39,45.2,66.4,8.95999999999999,0.7650429799426933,0.6807228915662651
1817,8_SM_001818,F,155.7,41.3,33.06,75.8,64.8,83.9,30.21,34.09,43.9,64.3,7.6,0.8861836315635083,0.6827371695178849
4537,8_SM_004538,M,171.6,68.5,36.83,92.9,86.8,92.4,31.090000000000003,38.839999999999996,49.4,70.1,6.579999999999996,0.8004634397528323,0.7047075606276748
2400,8_SM_002401,F,157.6,58.2,34.46,92.4,84.6,92.6,31.75,36.33,42.1,66.2,5.3700000000000045,0.8739333883842555,0.6359516616314199
1974,8_SM_001975,F,158.5,61.3,36.69,90.8,75.6,98.6,30.410000000000004,33.8,43.8,63.7,7.25,0.8997041420118345,0.6875981161695447
2999,8_SM_003000,M,176.5,85.2,41.53,106.6,89.4,100.3,33.94,41.260000000000005,44.3,76.3,7.430000000000018,0.8225884634028113,0.580602883355177
493,8_SM_000494,F,160.4,61.5,32.05,87.9,82.8,99.5,32.089999999999996,37.52,45.8,66.9,5.6200000000000045,0.8552771855010659,0.6846038863976083
1858,8_SM_001859,F,156.5,94.0,36.12,119.3,110.7,120.5,28.070000000000004,35.08,41.2,62.0,4.709999999999991,0.8001710376282783,0.6645161290322581
1749,8_SM_001750,F,153.4,46.2,33.38,81.2,74.5,87.2,27.119999999999994,35.120000000000005,42.6,62.8,6.7,0.7722095671981773,0.6783439490445861
2933,8_SM_002934,M,175.4,92.4,40.69,106.1,97.6,106.4,28.98,39.96,50.4,71.5,6.4,0.7252252252252253,0.7048951048951049
3256,8_SM_003257,M,173.7,55.6,39.89,82.0,70.2,86.3,33.95,38.58,35.0,63.7,7.920000000000004,0.8799896319336444,0.5494505494505494
147,8_SM_000148,F,158.5,56.9,36.08,95.6,80.0,89.1,30.339999999999996,33.81,43.5,63.0,6.009999999999991,0.8973676427092574,0.6904761904761905
2001,8_SM_002002,F,153.5,58.3,34.75,92.8,83.5,96.7,29.970000000000006,34.05,41.7,63.1,6.1400000000000095,0.8801762114537447,0.6608557844690967
1384,8_SM_001385,F,155.9,48.7,35.0,86.7,73.2,86.8,31.300000000000004,35.0,40.4,63.4,7.6600000000000135,0.8942857142857145,0.637223974763407
2833,8_SM_002834,M,180.2,74.8,41.58,97.2,85.8,97.1,33.220000000000006,41.9,52.0,75.4,9.589999999999986,0.7928400954653939,0.689655172413793
666,8_SM_000667,F,153.7,47.2,32.67,75.8,66.5,88.5,31.709999999999997,35.22,39.4,65.0,7.3799999999999955,0.9003407155025553,0.6061538461538462
1809,8_SM_001810,F,156.0,51.0,34.64,88.4,74.4,92.0,29.540000000000003,36.42,39.2,65.3,7.310000000000014,0.8110928061504669,0.6003062787136295
2526,8_SM_002527,M,170.2,71.8,36.839999999999996,95.0,84.0,100.3,30.720000000000006,37.96,46.5,67.2,7.3799999999999955,0.8092729188619601,0.6919642857142857
3454,8_SM_003455,M,170.3,65.3,40.31,93.2,79.6,95.8,31.1,37.85,46.3,67.3,8.810000000000013,0.821664464993395,0.687964338781575
4339,8_SM_004340,M,174.3,84.4,40.339999999999996,100.5,99.5,100.2,28.78,39.510000000000005,49.4,68.2,7.75,0.7284231840040496,0.7243401759530791
1161,8_SM_001162,F,152.2,45.5,33.75,79.5,65.3,86.7,29.49,34.42,41.4,62.6,6.510000000000014,0.856769320162696,0.6613418530351437
3310,8_SM_003311,M,164.3,77.5,40.29,101.9,92.2,100.2,29.97,37.660000000000004,44.4,66.6,6.8900000000000095,0.7958045671800318,0.6666666666666667
615,8_SM_000616,F,155.7,56.1,33.010000000000005,92.4,80.9,91.4,32.33,36.269999999999996,40.8,65.8,6.329999999999996,0.8913702784670527,0.6200607902735562
3639,8_SM_003640,M,172.8,87.5,43.36,103.9,98.8,104.3,27.920000000000005,39.760000000000005,47.0,67.4,9.0,0.7022132796780685,0.6973293768545994
1945,8_SM_001946,F,156.5,63.9,35.05,94.4,90.9,97.5,29.659999999999997,37.12,44.0,66.2,6.179999999999995,0.799030172413793,0.6646525679758308
199,8_SM_000200,F,160.9,55.3,34.36,86.3,78.4,93.8,34.17999999999999,37.910000000000004,39.8,70.5,5.559999999999991,0.9016090741229225,0.5645390070921985
2953,8_SM_002954,M,174.8,67.5,38.019999999999996,92.0,78.5,94.8,31.859999999999996,41.75,48.2,73.2,8.25,0.7631137724550897,0.6584699453551913
2342,8_SM_002343,F,162.5,62.4,36.05,98.4,87.9,93.7,30.540000000000003,38.07,41.9,67.8,7.25,0.8022064617809299,0.6179941002949852
776,8_SM_000777,F,158.7,62.3,31.160000000000004,94.4,85.0,95.3,28.779999999999994,36.85,42.9,64.5,5.559999999999991,0.7810040705563092,0.6651162790697674
4275,8_SM_004276,M,171.5,76.9,41.010000000000005,101.3,91.3,104.2,30.980000000000008,39.0,45.6,69.7,7.240000000000009,0.7943589743589745,0.6542324246771879
3292,8_SM_003293,M,174.2,89.6,39.4,109.1,95.5,108.9,29.000000000000007,42.48,46.7,70.6,6.1200000000000045,0.6826741996233524,0.661473087818697
204,8_SM_000205,F,168.8,50.3,32.9,81.0,67.2,91.5,34.019999999999996,37.8,47.2,71.4,7.529999999999996,0.8999999999999999,0.6610644257703081
3567,8_SM_003568,M,173.8,63.9,41.14,91.5,76.7,91.7,30.040000000000003,41.29,44.5,72.7,8.14000000000001,0.727536933882296,0.6121045392022008
1748,8_SM_001749,F,171.3,62.7,36.65,91.5,77.1,94.3,33.760000000000005,41.980000000000004,43.7,74.5,5.990000000000009,0.8041924726060029,0.5865771812080537
2799,8_SM_002800,M,175.5,71.1,40.81,95.2,75.8,95.3,32.83,38.64,46.3,70.3,7.35,0.8496376811594203,0.6586059743954481
1722,8_SM_001723,F,160.0,51.4,36.019999999999996,83.7,68.6,89.1,31.060000000000002,36.29,43.8,67.2,6.3799999999999955,0.855883163405897,0.6517857142857142
3531,8_SM_003532,M,169.3,67.2,41.21,92.1,80.4,94.6,30.560000000000002,38.41,41.4,68.2,9.170000000000005,0.7956261390262954,0.6070381231671553
864,8_SM_000865,F,171.9,57.2,35.94,80.6,70.0,94.4,36.38,38.57,48.6,71.0,6.6400000000000095,0.9432201192636764,0.6845070422535211
4154,8_SM_004155,M,169.1,57.3,38.75,83.0,78.4,88.6,32.53,38.44,44.4,70.3,9.369999999999981,0.8462539021852238,0.631578947368421
2175,8_SM_002176,F,155.6,55.3,33.64,90.1,82.4,89.3,28.179999999999996,34.06,43.3,61.0,5.779999999999996,0.8273634762184379,0.7098360655737704
708,8_SM_000709,F,165.9,49.9,34.1,77.2,63.9,86.7,32.75,37.8,44.7,69.8,6.829999999999996,0.8664021164021165,0.6404011461318052
4495,8_SM_004496,M,163.7,74.0,39.0,99.7,96.8,95.2,26.07,35.56,45.4,62.0,6.25,0.733127109111361,0.732258064516129
3022,8_SM_003023,M,172.7,81.9,39.7,98.5,88.4,100.8,31.420000000000005,39.2,47.9,71.0,8.489999999999986,0.8015306122448981,0.6746478873239437
3753,8_SM_003754,M,180.8,76.4,42.1,100.2,78.8,97.1,34.879999999999995,44.45,44.6,79.0,7.470000000000004,0.7847019122609672,0.5645569620253165
1651,8_SM_001652,F,167.9,57.3,37.18,81.3,70.1,94.7,32.410000000000004,39.62,41.7,71.5,7.429999999999995,0.8180212014134277,0.5832167832167833
3514,8_SM_003515,M,162.6,61.5,38.3,90.5,78.2,91.1,27.96,37.339999999999996,42.6,65.4,7.159999999999991,0.7487948580610606,0.6513761467889908
3638,8_SM_003639,M,173.5,72.9,41.05,99.4,81.2,99.0,31.46,39.970000000000006,46.6,69.5,9.569999999999983,0.7870903177383036,0.6705035971223022
1306,8_SM_001307,F,162.1,70.8,36.56,97.9,86.5,99.6,30.839999999999996,36.09,44.3,65.6,7.539999999999987,0.8545303408146299,0.6753048780487805
1868,8_SM_001869,F,143.5,52.4,32.42,92.5,85.9,93.5,27.65,31.9,39.7,59.1,7.230000000000018,0.8667711598746082,0.6717428087986463
3820,8_SM_003821,M,171.7,66.9,38.7,97.5,83.7,93.6,33.3,39.55,44.8,72.5,6.65,0.8419721871049305,0.6179310344827585
3342,8_SM_003343,M,176.8,70.4,39.3,94.8,80.3,95.7,34.160000000000004,40.45,46.1,73.8,6.860000000000014,0.8444993819530284,0.6246612466124661
4465,8_SM_004466,M,173.6,75.0,39.15,92.7,87.4,96.7,31.299999999999994,36.54,52.4,67.4,6.270000000000005,0.8565955117679254,0.7774480712166171
3800,8_SM_003801,M,179.4,78.6,40.88,102.2,90.0,94.5,31.76,41.58,48.2,73.8,9.3,0.7638287638287639,0.6531165311653118
3502,8_SM_003503,M,172.6,62.3,37.61,86.0,75.7,92.2,31.339999999999996,41.0,46.2,72.0,8.85,0.7643902439024389,0.6416666666666667
2013,8_SM_002014,F,157.0,64.5,37.47,95.3,91.9,99.8,30.99,36.79,39.8,67.0,7.330000000000018,0.8423484642565915,0.5940298507462686
670,8_SM_000671,F,167.4,62.3,33.239999999999995,83.5,71.6,102.9,32.42,38.56,46.4,69.2,5.679999999999995,0.8407676348547718,0.6705202312138728
3805,8_SM_003806,M,174.0,62.3,40.68,91.4,80.9,90.7,31.440000000000005,42.660000000000004,43.7,74.1,7.8700000000000045,0.7369901547116737,0.5897435897435899
719,8_SM_000720,F,157.6,48.8,32.489999999999995,87.3,69.6,85.6,31.889999999999997,35.809999999999995,39.9,66.3,6.139999999999986,0.8905333705668808,0.6018099547511312
1297,8_SM_001298,F,158.6,47.6,34.239999999999995,77.6,67.1,90.0,30.21,35.959999999999994,40.4,65.2,8.970000000000004,0.8401001112347054,0.6196319018404908
2697,8_SM_002698,M,189.6,80.4,42.489999999999995,94.0,84.1,102.1,35.0,44.0,53.9,77.4,10.6,0.7954545454545454,0.6963824289405685
4086,8_SM_004087,M,174.4,79.8,40.75,103.7,91.8,100.1,32.01,38.75,47.0,70.6,10.25,0.8260645161290322,0.6657223796033995
1321,8_SM_001322,F,162.6,53.1,34.45,78.9,66.1,91.7,28.580000000000005,33.6,48.2,61.1,7.470000000000004,0.8505952380952382,0.7888707037643208
2252,8_SM_002253,F,149.8,62.5,34.22,94.9,90.0,97.3,25.75,33.14,42.4,58.4,5.570000000000005,0.7770066385033192,0.726027397260274
3340,8_SM_003341,M,176.4,67.6,42.14,96.0,81.6,91.9,32.52,43.1,45.8,73.5,7.779999999999996,0.754524361948956,0.6231292517006802
2053,8_SM_002054,F,156.0,60.5,35.63,90.5,75.1,98.4,28.46999999999999,34.18,42.8,62.3,6.429999999999995,0.8329432416617902,0.6869983948635634
1544,8_SM_001545,F,156.6,44.0,33.39,72.7,62.3,86.5,31.179999999999996,35.02,44.5,64.0,4.959999999999991,0.890348372358652,0.6953125
1678,8_SM_001679,F,163.0,62.4,33.43,92.5,81.6,98.0,31.509999999999998,36.57000000000001,45.4,66.5,6.8,0.861635220125786,0.6827067669172933
4483,8_SM_004484,M,166.0,65.9,38.7,95.2,90.3,92.1,29.79,36.269999999999996,43.9,65.3,5.930000000000018,0.8213399503722085,0.6722817764165391
4501,8_SM_004502,M,172.6,82.0,39.980000000000004,100.4,94.2,102.4,28.24,36.29,48.5,65.4,6.069999999999982,0.7781758060071645,0.7415902140672782
3684,8_SM_003685,M,174.3,76.4,41.67,96.7,85.0,100.2,31.319999999999993,40.11,47.5,70.8,8.059999999999992,0.7808526551982048,0.67090395480226
2715,8_SM_002716,M,178.5,73.4,39.269999999999996,94.8,83.6,97.8,33.120000000000005,42.65,47.1,75.2,8.29000000000001,0.7765533411488864,0.6263297872340425
3083,8_SM_003084,M,171.9,70.0,40.53,94.0,82.9,95.1,31.21999999999999,40.11,48.0,71.2,6.670000000000004,0.7783595113438043,0.6741573033707865
1612,8_SM_001613,F,162.5,50.9,35.89,78.4,65.8,92.2,31.410000000000004,35.88,45.4,66.9,7.270000000000005,0.8754180602006689,0.6786248131539611
2751,8_SM_002752,M,174.6,70.3,38.489999999999995,94.4,80.5,96.1,35.239999999999995,42.040000000000006,47.1,74.2,10.95,0.8382492863939103,0.6347708894878706
2647,8_SM_002648,M,174.6,77.3,38.07,96.8,88.5,100.7,30.769999999999992,37.1,45.7,67.3,7.510000000000014,0.8293800539083556,0.6790490341753344
3191,8_SM_003192,M,169.9,63.2,38.37,84.5,91.3,94.7,27.74,40.28,49.4,68.3,8.729999999999995,0.6886792452830188,0.7232796486090776
3352,8_SM_003353,M,168.2,61.8,38.510000000000005,86.8,75.1,91.4,33.12,40.35,45.1,70.6,8.35999999999999,0.820817843866171,0.6388101983002834
1737,8_SM_001738,F,160.1,58.1,34.7,88.5,73.5,96.8,28.72,38.510000000000005,41.5,66.3,7.05,0.7457803168008308,0.6259426847662142
1073,8_SM_001074,F,168.3,64.6,37.53,91.7,71.7,98.2,33.34,38.93,47.8,70.2,7.209999999999991,0.8564089391215002,0.6809116809116809
3279,8_SM_003280,M,170.0,65.3,40.269999999999996,91.9,74.6,89.7,29.720000000000006,40.23,44.5,70.7,8.440000000000008,0.738752174993786,0.6294200848656294
1693,8_SM_001694,F,158.0,57.2,33.69,87.8,76.9,95.0,29.650000000000006,37.4,41.3,66.7,7.15,0.7927807486631018,0.6191904047976011
1772,8_SM_001773,F,172.6,49.9,39.010000000000005,77.2,67.5,91.3,33.58,39.95,43.8,73.5,7.6,0.8405506883604504,0.5959183673469387
4248,8_SM_004249,M,167.5,49.5,37.72,73.3,70.3,86.8,28.95,38.75,46.7,66.6,8.170000000000005,0.7470967741935484,0.7012012012012013
569,8_SM_000570,F,164.0,69.7,35.39,100.8,85.1,98.5,29.610000000000003,37.07,46.7,65.9,6.170000000000004,0.7987591043970866,0.708649468892261
2812,8_SM_002813,M,171.3,67.6,35.839999999999996,93.5,76.5,95.4,33.61999999999999,37.32000000000001,45.9,70.3,7.320000000000005,0.9008574490889599,0.6529160739687055
873,8_SM_000874,F,174.5,52.7,36.89,78.5,68.4,91.8,36.410000000000004,41.17,45.8,76.3,7.0,0.8843818314306534,0.600262123197903
1499,8_SM_001500,F,162.7,67.2,35.760000000000005,91.5,83.0,100.0,28.810000000000002,36.4,48.2,66.2,5.8900000000000095,0.7914835164835166,0.7280966767371602
208,8_SM_000209,F,155.9,43.7,30.889999999999997,76.3,62.9,86.3,33.23,33.14,43.0,64.2,4.440000000000009,1.0027157513578755,0.6697819314641744
880,8_SM_000881,F,163.0,59.1,35.0,90.6,77.3,95.5,32.690000000000005,36.56,42.5,67.5,5.920000000000004,0.8941466083150985,0.6296296296296297
507,8_SM_000508,F,152.1,47.2,29.910000000000004,81.2,68.9,86.7,32.64,34.260000000000005,40.8,66.2,3.7200000000000046,0.9527145359019263,0.6163141993957704
1042,8_SM_001043,F,155.8,65.1,33.8,97.5,91.0,97.6,30.439999999999998,35.589999999999996,46.0,63.2,5.45,0.855296431581905,0.7278481012658228
3897,8_SM_003898,M,178.1,73.7,41.410000000000004,104.3,82.3,94.0,32.76,41.4,44.8,74.4,7.720000000000004,0.7913043478260869,0.6021505376344085
2712,8_SM_002713,M,170.6,68.5,37.42,91.7,82.0,94.5,32.95,41.230000000000004,46.5,72.2,7.1600000000000135,0.7991753577492118,0.6440443213296398
1585,8_SM_001586,F,164.2,56.8,35.9,81.0,69.3,98.4,32.26,37.45,46.8,69.1,7.279999999999996,0.8614152202937249,0.6772793053545586
2795,8_SM_002796,M,176.1,68.5,41.17,89.8,82.2,96.0,32.51,40.55,48.0,72.7,10.529999999999996,0.8017262638717633,0.6602475928473177
2753,8_SM_002754,M,173.2,64.3,39.96,88.1,77.7,92.7,33.910000000000004,41.589999999999996,42.2,74.0,7.970000000000004,0.8153402260158693,0.5702702702702703
814,8_SM_000815,F,168.2,67.3,35.95,92.5,81.4,104.2,32.17,39.42,47.1,70.1,5.8900000000000095,0.8160832064941654,0.6718972895863053
3702,8_SM_003703,M,161.8,65.9,40.410000000000004,90.8,81.3,94.3,27.820000000000004,36.25,42.7,63.0,7.3700000000000045,0.7674482758620691,0.6777777777777778
2469,8_SM_002470,F,158.0,62.7,34.93,90.2,83.9,98.0,29.46999999999999,35.9,44.3,65.2,6.779999999999996,0.8208913649025068,0.6794478527607362
3138,8_SM_003139,M,171.2,72.1,39.92,96.0,88.6,97.3,30.160000000000004,40.1,47.7,70.4,7.459999999999991,0.7521197007481297,0.6775568181818181
202,8_SM_000203,F,158.0,44.2,34.089999999999996,79.5,65.7,86.3,32.129999999999995,34.83,44.4,66.0,6.360000000000014,0.9224806201550386,0.6727272727272727
3133,8_SM_003134,M,176.0,103.5,39.14,116.8,103.2,109.9,32.839999999999996,39.71,51.6,72.3,6.039999999999987,0.8269957189624778,0.7136929460580913
2293,8_SM_002294,F,150.1,57.1,35.07,98.8,89.5,91.8,28.080000000000002,34.25,39.5,61.6,4.829999999999996,0.8198540145985402,0.6412337662337663
3618,8_SM_003619,M,178.6,79.3,40.22,103.4,80.7,96.4,32.059999999999995,41.089999999999996,49.3,72.9,7.8800000000000185,0.7802385008517887,0.6762688614540465
394,8_SM_000395,F,163.5,50.7,33.1,79.1,77.9,92.4,30.53,36.35,44.4,66.5,6.3700000000000045,0.8398899587345254,0.6676691729323309
1510,8_SM_001511,F,155.5,46.1,35.08,81.4,66.3,86.5,30.600000000000005,35.489999999999995,39.8,66.2,6.539999999999987,0.8622147083685547,0.6012084592145014
2717,8_SM_002718,M,179.9,104.5,40.07,111.9,109.6,113.6,32.83,42.480000000000004,54.4,73.4,6.65,0.7728342749529189,0.7411444141689373
2042,8_SM_002043,F,151.2,66.5,36.45,103.6,93.5,95.4,26.040000000000003,34.9,42.8,61.0,4.570000000000005,0.7461318051575933,0.701639344262295
2588,8_SM_002589,M,171.4,67.4,37.739999999999995,91.0,81.4,94.5,33.2,39.5,45.3,71.2,4.990000000000009,0.8405063291139241,0.6362359550561797
64,8_SM_000065,F,164.8,65.0,35.8,92.6,84.0,97.6,31.229999999999997,36.13,46.5,65.7,5.659999999999991,0.864378632715195,0.7077625570776256
3941,8_SM_003942,M,175.9,95.5,43.339999999999996,107.8,99.2,106.6,31.299999999999994,43.17,46.6,73.4,6.860000000000014,0.7250405374102384,0.6348773841961852
2077,8_SM_002078,F,159.6,48.7,35.62,76.6,70.5,88.1,31.389999999999997,34.980000000000004,42.9,64.9,8.379999999999995,0.8973699256718123,0.6610169491525423
497,8_SM_000498,F,163.9,63.6,34.5,89.6,77.1,99.0,34.14,37.25,43.8,69.9,5.360000000000014,0.916510067114094,0.6266094420600857
382,8_SM_000383,F,159.4,62.3,33.13,94.0,84.7,97.0,32.33,36.96,42.8,67.0,5.929999999999995,0.8747294372294372,0.6388059701492537
4050,8_SM_004051,M,169.8,58.8,38.67,89.9,80.7,89.3,32.050000000000004,39.129999999999995,45.7,70.9,7.989999999999986,0.8190646562739589,0.6445698166431594
1090,8_SM_001091,F,156.9,45.7,34.989999999999995,75.0,65.6,85.8,32.510000000000005,36.89,39.8,67.4,7.3599999999999905,0.8812686364868529,0.5905044510385756
888,8_SM_000889,F,160.9,41.9,36.05,76.9,61.6,80.0,31.899999999999995,35.77,47.9,66.5,6.6099999999999905,0.8918087783058427,0.7203007518796992
340,8_SM_000341,F,157.5,60.5,32.83,94.4,80.4,97.2,30.910000000000004,35.290000000000006,44.1,65.0,4.929999999999995,0.8758855199773307,0.6784615384615384
1030,8_SM_001031,F,170.2,68.7,37.83,93.4,82.4,102.0,32.160000000000004,41.51,48.2,72.1,7.740000000000009,0.7747530715490245,0.6685159500693483
1290,8_SM_001291,F,155.1,57.8,36.12,90.8,77.4,97.0,28.440000000000005,34.260000000000005,44.3,61.5,6.8799999999999955,0.830122591943958,0.7203252032520324
3855,8_SM_003856,M,180.7,83.4,40.660000000000004,98.8,87.3,102.5,31.71999999999999,44.02,48.8,75.3,6.65,0.7205815538391638,0.648074369189907
3380,8_SM_003381,M,176.5,86.0,43.75,104.6,92.3,100.9,34.220000000000006,41.04,44.5,73.9,7.6400000000000095,0.8338206627680314,0.6021650879566982
1005,8_SM_001006,F,163.8,67.2,35.87,91.0,80.8,101.3,31.96999999999999,37.42,46.6,68.7,6.279999999999996,0.8543559593800104,0.6783114992721979
1996,8_SM_001997,F,164.4,46.5,36.79,76.7,66.8,83.6,33.67999999999999,37.17,43.8,68.8,9.580000000000018,0.9061070755986008,0.6366279069767442
4354,8_SM_004355,M,182.3,73.2,38.17,91.4,89.5,97.5,32.67999999999999,44.019999999999996,51.5,76.2,8.570000000000004,0.7423898228078145,0.6758530183727034
163,8_SM_000164,F,160.9,65.0,33.46,90.5,79.3,99.9,32.42,33.95,46.8,64.5,4.8799999999999955,0.9549337260677466,0.7255813953488371
1515,8_SM_001516,F,163.1,73.5,38.57,96.2,88.5,105.4,28.930000000000007,37.72,43.1,66.8,7.029999999999996,0.7669671261930012,0.6452095808383234
3900,8_SM_003901,M,164.8,85.2,37.730000000000004,105.8,101.3,102.9,25.830000000000002,35.239999999999995,46.6,61.4,4.670000000000004,0.7329738933030648,0.758957654723127
2635,8_SM_002636,M,181.8,75.0,39.480000000000004,95.0,77.2,97.7,36.809999999999995,43.92,48.3,79.0,8.679999999999996,0.8381147540983606,0.6113924050632911
3518,8_SM_003519,M,164.2,75.0,38.04,98.1,96.7,95.5,27.65,35.85,49.4,63.2,7.729999999999995,0.7712691771269177,0.7816455696202531
1035,8_SM_001036,F,161.4,56.3,34.64,79.6,72.8,95.2,34.84,36.83,42.9,68.0,5.960000000000013,0.9459679609014392,0.6308823529411764
3096,8_SM_003097,M,177.6,56.3,39.62,82.5,71.5,85.8,32.89,42.56,44.8,74.4,8.739999999999986,0.7727913533834586,0.6021505376344085
4000,8_SM_004001,M,175.5,65.8,39.89,85.6,81.7,92.3,34.6,39.03,43.5,72.7,9.690000000000008,0.8864975659748912,0.5983493810178817
1600,8_SM_001601,F,165.6,56.9,34.2,87.3,72.8,94.2,31.590000000000003,41.2,41.6,70.5,6.090000000000009,0.766747572815534,0.5900709219858157
1970,8_SM_001971,F,157.3,57.6,35.17,99.6,85.7,86.8,29.96,35.11,44.5,64.1,5.7,0.8533181429792083,0.6942277691107644
3186,8_SM_003187,M,171.8,60.6,41.160000000000004,88.8,77.4,90.9,29.120000000000005,41.8,46.2,71.3,8.389999999999986,0.6966507177033494,0.6479663394109397
34,8_SM_000035,F,159.7,50.9,34.62,78.9,65.5,93.6,31.3,34.64,44.6,63.8,4.510000000000014,0.9035796766743649,0.6990595611285267
4071,8_SM_004072,M,169.1,74.7,39.58,100.4,93.2,98.7,30.53000000000001,37.37,48.0,67.2,7.5,0.8169654803318173,0.7142857142857143
785,8_SM_000786,F,162.0,59.7,34.25,86.0,71.4,97.5,32.06,37.010000000000005,43.7,68.1,5.979999999999995,0.8662523642258848,0.6417033773861969
2576,8_SM_002577,M,173.4,76.9,38.25,96.4,89.4,101.5,28.85,38.94,45.3,69.2,5.9,0.7408834103749359,0.6546242774566473
1493,8_SM_001494,F,153.6,42.7,34.12,74.8,59.8,84.2,28.429999999999996,32.540000000000006,43.2,60.9,6.920000000000004,0.873693915181315,0.7093596059113301
1378,8_SM_001379,F,165.0,61.0,39.88,88.1,72.8,98.8,31.649999999999995,36.39,46.4,67.7,7.6200000000000045,0.8697444352844187,0.6853766617429837
2634,8_SM_002635,M,183.1,89.8,41.160000000000004,106.4,87.4,104.6,35.339999999999996,43.55,50.7,76.5,7.529999999999996,0.8114810562571756,0.6627450980392158
2846,8_SM_002847,M,179.9,87.3,41.46,101.5,96.7,104.4,30.689999999999998,41.4,51.0,73.1,8.520000000000005,0.7413043478260869,0.6976744186046512
2056,8_SM_002057,F,156.8,47.9,35.089999999999996,75.5,68.0,90.9,29.770000000000003,35.12,42.7,64.2,7.040000000000009,0.8476651480637815,0.6651090342679128
243,8_SM_000244,F,166.3,62.0,34.8,87.4,74.8,95.0,33.61,38.64,46.1,70.9,5.470000000000004,0.869824016563147,0.6502115655853314
2076,8_SM_002077,F,156.5,81.9,34.5,105.0,107.3,107.6,28.51,35.53,45.6,63.4,5.479999999999995,0.8024204897269913,0.719242902208202
2378,8_SM_002379,F,154.6,57.5,37.38,90.4,83.6,95.5,28.200000000000006,36.67,41.6,64.0,6.1,0.7690209980910828,0.65
606,8_SM_000607,F,164.4,53.6,29.939999999999998,82.0,65.5,94.4,32.01,36.46,48.3,66.5,6.590000000000009,0.8779484366428962,0.7263157894736841
2450,8_SM_002451,F,157.0,50.4,33.96,81.4,76.3,90.0,30.659999999999997,38.82000000000001,40.6,68.0,6.309999999999991,0.7897990726429673,0.5970588235294118
2910,8_SM_002911,M,173.2,85.8,42.15,102.3,96.5,102.0,30.380000000000003,40.92999999999999,46.9,72.0,8.020000000000005,0.7422428536525778,0.6513888888888889
653,8_SM_000654,F,156.6,46.7,31.22,75.5,64.7,86.9,32.39,33.64,43.3,63.0,5.279999999999996,0.9628418549346016,0.6873015873015873
3947,8_SM_003948,M,179.4,75.7,41.239999999999995,91.8,82.9,100.3,31.7,41.12,48.1,72.9,6.429999999999995,0.7709143968871596,0.6598079561042524
3613,8_SM_003614,M,184.2,92.9,42.38,103.5,90.4,107.6,27.71,42.86,53.9,72.0,8.75,0.6465235650956603,0.7486111111111111
3239,8_SM_003240,M,183.0,82.7,43.760000000000005,97.6,85.7,100.1,32.47,41.010000000000005,49.9,72.2,8.25,0.7917581077785905,0.6911357340720221
1543,8_SM_001544,F,163.2,60.8,35.67,89.0,77.2,97.5,30.180000000000007,35.769999999999996,44.9,66.4,6.810000000000014,0.8437237908862177,0.6762048192771084
1282,8_SM_001283,F,162.5,63.9,35.11,90.4,72.2,99.3,30.55,38.2,43.7,68.6,5.029999999999996,0.7997382198952879,0.6370262390670555
1914,8_SM_001915,F,151.7,56.8,34.769999999999996,87.4,84.3,98.2,29.939999999999998,34.480000000000004,40.1,61.6,7.279999999999996,0.8683294663573085,0.650974025974026
3028,8_SM_003029,M,178.6,76.5,39.480000000000004,97.0,83.7,96.9,32.28,41.64,45.9,73.4,5.709999999999991,0.7752161383285303,0.6253405994550408
2756,8_SM_002757,M,168.4,74.4,38.589999999999996,97.5,87.8,98.9,31.76,39.56,44.8,69.9,7.340000000000009,0.8028311425682507,0.6409155937052932
191,8_SM_000192,F,170.3,69.7,35.730000000000004,95.9,84.1,101.9,32.10000000000001,39.879999999999995,45.7,71.7,7.290000000000009,0.8049147442326984,0.6373779637377964
1821,8_SM_001822,F,161.8,56.4,35.6,90.3,78.4,92.6,31.29,38.45,45.5,69.1,7.579999999999996,0.8137841352405721,0.6584659913169321
985,8_SM_000986,F,159.1,58.8,35.910000000000004,83.8,74.5,99.3,33.00000000000001,36.98,40.8,67.2,6.489999999999986,0.8923742563547866,0.6071428571428571
2769,8_SM_002770,M,171.8,71.3,37.79,100.4,87.3,96.2,29.360000000000003,40.67,48.7,71.0,7.85,0.7219080403245636,0.6859154929577466
2062,8_SM_002063,F,158.4,58.4,36.69,88.6,81.0,95.7,28.150000000000006,36.14,43.7,64.7,7.8,0.7789153292750417,0.6754250386398764
2578,8_SM_002579,M,175.2,69.6,38.35,91.6,86.5,96.5,31.859999999999996,37.56,47.4,68.5,6.429999999999995,0.8482428115015973,0.691970802919708
1096,8_SM_001097,F,161.6,53.8,38.4,79.5,74.4,91.7,30.389999999999997,39.67,43.2,67.9,8.159999999999991,0.7660700781446936,0.6362297496318114
479,8_SM_000480,F,160.1,56.9,34.05,83.0,69.0,102.0,31.2,34.989999999999995,44.6,65.5,6.209999999999991,0.8916833380965992,0.6809160305343511
2926,8_SM_002927,M,176.4,114.1,40.21,119.4,113.9,117.6,30.46,40.9,53.5,72.2,5.65,0.7447432762836186,0.7409972299168974
4174,8_SM_004175,M,166.1,69.9,38.06,97.7,92.5,91.0,26.050000000000004,37.29,47.1,63.3,7.419999999999982,0.6985787074282651,0.7440758293838863
3423,8_SM_003424,M,170.9,62.6,40.9,89.2,76.8,93.5,28.379999999999995,38.53,45.3,67.7,9.259999999999991,0.7365689073449259,0.6691285081240768
1199,8_SM_001200,F,164.7,52.9,37.37,84.6,71.5,85.9,34.61,37.38,46.6,69.6,10.179999999999996,0.9258962011770999,0.6695402298850576
2448,8_SM_002449,F,156.4,50.7,34.589999999999996,82.7,77.2,89.3,29.330000000000005,36.209999999999994,41.8,63.7,7.270000000000005,0.8099972383319528,0.6562009419152276
2406,8_SM_002407,F,155.1,67.5,36.019999999999996,102.8,97.5,98.6,27.079999999999995,36.05,43.7,62.5,5.1,0.7511789181692093,0.6992
779,8_SM_000780,F,167.0,59.8,34.63,86.8,77.4,95.0,32.38000000000001,38.239999999999995,43.7,69.3,6.3799999999999955,0.8467573221757326,0.6305916305916307
1700,8_SM_001701,F,169.7,65.5,35.15,94.5,85.4,96.5,32.5,40.989999999999995,46.7,72.4,5.6299999999999955,0.792876311295438,0.6450276243093922
130,8_SM_000131,F,163.7,61.0,35.46,87.5,75.9,102.5,29.509999999999998,36.2,46.5,65.9,4.309999999999991,0.8151933701657458,0.7056145675265554
2941,8_SM_002942,M,182.2,75.1,41.56,95.1,85.5,96.8,29.859999999999996,41.57000000000001,49.9,72.9,8.239999999999986,0.7183064710127494,0.6844993141289437
3205,8_SM_003206,M,169.4,80.0,42.07,100.8,92.0,100.7,28.98,38.760000000000005,46.5,68.1,7.819999999999982,0.7476780185758513,0.682819383259912
3501,8_SM_003502,M,181.7,82.1,43.5,100.2,92.7,101.5,31.479999999999997,43.06,46.3,74.2,10.54000000000001,0.7310729215048768,0.6239892183288409
4486,8_SM_004487,M,165.5,59.7,38.519999999999996,90.2,75.9,91.6,32.61,38.410000000000004,42.4,70.1,7.189999999999986,0.8489976568601926,0.6048502139800286
471,8_SM_000472,F,162.2,60.3,32.67,88.6,75.3,95.0,30.339999999999996,37.120000000000005,46.8,66.5,7.0,0.8173491379310343,0.7037593984962406
3126,8_SM_003127,M,182.3,84.3,39.55,97.9,83.8,101.9,34.589999999999996,42.910000000000004,49.1,78.7,7.529999999999996,0.8061058028431599,0.6238881829733164
3829,8_SM_003830,M,172.2,86.0,41.18,106.5,90.2,102.7,30.96,38.42,45.9,69.3,6.3700000000000045,0.805830296720458,0.6623376623376623
870,8_SM_000871,F,155.6,46.4,34.760000000000005,80.6,70.1,85.0,30.54,35.15,42.5,65.0,6.020000000000005,0.8688477951635847,0.6538461538461539
